0.5821359753608704,-0.2755739092826843,9.768681526184082,20210606_depth_0.npy,20210606_realsense_f_0.jpg,20210606_realsense_l_0.jpg,20210606_realsense_b_0.jpg,20210606_realsense_r_0.jpg
-1.8082104921340942,-0.6036701798439026,9.616400718688965,20210606_depth_1.npy,20210606_realsense_f_1.jpg,20210606_realsense_l_1.jpg,20210606_realsense_b_1.jpg,20210606_realsense_r_1.jpg
-0.7167012691497803,-0.5156480073928833,9.777366638183594,20210606_depth_2.npy,20210606_realsense_f_2.jpg,20210606_realsense_l_2.jpg,20210606_realsense_b_2.jpg,20210606_realsense_r_2.jpg
2.9002978801727295,-0.4654548466205597,9.340799331665039,20210606_depth_3.npy,20210606_realsense_f_3.jpg,20210606_realsense_l_3.jpg,20210606_realsense_b_3.jpg,20210606_realsense_r_3.jpg
1.160546064376831,4.4538397789001465,8.650678634643555,20210606_depth_4.npy,20210606_realsense_f_4.jpg,20210606_realsense_l_4.jpg,20210606_realsense_b_4.jpg,20210606_realsense_r_4.jpg
0.7333654761314392,-0.39045199751853943,9.825536727905273,20210606_depth_5.npy,20210606_realsense_f_5.jpg,20210606_realsense_l_5.jpg,20210606_realsense_b_5.jpg,20210606_realsense_r_5.jpg
1.1325019598007202,-1.3608193397521973,9.629253387451172,20210606_depth_6.npy,20210606_realsense_f_6.jpg,20210606_realsense_l_6.jpg,20210606_realsense_b_6.jpg,20210606_realsense_r_6.jpg
1.1220070123672485,-0.58243328332901,9.772192001342773,20210606_depth_7.npy,20210606_realsense_f_7.jpg,20210606_realsense_l_7.jpg,20210606_realsense_b_7.jpg,20210606_realsense_r_7.jpg
-2.3107428550720215,-0.019426263868808746,9.56094741821289,20210606_depth_8.npy,20210606_realsense_f_8.jpg,20210606_realsense_l_8.jpg,20210606_realsense_b_8.jpg,20210606_realsense_r_8.jpg
2.862398862838745,-0.13451428711414337,9.360536575317383,20210606_depth_9.npy,20210606_realsense_f_9.jpg,20210606_realsense_l_9.jpg,20210606_realsense_b_9.jpg,20210606_realsense_r_9.jpg
-2.3085641860961914,-1.5595916509628296,9.41726303100586,20210606_depth_10.npy,20210606_realsense_f_10.jpg,20210606_realsense_l_10.jpg,20210606_realsense_b_10.jpg,20210606_realsense_r_10.jpg
-1.295824408531189,-2.6666815280914307,9.321465492248535,20210606_depth_11.npy,20210606_realsense_f_11.jpg,20210606_realsense_l_11.jpg,20210606_realsense_b_11.jpg,20210606_realsense_r_11.jpg
-1.1986740827560425,-0.8295507431030273,9.76335334777832,20210606_depth_12.npy,20210606_realsense_f_12.jpg,20210606_realsense_l_12.jpg,20210606_realsense_b_12.jpg,20210606_realsense_r_12.jpg
2.744492769241333,-0.5092450976371765,9.391730308532715,20210606_depth_13.npy,20210606_realsense_f_13.jpg,20210606_realsense_l_13.jpg,20210606_realsense_b_13.jpg,20210606_realsense_r_13.jpg
1.3749327659606934,2.4214017391204834,9.430566787719727,20210606_depth_14.npy,20210606_realsense_f_14.jpg,20210606_realsense_l_14.jpg,20210606_realsense_b_14.jpg,20210606_realsense_r_14.jpg
1.4208722114562988,-3.351443290710449,8.989137649536133,20210606_depth_15.npy,20210606_realsense_f_15.jpg,20210606_realsense_l_15.jpg,20210606_realsense_b_15.jpg,20210606_realsense_r_15.jpg
1.2215067148208618,0.0660841315984726,9.806869506835938,20210606_depth_16.npy,20210606_realsense_f_16.jpg,20210606_realsense_l_16.jpg,20210606_realsense_b_16.jpg,20210606_realsense_r_16.jpg
2.4855575561523438,0.15519732236862183,9.423674583435059,20210606_depth_17.npy,20210606_realsense_f_17.jpg,20210606_realsense_l_17.jpg,20210606_realsense_b_17.jpg,20210606_realsense_r_17.jpg
-1.3985753059387207,0.16881917417049408,9.692909240722656,20210606_depth_18.npy,20210606_realsense_f_18.jpg,20210606_realsense_l_18.jpg,20210606_realsense_b_18.jpg,20210606_realsense_r_18.jpg
1.141783356666565,-0.31049489974975586,9.713752746582031,20210606_depth_19.npy,20210606_realsense_f_19.jpg,20210606_realsense_l_19.jpg,20210606_realsense_b_19.jpg,20210606_realsense_r_19.jpg
5.032025337219238,-0.056699540466070175,8.570996284484863,20210606_depth_20.npy,20210606_realsense_f_20.jpg,20210606_realsense_l_20.jpg,20210606_realsense_b_20.jpg,20210606_realsense_r_20.jpg
1.506124496459961,4.672863006591797,8.598957061767578,20210606_depth_21.npy,20210606_realsense_f_21.jpg,20210606_realsense_l_21.jpg,20210606_realsense_b_21.jpg,20210606_realsense_r_21.jpg
1.488000750541687,0.08094412833452225,9.636621475219727,20210606_depth_22.npy,20210606_realsense_f_22.jpg,20210606_realsense_l_22.jpg,20210606_realsense_b_22.jpg,20210606_realsense_r_22.jpg
2.582761764526367,-3.983855962753296,8.585919380187988,20210606_depth_23.npy,20210606_realsense_f_23.jpg,20210606_realsense_l_23.jpg,20210606_realsense_b_23.jpg,20210606_realsense_r_23.jpg
2.7007060050964355,-3.5565450191497803,8.697859764099121,20210606_depth_24.npy,20210606_realsense_f_24.jpg,20210606_realsense_l_24.jpg,20210606_realsense_b_24.jpg,20210606_realsense_r_24.jpg
1.3798933029174805,0.015970123931765556,9.707758903503418,20210606_depth_25.npy,20210606_realsense_f_25.jpg,20210606_realsense_l_25.jpg,20210606_realsense_b_25.jpg,20210606_realsense_r_25.jpg
2.0495235919952393,-0.44462186098098755,9.5543851852417,20210606_depth_26.npy,20210606_realsense_f_26.jpg,20210606_realsense_l_26.jpg,20210606_realsense_b_26.jpg,20210606_realsense_r_26.jpg
2.9879310131073,-0.25006014108657837,9.37337875366211,20210606_depth_27.npy,20210606_realsense_f_27.jpg,20210606_realsense_l_27.jpg,20210606_realsense_b_27.jpg,20210606_realsense_r_27.jpg
-1.4580554962158203,-0.3030087947845459,9.524014472961426,20210606_depth_28.npy,20210606_realsense_f_28.jpg,20210606_realsense_l_28.jpg,20210606_realsense_b_28.jpg,20210606_realsense_r_28.jpg
2.0053911209106445,-0.6046686172485352,9.668350219726562,20210606_depth_29.npy,20210606_realsense_f_29.jpg,20210606_realsense_l_29.jpg,20210606_realsense_b_29.jpg,20210606_realsense_r_29.jpg
1.9673222303390503,3.813037633895874,8.773611068725586,20210606_depth_30.npy,20210606_realsense_f_30.jpg,20210606_realsense_l_30.jpg,20210606_realsense_b_30.jpg,20210606_realsense_r_30.jpg
4.929826259613037,-0.3039889335632324,8.351622581481934,20210606_depth_31.npy,20210606_realsense_f_31.jpg,20210606_realsense_l_31.jpg,20210606_realsense_b_31.jpg,20210606_realsense_r_31.jpg
3.7439844608306885,-3.8841676712036133,8.169353485107422,20210606_depth_32.npy,20210606_realsense_f_32.jpg,20210606_realsense_l_32.jpg,20210606_realsense_b_32.jpg,20210606_realsense_r_32.jpg
2.0240845680236816,-0.13897891342639923,9.580382347106934,20210606_depth_33.npy,20210606_realsense_f_33.jpg,20210606_realsense_l_33.jpg,20210606_realsense_b_33.jpg,20210606_realsense_r_33.jpg
3.333226203918457,-0.04448169469833374,9.3130464553833,20210606_depth_34.npy,20210606_realsense_f_34.jpg,20210606_realsense_l_34.jpg,20210606_realsense_b_34.jpg,20210606_realsense_r_34.jpg
-1.5085557699203491,-0.44496357440948486,9.660512924194336,20210606_depth_35.npy,20210606_realsense_f_35.jpg,20210606_realsense_l_35.jpg,20210606_realsense_b_35.jpg,20210606_realsense_r_35.jpg
3.9734721183776855,-0.24788761138916016,9.018115043640137,20210606_depth_36.npy,20210606_realsense_f_36.jpg,20210606_realsense_l_36.jpg,20210606_realsense_b_36.jpg,20210606_realsense_r_36.jpg
4.66313362121582,-0.08980348706245422,8.591115951538086,20210606_depth_37.npy,20210606_realsense_f_37.jpg,20210606_realsense_l_37.jpg,20210606_realsense_b_37.jpg,20210606_realsense_r_37.jpg
1.7946534156799316,3.728121519088745,8.887155532836914,20210606_depth_38.npy,20210606_realsense_f_38.jpg,20210606_realsense_l_38.jpg,20210606_realsense_b_38.jpg,20210606_realsense_r_38.jpg
2.210279703140259,-2.4788076877593994,9.11745834350586,20210606_depth_39.npy,20210606_realsense_f_39.jpg,20210606_realsense_l_39.jpg,20210606_realsense_b_39.jpg,20210606_realsense_r_39.jpg
2.025019407272339,0.5173233151435852,9.667461395263672,20210606_depth_40.npy,20210606_realsense_f_40.jpg,20210606_realsense_l_40.jpg,20210606_realsense_b_40.jpg,20210606_realsense_r_40.jpg
1.1288551092147827,0.006308968178927898,9.727766036987305,20210606_depth_41.npy,20210606_realsense_f_41.jpg,20210606_realsense_l_41.jpg,20210606_realsense_b_41.jpg,20210606_realsense_r_41.jpg
1.9856770038604736,0.3052196502685547,9.665545463562012,20210606_depth_42.npy,20210606_realsense_f_42.jpg,20210606_realsense_l_42.jpg,20210606_realsense_b_42.jpg,20210606_realsense_r_42.jpg
2.621385097503662,-3.653655529022217,8.59570598602295,20210606_depth_43.npy,20210606_realsense_f_43.jpg,20210606_realsense_l_43.jpg,20210606_realsense_b_43.jpg,20210606_realsense_r_43.jpg
2.5708320140838623,3.4886207580566406,8.78354549407959,20210606_depth_44.npy,20210606_realsense_f_44.jpg,20210606_realsense_l_44.jpg,20210606_realsense_b_44.jpg,20210606_realsense_r_44.jpg
2.815511703491211,0.2724221646785736,9.305154800415039,20210606_depth_45.npy,20210606_realsense_f_45.jpg,20210606_realsense_l_45.jpg,20210606_realsense_b_45.jpg,20210606_realsense_r_45.jpg
-1.5480494499206543,-0.15801240503787994,9.706133842468262,20210606_depth_46.npy,20210606_realsense_f_46.jpg,20210606_realsense_l_46.jpg,20210606_realsense_b_46.jpg,20210606_realsense_r_46.jpg
1.9772337675094604,0.012712630443274975,9.621135711669922,20210606_depth_47.npy,20210606_realsense_f_47.jpg,20210606_realsense_l_47.jpg,20210606_realsense_b_47.jpg,20210606_realsense_r_47.jpg
2.1883697509765625,-1.0276777744293213,9.414694786071777,20210606_depth_48.npy,20210606_realsense_f_48.jpg,20210606_realsense_l_48.jpg,20210606_realsense_b_48.jpg,20210606_realsense_r_48.jpg
1.271674633026123,-0.34289735555648804,9.621726989746094,20210606_depth_49.npy,20210606_realsense_f_49.jpg,20210606_realsense_l_49.jpg,20210606_realsense_b_49.jpg,20210606_realsense_r_49.jpg
-2.7965927124023438,0.15732361376285553,9.51858901977539,20210606_depth_50.npy,20210606_realsense_f_50.jpg,20210606_realsense_l_50.jpg,20210606_realsense_b_50.jpg,20210606_realsense_r_50.jpg
0.9112182259559631,5.393974304199219,8.426819801330566,20210606_depth_51.npy,20210606_realsense_f_51.jpg,20210606_realsense_l_51.jpg,20210606_realsense_b_51.jpg,20210606_realsense_r_51.jpg
4.869495868682861,-0.0881851464509964,8.449270248413086,20210606_depth_52.npy,20210606_realsense_f_52.jpg,20210606_realsense_l_52.jpg,20210606_realsense_b_52.jpg,20210606_realsense_r_52.jpg
2.6147701740264893,-4.028553009033203,8.514161109924316,20210606_depth_53.npy,20210606_realsense_f_53.jpg,20210606_realsense_l_53.jpg,20210606_realsense_b_53.jpg,20210606_realsense_r_53.jpg
1.844866394996643,0.1371488869190216,9.651012420654297,20210606_depth_54.npy,20210606_realsense_f_54.jpg,20210606_realsense_l_54.jpg,20210606_realsense_b_54.jpg,20210606_realsense_r_54.jpg
-1.296299934387207,1.1075068712234497,9.667778015136719,20210606_depth_55.npy,20210606_realsense_f_55.jpg,20210606_realsense_l_55.jpg,20210606_realsense_b_55.jpg,20210606_realsense_r_55.jpg
5.20706844329834,1.0111451148986816,8.333733558654785,20210606_depth_56.npy,20210606_realsense_f_56.jpg,20210606_realsense_l_56.jpg,20210606_realsense_b_56.jpg,20210606_realsense_r_56.jpg
2.343395233154297,-2.5595247745513916,9.193251609802246,20210606_depth_57.npy,20210606_realsense_f_57.jpg,20210606_realsense_l_57.jpg,20210606_realsense_b_57.jpg,20210606_realsense_r_57.jpg
2.9093551635742188,0.6491405963897705,9.29947280883789,20210606_depth_58.npy,20210606_realsense_f_58.jpg,20210606_realsense_l_58.jpg,20210606_realsense_b_58.jpg,20210606_realsense_r_58.jpg
2.671922445297241,4.919179439544678,8.175223350524902,20210606_depth_59.npy,20210606_realsense_f_59.jpg,20210606_realsense_l_59.jpg,20210606_realsense_b_59.jpg,20210606_realsense_r_59.jpg
1.958128571510315,0.7943133115768433,9.501582145690918,20210606_depth_60.npy,20210606_realsense_f_60.jpg,20210606_realsense_l_60.jpg,20210606_realsense_b_60.jpg,20210606_realsense_r_60.jpg
2.1224234104156494,0.5621210932731628,9.68590259552002,20210606_depth_61.npy,20210606_realsense_f_61.jpg,20210606_realsense_l_61.jpg,20210606_realsense_b_61.jpg,20210606_realsense_r_61.jpg
-1.2691863775253296,1.0972200632095337,9.643233299255371,20210606_depth_62.npy,20210606_realsense_f_62.jpg,20210606_realsense_l_62.jpg,20210606_realsense_b_62.jpg,20210606_realsense_r_62.jpg
-0.4511847198009491,0.6390305161476135,9.777726173400879,20210606_depth_63.npy,20210606_realsense_f_63.jpg,20210606_realsense_l_63.jpg,20210606_realsense_b_63.jpg,20210606_realsense_r_63.jpg
4.45698881149292,0.3926306962966919,8.785558700561523,20210606_depth_64.npy,20210606_realsense_f_64.jpg,20210606_realsense_l_64.jpg,20210606_realsense_b_64.jpg,20210606_realsense_r_64.jpg
2.2811028957366943,3.348785161972046,9.027454376220703,20210606_depth_65.npy,20210606_realsense_f_65.jpg,20210606_realsense_l_65.jpg,20210606_realsense_b_65.jpg,20210606_realsense_r_65.jpg
1.7636332511901855,-3.684514284133911,8.8100004196167,20210606_depth_66.npy,20210606_realsense_f_66.jpg,20210606_realsense_l_66.jpg,20210606_realsense_b_66.jpg,20210606_realsense_r_66.jpg
2.5152323246002197,0.6901729106903076,9.5286865234375,20210606_depth_67.npy,20210606_realsense_f_67.jpg,20210606_realsense_l_67.jpg,20210606_realsense_b_67.jpg,20210606_realsense_r_67.jpg
3.231976270675659,0.12481094896793365,9.29245662689209,20210606_depth_68.npy,20210606_realsense_f_68.jpg,20210606_realsense_l_68.jpg,20210606_realsense_b_68.jpg,20210606_realsense_r_68.jpg
0.9848222136497498,-0.8375159502029419,9.724355697631836,20210606_depth_69.npy,20210606_realsense_f_69.jpg,20210606_realsense_l_69.jpg,20210606_realsense_b_69.jpg,20210606_realsense_r_69.jpg
-1.7912808656692505,-0.06119948625564575,9.611017227172852,20210606_depth_70.npy,20210606_realsense_f_70.jpg,20210606_realsense_l_70.jpg,20210606_realsense_b_70.jpg,20210606_realsense_r_70.jpg
4.373463153839111,-1.2999743223190308,8.81482982635498,20210606_depth_71.npy,20210606_realsense_f_71.jpg,20210606_realsense_l_71.jpg,20210606_realsense_b_71.jpg,20210606_realsense_r_71.jpg
1.940049171447754,1.5289971828460693,9.406143188476562,20210606_depth_72.npy,20210606_realsense_f_72.jpg,20210606_realsense_l_72.jpg,20210606_realsense_b_72.jpg,20210606_realsense_r_72.jpg
1.5700976848602295,-4.782423973083496,8.553667068481445,20210606_depth_73.npy,20210606_realsense_f_73.jpg,20210606_realsense_l_73.jpg,20210606_realsense_b_73.jpg,20210606_realsense_r_73.jpg
2.184419870376587,-0.6857336759567261,9.487068176269531,20210606_depth_74.npy,20210606_realsense_f_74.jpg,20210606_realsense_l_74.jpg,20210606_realsense_b_74.jpg,20210606_realsense_r_74.jpg
3.058716297149658,-0.44654250144958496,9.344880104064941,20210606_depth_75.npy,20210606_realsense_f_75.jpg,20210606_realsense_l_75.jpg,20210606_realsense_b_75.jpg,20210606_realsense_r_75.jpg
-1.3091899156570435,0.4408271610736847,9.68375015258789,20210606_depth_76.npy,20210606_realsense_f_76.jpg,20210606_realsense_l_76.jpg,20210606_realsense_b_76.jpg,20210606_realsense_r_76.jpg
2.0693118572235107,3.9973883628845215,8.753901481628418,20210606_depth_77.npy,20210606_realsense_f_77.jpg,20210606_realsense_l_77.jpg,20210606_realsense_b_77.jpg,20210606_realsense_r_77.jpg
4.905236721038818,0.014702306129038334,8.610801696777344,20210606_depth_78.npy,20210606_realsense_f_78.jpg,20210606_realsense_l_78.jpg,20210606_realsense_b_78.jpg,20210606_realsense_r_78.jpg
2.237996816635132,-2.926593542098999,9.012227058410645,20210606_depth_79.npy,20210606_realsense_f_79.jpg,20210606_realsense_l_79.jpg,20210606_realsense_b_79.jpg,20210606_realsense_r_79.jpg
3.2586593627929688,-0.5182848572731018,9.546051025390625,20210606_depth_80.npy,20210606_realsense_f_80.jpg,20210606_realsense_l_80.jpg,20210606_realsense_b_80.jpg,20210606_realsense_r_80.jpg
3.011525869369507,3.9777326583862305,8.217763900756836,20210606_depth_81.npy,20210606_realsense_f_81.jpg,20210606_realsense_l_81.jpg,20210606_realsense_b_81.jpg,20210606_realsense_r_81.jpg
0.08902465552091599,1.0595983266830444,9.739765167236328,20210606_depth_82.npy,20210606_realsense_f_82.jpg,20210606_realsense_l_82.jpg,20210606_realsense_b_82.jpg,20210606_realsense_r_82.jpg
2.0616958141326904,-3.151027202606201,9.18973445892334,20210606_depth_83.npy,20210606_realsense_f_83.jpg,20210606_realsense_l_83.jpg,20210606_realsense_b_83.jpg,20210606_realsense_r_83.jpg
5.116237163543701,-0.06428811699151993,8.328875541687012,20210606_depth_84.npy,20210606_realsense_f_84.jpg,20210606_realsense_l_84.jpg,20210606_realsense_b_84.jpg,20210606_realsense_r_84.jpg
1.7170164585113525,0.35033634305000305,9.481688499450684,20210606_depth_85.npy,20210606_realsense_f_85.jpg,20210606_realsense_l_85.jpg,20210606_realsense_b_85.jpg,20210606_realsense_r_85.jpg
2.680023193359375,-0.4104527235031128,9.543496131896973,20210606_depth_86.npy,20210606_realsense_f_86.jpg,20210606_realsense_l_86.jpg,20210606_realsense_b_86.jpg,20210606_realsense_r_86.jpg
-0.2827511727809906,-1.0993794202804565,9.677427291870117,20210606_depth_87.npy,20210606_realsense_f_87.jpg,20210606_realsense_l_87.jpg,20210606_realsense_b_87.jpg,20210606_realsense_r_87.jpg
0.6660504341125488,-0.3950216770172119,9.756192207336426,20210606_depth_88.npy,20210606_realsense_f_88.jpg,20210606_realsense_l_88.jpg,20210606_realsense_b_88.jpg,20210606_realsense_r_88.jpg
-0.3643142879009247,-1.9571013450622559,9.642430305480957,20210606_depth_89.npy,20210606_realsense_f_89.jpg,20210606_realsense_l_89.jpg,20210606_realsense_b_89.jpg,20210606_realsense_r_89.jpg
-0.39081013202667236,-1.1566756963729858,9.709120750427246,20210606_depth_90.npy,20210606_realsense_f_90.jpg,20210606_realsense_l_90.jpg,20210606_realsense_b_90.jpg,20210606_realsense_r_90.jpg
1.424236536026001,-0.6740175485610962,9.720222473144531,20210606_depth_91.npy,20210606_realsense_f_91.jpg,20210606_realsense_l_91.jpg,20210606_realsense_b_91.jpg,20210606_realsense_r_91.jpg
2.4834420680999756,0.3654152452945709,9.425995826721191,20210606_depth_92.npy,20210606_realsense_f_92.jpg,20210606_realsense_l_92.jpg,20210606_realsense_b_92.jpg,20210606_realsense_r_92.jpg
3.0829477310180664,4.071112632751465,8.345990180969238,20210606_depth_93.npy,20210606_realsense_f_93.jpg,20210606_realsense_l_93.jpg,20210606_realsense_b_93.jpg,20210606_realsense_r_93.jpg
3.0604987144470215,-4.25394344329834,8.357000350952148,20210606_depth_94.npy,20210606_realsense_f_94.jpg,20210606_realsense_l_94.jpg,20210606_realsense_b_94.jpg,20210606_realsense_r_94.jpg
3.121803045272827,0.07274696975946426,9.322312355041504,20210606_depth_95.npy,20210606_realsense_f_95.jpg,20210606_realsense_l_95.jpg,20210606_realsense_b_95.jpg,20210606_realsense_r_95.jpg
2.3520328998565674,-0.07022648304700851,9.447585105895996,20210606_depth_96.npy,20210606_realsense_f_96.jpg,20210606_realsense_l_96.jpg,20210606_realsense_b_96.jpg,20210606_realsense_r_96.jpg
3.073511838912964,3.6307528018951416,8.501787185668945,20210606_depth_97.npy,20210606_realsense_f_97.jpg,20210606_realsense_l_97.jpg,20210606_realsense_b_97.jpg,20210606_realsense_r_97.jpg
-0.7612335681915283,0.43867725133895874,9.768980979919434,20210606_depth_98.npy,20210606_realsense_f_98.jpg,20210606_realsense_l_98.jpg,20210606_realsense_b_98.jpg,20210606_realsense_r_98.jpg
1.8786672353744507,-4.667048931121826,8.64741325378418,20210606_depth_99.npy,20210606_realsense_f_99.jpg,20210606_realsense_l_99.jpg,20210606_realsense_b_99.jpg,20210606_realsense_r_99.jpg
4.758820056915283,-0.5330292582511902,8.646367073059082,20210606_depth_100.npy,20210606_realsense_f_100.jpg,20210606_realsense_l_100.jpg,20210606_realsense_b_100.jpg,20210606_realsense_r_100.jpg
1.8202686309814453,-0.5233006477355957,9.465118408203125,20210606_depth_101.npy,20210606_realsense_f_101.jpg,20210606_realsense_l_101.jpg,20210606_realsense_b_101.jpg,20210606_realsense_r_101.jpg
2.886085033416748,0.7878620028495789,9.215216636657715,20210606_depth_102.npy,20210606_realsense_f_102.jpg,20210606_realsense_l_102.jpg,20210606_realsense_b_102.jpg,20210606_realsense_r_102.jpg
-1.6268534660339355,1.0073093175888062,9.559805870056152,20210606_depth_103.npy,20210606_realsense_f_103.jpg,20210606_realsense_l_103.jpg,20210606_realsense_b_103.jpg,20210606_realsense_r_103.jpg
1.5165959596633911,0.6984043717384338,9.667222023010254,20210606_depth_104.npy,20210606_realsense_f_104.jpg,20210606_realsense_l_104.jpg,20210606_realsense_b_104.jpg,20210606_realsense_r_104.jpg
2.4062387943267822,4.940159797668457,8.1438627243042,20210606_depth_105.npy,20210606_realsense_f_105.jpg,20210606_realsense_l_105.jpg,20210606_realsense_b_105.jpg,20210606_realsense_r_105.jpg
5.390561103820801,0.3807276487350464,8.284578323364258,20210606_depth_106.npy,20210606_realsense_f_106.jpg,20210606_realsense_l_106.jpg,20210606_realsense_b_106.jpg,20210606_realsense_r_106.jpg
1.3589469194412231,-2.7053537368774414,9.11532211303711,20210606_depth_107.npy,20210606_realsense_f_107.jpg,20210606_realsense_l_107.jpg,20210606_realsense_b_107.jpg,20210606_realsense_r_107.jpg
2.6204512119293213,0.19624513387680054,9.51117992401123,20210606_depth_108.npy,20210606_realsense_f_108.jpg,20210606_realsense_l_108.jpg,20210606_realsense_b_108.jpg,20210606_realsense_r_108.jpg
2.2677366733551025,-0.42804503440856934,9.479473114013672,20210606_depth_109.npy,20210606_realsense_f_109.jpg,20210606_realsense_l_109.jpg,20210606_realsense_b_109.jpg,20210606_realsense_r_109.jpg
-0.4408910274505615,0.40260446071624756,9.787588119506836,20210606_depth_110.npy,20210606_realsense_f_110.jpg,20210606_realsense_l_110.jpg,20210606_realsense_b_110.jpg,20210606_realsense_r_110.jpg
2.7434773445129395,2.1563079357147217,9.105796813964844,20210606_depth_111.npy,20210606_realsense_f_111.jpg,20210606_realsense_l_111.jpg,20210606_realsense_b_111.jpg,20210606_realsense_r_111.jpg
3.6996536254882812,-0.28558313846588135,9.27438735961914,20210606_depth_112.npy,20210606_realsense_f_112.jpg,20210606_realsense_l_112.jpg,20210606_realsense_b_112.jpg,20210606_realsense_r_112.jpg
1.7798051834106445,-3.3633627891540527,9.000361442565918,20210606_depth_113.npy,20210606_realsense_f_113.jpg,20210606_realsense_l_113.jpg,20210606_realsense_b_113.jpg,20210606_realsense_r_113.jpg
2.4419546127319336,-0.18742750585079193,9.472704887390137,20210606_depth_114.npy,20210606_realsense_f_114.jpg,20210606_realsense_l_114.jpg,20210606_realsense_b_114.jpg,20210606_realsense_r_114.jpg
2.0617198944091797,-0.06316830962896347,9.46604061126709,20210606_depth_115.npy,20210606_realsense_f_115.jpg,20210606_realsense_l_115.jpg,20210606_realsense_b_115.jpg,20210606_realsense_r_115.jpg
-1.3765815496444702,0.01965455710887909,9.684656143188477,20210606_depth_116.npy,20210606_realsense_f_116.jpg,20210606_realsense_l_116.jpg,20210606_realsense_b_116.jpg,20210606_realsense_r_116.jpg
3.300880193710327,3.2829813957214355,8.729308128356934,20210606_depth_117.npy,20210606_realsense_f_117.jpg,20210606_realsense_l_117.jpg,20210606_realsense_b_117.jpg,20210606_realsense_r_117.jpg
4.686664581298828,-0.12183193862438202,8.565032958984375,20210606_depth_118.npy,20210606_realsense_f_118.jpg,20210606_realsense_l_118.jpg,20210606_realsense_b_118.jpg,20210606_realsense_r_118.jpg
2.7897419929504395,-3.1169261932373047,8.892427444458008,20210606_depth_119.npy,20210606_realsense_f_119.jpg,20210606_realsense_l_119.jpg,20210606_realsense_b_119.jpg,20210606_realsense_r_119.jpg
2.091165542602539,-0.1038578674197197,9.645503044128418,20210606_depth_120.npy,20210606_realsense_f_120.jpg,20210606_realsense_l_120.jpg,20210606_realsense_b_120.jpg,20210606_realsense_r_120.jpg
1.8560584783554077,0.4042387008666992,9.600659370422363,20210606_depth_121.npy,20210606_realsense_f_121.jpg,20210606_realsense_l_121.jpg,20210606_realsense_b_121.jpg,20210606_realsense_r_121.jpg
0.5076364278793335,0.5024834275245667,9.799123764038086,20210606_depth_122.npy,20210606_realsense_f_122.jpg,20210606_realsense_l_122.jpg,20210606_realsense_b_122.jpg,20210606_realsense_r_122.jpg
1.6082819700241089,-4.090423107147217,8.717621803283691,20210606_depth_123.npy,20210606_realsense_f_123.jpg,20210606_realsense_l_123.jpg,20210606_realsense_b_123.jpg,20210606_realsense_r_123.jpg
2.631756544113159,4.255141258239746,8.42747974395752,20210606_depth_124.npy,20210606_realsense_f_124.jpg,20210606_realsense_l_124.jpg,20210606_realsense_b_124.jpg,20210606_realsense_r_124.jpg
2.698150157928467,2.00321888923645,9.137350082397461,20210606_depth_125.npy,20210606_realsense_f_125.jpg,20210606_realsense_l_125.jpg,20210606_realsense_b_125.jpg,20210606_realsense_r_125.jpg
2.9885220527648926,2.880037546157837,8.818419456481934,20210606_depth_126.npy,20210606_realsense_f_126.jpg,20210606_realsense_l_126.jpg,20210606_realsense_b_126.jpg,20210606_realsense_r_126.jpg
4.807096004486084,0.7723132967948914,8.476304054260254,20210606_depth_127.npy,20210606_realsense_f_127.jpg,20210606_realsense_l_127.jpg,20210606_realsense_b_127.jpg,20210606_realsense_r_127.jpg
2.925929546356201,0.14744974672794342,9.374385833740234,20210606_depth_128.npy,20210606_realsense_f_128.jpg,20210606_realsense_l_128.jpg,20210606_realsense_b_128.jpg,20210606_realsense_r_128.jpg
2.4086360931396484,0.38349080085754395,9.616276741027832,20210606_depth_129.npy,20210606_realsense_f_129.jpg,20210606_realsense_l_129.jpg,20210606_realsense_b_129.jpg,20210606_realsense_r_129.jpg
2.523982048034668,2.930124282836914,8.940108299255371,20210606_depth_130.npy,20210606_realsense_f_130.jpg,20210606_realsense_l_130.jpg,20210606_realsense_b_130.jpg,20210606_realsense_r_130.jpg
3.8435041904449463,-0.009098650887608528,8.986680030822754,20210606_depth_131.npy,20210606_realsense_f_131.jpg,20210606_realsense_l_131.jpg,20210606_realsense_b_131.jpg,20210606_realsense_r_131.jpg
2.063059091567993,-2.628641366958618,9.185277938842773,20210606_depth_132.npy,20210606_realsense_f_132.jpg,20210606_realsense_l_132.jpg,20210606_realsense_b_132.jpg,20210606_realsense_r_132.jpg
2.3467187881469727,-1.9766261577606201,9.302152633666992,20210606_depth_133.npy,20210606_realsense_f_133.jpg,20210606_realsense_l_133.jpg,20210606_realsense_b_133.jpg,20210606_realsense_r_133.jpg
-0.5996686816215515,0.7557232975959778,9.774989128112793,20210606_depth_134.npy,20210606_realsense_f_134.jpg,20210606_realsense_l_134.jpg,20210606_realsense_b_134.jpg,20210606_realsense_r_134.jpg
2.4886982440948486,0.20990534126758575,9.510493278503418,20210606_depth_135.npy,20210606_realsense_f_135.jpg,20210606_realsense_l_135.jpg,20210606_realsense_b_135.jpg,20210606_realsense_r_135.jpg
3.576995849609375,0.21020837128162384,9.080841064453125,20210606_depth_136.npy,20210606_realsense_f_136.jpg,20210606_realsense_l_136.jpg,20210606_realsense_b_136.jpg,20210606_realsense_r_136.jpg
-1.6337262392044067,1.1585016250610352,9.574812889099121,20210606_depth_137.npy,20210606_realsense_f_137.jpg,20210606_realsense_l_137.jpg,20210606_realsense_b_137.jpg,20210606_realsense_r_137.jpg
1.6540043354034424,3.413486957550049,9.080588340759277,20210606_depth_138.npy,20210606_realsense_f_138.jpg,20210606_realsense_l_138.jpg,20210606_realsense_b_138.jpg,20210606_realsense_r_138.jpg
3.2998709678649902,0.880509078502655,9.22716999053955,20210606_depth_139.npy,20210606_realsense_f_139.jpg,20210606_realsense_l_139.jpg,20210606_realsense_b_139.jpg,20210606_realsense_r_139.jpg
1.5299433469772339,-3.5796329975128174,9.127972602844238,20210606_depth_140.npy,20210606_realsense_f_140.jpg,20210606_realsense_l_140.jpg,20210606_realsense_b_140.jpg,20210606_realsense_r_140.jpg
1.6500884294509888,-2.696415424346924,9.298916816711426,20210606_depth_141.npy,20210606_realsense_f_141.jpg,20210606_realsense_l_141.jpg,20210606_realsense_b_141.jpg,20210606_realsense_r_141.jpg
1.2668840885162354,1.1209946870803833,9.739240646362305,20210606_depth_142.npy,20210606_realsense_f_142.jpg,20210606_realsense_l_142.jpg,20210606_realsense_b_142.jpg,20210606_realsense_r_142.jpg
2.257258176803589,1.5173897743225098,9.31713581085205,20210606_depth_143.npy,20210606_realsense_f_143.jpg,20210606_realsense_l_143.jpg,20210606_realsense_b_143.jpg,20210606_realsense_r_143.jpg
2.397582769393921,2.407839059829712,9.078681945800781,20210606_depth_144.npy,20210606_realsense_f_144.jpg,20210606_realsense_l_144.jpg,20210606_realsense_b_144.jpg,20210606_realsense_r_144.jpg
4.341184139251709,-0.24859102070331573,8.736150741577148,20210606_depth_145.npy,20210606_realsense_f_145.jpg,20210606_realsense_l_145.jpg,20210606_realsense_b_145.jpg,20210606_realsense_r_145.jpg
-1.2187927961349487,0.11702543497085571,9.777372360229492,20210606_depth_146.npy,20210606_realsense_f_146.jpg,20210606_realsense_l_146.jpg,20210606_realsense_b_146.jpg,20210606_realsense_r_146.jpg
2.382521629333496,0.1790793240070343,7.828636646270752,20210606_depth_147.npy,20210606_realsense_f_147.jpg,20210606_realsense_l_147.jpg,20210606_realsense_b_147.jpg,20210606_realsense_r_147.jpg
-1.8228657245635986,0.17252981662750244,9.599207878112793,20210606_depth_148.npy,20210606_realsense_f_148.jpg,20210606_realsense_l_148.jpg,20210606_realsense_b_148.jpg,20210606_realsense_r_148.jpg
3.9285764694213867,-0.043738801032304764,8.940164566040039,20210606_depth_149.npy,20210606_realsense_f_149.jpg,20210606_realsense_l_149.jpg,20210606_realsense_b_149.jpg,20210606_realsense_r_149.jpg
2.05330753326416,-4.791074752807617,8.460918426513672,20210606_depth_150.npy,20210606_realsense_f_150.jpg,20210606_realsense_l_150.jpg,20210606_realsense_b_150.jpg,20210606_realsense_r_150.jpg
2.0653696060180664,-2.9568331241607666,9.00796890258789,20210606_depth_151.npy,20210606_realsense_f_151.jpg,20210606_realsense_l_151.jpg,20210606_realsense_b_151.jpg,20210606_realsense_r_151.jpg
1.9624485969543457,4.157888412475586,8.63220500946045,20210606_depth_152.npy,20210606_realsense_f_152.jpg,20210606_realsense_l_152.jpg,20210606_realsense_b_152.jpg,20210606_realsense_r_152.jpg
3.120471239089966,-0.1743193417787552,9.186019897460938,20210606_depth_153.npy,20210606_realsense_f_153.jpg,20210606_realsense_l_153.jpg,20210606_realsense_b_153.jpg,20210606_realsense_r_153.jpg
1.8211297988891602,0.32474246621131897,9.611261367797852,20210606_depth_154.npy,20210606_realsense_f_154.jpg,20210606_realsense_l_154.jpg,20210606_realsense_b_154.jpg,20210606_realsense_r_154.jpg
-2.777458429336548,0.5263069272041321,9.388026237487793,20210606_depth_155.npy,20210606_realsense_f_155.jpg,20210606_realsense_l_155.jpg,20210606_realsense_b_155.jpg,20210606_realsense_r_155.jpg
3.9493837356567383,0.23406271636486053,8.928539276123047,20210606_depth_156.npy,20210606_realsense_f_156.jpg,20210606_realsense_l_156.jpg,20210606_realsense_b_156.jpg,20210606_realsense_r_156.jpg
1.3351705074310303,5.045536518096924,8.281554222106934,20210606_depth_157.npy,20210606_realsense_f_157.jpg,20210606_realsense_l_157.jpg,20210606_realsense_b_157.jpg,20210606_realsense_r_157.jpg
1.9109878540039062,4.20935583114624,8.651019096374512,20210606_depth_158.npy,20210606_realsense_f_158.jpg,20210606_realsense_l_158.jpg,20210606_realsense_b_158.jpg,20210606_realsense_r_158.jpg
2.373727321624756,-4.271748065948486,8.426543235778809,20210606_depth_159.npy,20210606_realsense_f_159.jpg,20210606_realsense_l_159.jpg,20210606_realsense_b_159.jpg,20210606_realsense_r_159.jpg
2.1326239109039307,0.5578521490097046,9.493879318237305,20210606_depth_160.npy,20210606_realsense_f_160.jpg,20210606_realsense_l_160.jpg,20210606_realsense_b_160.jpg,20210606_realsense_r_160.jpg
-2.1642494201660156,0.8114498853683472,9.567057609558105,20210606_depth_161.npy,20210606_realsense_f_161.jpg,20210606_realsense_l_161.jpg,20210606_realsense_b_161.jpg,20210606_realsense_r_161.jpg
1.6642216444015503,-3.342212677001953,9.083858489990234,20210606_depth_162.npy,20210606_realsense_f_162.jpg,20210606_realsense_l_162.jpg,20210606_realsense_b_162.jpg,20210606_realsense_r_162.jpg
4.017583847045898,1.2458925247192383,9.028177261352539,20210606_depth_163.npy,20210606_realsense_f_163.jpg,20210606_realsense_l_163.jpg,20210606_realsense_b_163.jpg,20210606_realsense_r_163.jpg
3.191394329071045,0.6773585677146912,9.20833683013916,20210606_depth_164.npy,20210606_realsense_f_164.jpg,20210606_realsense_l_164.jpg,20210606_realsense_b_164.jpg,20210606_realsense_r_164.jpg
2.709280014038086,2.1661911010742188,9.16319751739502,20210606_depth_165.npy,20210606_realsense_f_165.jpg,20210606_realsense_l_165.jpg,20210606_realsense_b_165.jpg,20210606_realsense_r_165.jpg
2.3795833587646484,0.8953576683998108,9.203932762145996,20210606_depth_166.npy,20210606_realsense_f_166.jpg,20210606_realsense_l_166.jpg,20210606_realsense_b_166.jpg,20210606_realsense_r_166.jpg
2.908844232559204,-0.9539728760719299,9.35865592956543,20210606_depth_167.npy,20210606_realsense_f_167.jpg,20210606_realsense_l_167.jpg,20210606_realsense_b_167.jpg,20210606_realsense_r_167.jpg
4.478541374206543,-2.588991165161133,8.402048110961914,20210606_depth_168.npy,20210606_realsense_f_168.jpg,20210606_realsense_l_168.jpg,20210606_realsense_b_168.jpg,20210606_realsense_r_168.jpg
5.3642258644104,2.363781452178955,7.905885696411133,20210606_depth_169.npy,20210606_realsense_f_169.jpg,20210606_realsense_l_169.jpg,20210606_realsense_b_169.jpg,20210606_realsense_r_169.jpg
-0.7137137651443481,-0.46443697810173035,9.795446395874023,20210606_depth_170.npy,20210606_realsense_f_170.jpg,20210606_realsense_l_170.jpg,20210606_realsense_b_170.jpg,20210606_realsense_r_170.jpg
1.785703182220459,3.0088188648223877,9.070902824401855,20210606_depth_171.npy,20210606_realsense_f_171.jpg,20210606_realsense_l_171.jpg,20210606_realsense_b_171.jpg,20210606_realsense_r_171.jpg
4.780472278594971,0.11623061448335648,8.695873260498047,20210606_depth_172.npy,20210606_realsense_f_172.jpg,20210606_realsense_l_172.jpg,20210606_realsense_b_172.jpg,20210606_realsense_r_172.jpg
2.3369078636169434,-3.014683246612549,9.02684497833252,20210606_depth_173.npy,20210606_realsense_f_173.jpg,20210606_realsense_l_173.jpg,20210606_realsense_b_173.jpg,20210606_realsense_r_173.jpg
2.497314929962158,-2.200981855392456,9.098191261291504,20210606_depth_174.npy,20210606_realsense_f_174.jpg,20210606_realsense_l_174.jpg,20210606_realsense_b_174.jpg,20210606_realsense_r_174.jpg
2.6316757202148438,-0.11969438195228577,9.482047080993652,20210606_depth_175.npy,20210606_realsense_f_175.jpg,20210606_realsense_l_175.jpg,20210606_realsense_b_175.jpg,20210606_realsense_r_175.jpg
2.916585922241211,0.37452927231788635,9.284371376037598,20210606_depth_176.npy,20210606_realsense_f_176.jpg,20210606_realsense_l_176.jpg,20210606_realsense_b_176.jpg,20210606_realsense_r_176.jpg
-1.0696719884872437,0.5393339991569519,9.785896301269531,20210606_depth_177.npy,20210606_realsense_f_177.jpg,20210606_realsense_l_177.jpg,20210606_realsense_b_177.jpg,20210606_realsense_r_177.jpg
0.9294991493225098,3.220198631286621,9.14369010925293,20210606_depth_178.npy,20210606_realsense_f_178.jpg,20210606_realsense_l_178.jpg,20210606_realsense_b_178.jpg,20210606_realsense_r_178.jpg
3.706580877304077,0.3395133316516876,8.870964050292969,20210606_depth_179.npy,20210606_realsense_f_179.jpg,20210606_realsense_l_179.jpg,20210606_realsense_b_179.jpg,20210606_realsense_r_179.jpg
2.3153185844421387,-1.8760135173797607,9.298237800598145,20210606_depth_180.npy,20210606_realsense_f_180.jpg,20210606_realsense_l_180.jpg,20210606_realsense_b_180.jpg,20210606_realsense_r_180.jpg
2.881013870239258,-0.09746219217777252,9.119216918945312,20210606_depth_181.npy,20210606_realsense_f_181.jpg,20210606_realsense_l_181.jpg,20210606_realsense_b_181.jpg,20210606_realsense_r_181.jpg
2.569505453109741,-0.5885418057441711,9.452369689941406,20210606_depth_182.npy,20210606_realsense_f_182.jpg,20210606_realsense_l_182.jpg,20210606_realsense_b_182.jpg,20210606_realsense_r_182.jpg
2.3616394996643066,2.9373154640197754,9.060237884521484,20210606_depth_183.npy,20210606_realsense_f_183.jpg,20210606_realsense_l_183.jpg,20210606_realsense_b_183.jpg,20210606_realsense_r_183.jpg
4.029311656951904,-0.22591836750507355,8.860026359558105,20210606_depth_184.npy,20210606_realsense_f_184.jpg,20210606_realsense_l_184.jpg,20210606_realsense_b_184.jpg,20210606_realsense_r_184.jpg
2.933577537536621,-4.108184814453125,8.493396759033203,20210606_depth_185.npy,20210606_realsense_f_185.jpg,20210606_realsense_l_185.jpg,20210606_realsense_b_185.jpg,20210606_realsense_r_185.jpg
0.20116150379180908,-0.011382317170500755,9.755776405334473,20210606_depth_186.npy,20210606_realsense_f_186.jpg,20210606_realsense_l_186.jpg,20210606_realsense_b_186.jpg,20210606_realsense_r_186.jpg
3.263031244277954,-1.0888699293136597,9.209474563598633,20210606_depth_187.npy,20210606_realsense_f_187.jpg,20210606_realsense_l_187.jpg,20210606_realsense_b_187.jpg,20210606_realsense_r_187.jpg
0.26846006512641907,0.2533847689628601,9.807744979858398,20210606_depth_188.npy,20210606_realsense_f_188.jpg,20210606_realsense_l_188.jpg,20210606_realsense_b_188.jpg,20210606_realsense_r_188.jpg
3.7082250118255615,-0.11648999154567719,8.7413330078125,20210606_depth_189.npy,20210606_realsense_f_189.jpg,20210606_realsense_l_189.jpg,20210606_realsense_b_189.jpg,20210606_realsense_r_189.jpg
1.812745213508606,0.7438275218009949,9.79456901550293,20210606_depth_190.npy,20210606_realsense_f_190.jpg,20210606_realsense_l_190.jpg,20210606_realsense_b_190.jpg,20210606_realsense_r_190.jpg
-0.4762100875377655,0.19487810134887695,9.684444427490234,20210606_depth_191.npy,20210606_realsense_f_191.jpg,20210606_realsense_l_191.jpg,20210606_realsense_b_191.jpg,20210606_realsense_r_191.jpg
-2.2385189533233643,1.0057036876678467,9.534391403198242,20210606_depth_192.npy,20210606_realsense_f_192.jpg,20210606_realsense_l_192.jpg,20210606_realsense_b_192.jpg,20210606_realsense_r_192.jpg
2.0288643836975098,4.153838634490967,8.59854793548584,20210606_depth_193.npy,20210606_realsense_f_193.jpg,20210606_realsense_l_193.jpg,20210606_realsense_b_193.jpg,20210606_realsense_r_193.jpg
4.034912109375,0.40175607800483704,8.900883674621582,20210606_depth_194.npy,20210606_realsense_f_194.jpg,20210606_realsense_l_194.jpg,20210606_realsense_b_194.jpg,20210606_realsense_r_194.jpg
1.8219337463378906,-3.6396350860595703,8.961700439453125,20210606_depth_195.npy,20210606_realsense_f_195.jpg,20210606_realsense_l_195.jpg,20210606_realsense_b_195.jpg,20210606_realsense_r_195.jpg
2.529099941253662,0.21397189795970917,9.329057693481445,20210606_depth_196.npy,20210606_realsense_f_196.jpg,20210606_realsense_l_196.jpg,20210606_realsense_b_196.jpg,20210606_realsense_r_196.jpg
2.436836004257202,-0.5736923217773438,9.491683959960938,20210606_depth_197.npy,20210606_realsense_f_197.jpg,20210606_realsense_l_197.jpg,20210606_realsense_b_197.jpg,20210606_realsense_r_197.jpg
0.2824039161205292,-0.5264683365821838,9.744768142700195,20210606_depth_198.npy,20210606_realsense_f_198.jpg,20210606_realsense_l_198.jpg,20210606_realsense_b_198.jpg,20210606_realsense_r_198.jpg
-1.0556164979934692,-0.5485461354255676,9.784180641174316,20210606_depth_199.npy,20210606_realsense_f_199.jpg,20210606_realsense_l_199.jpg,20210606_realsense_b_199.jpg,20210606_realsense_r_199.jpg
0.2082616090774536,-0.37268608808517456,9.86440372467041,20210606_depth_200.npy,20210606_realsense_f_200.jpg,20210606_realsense_l_200.jpg,20210606_realsense_b_200.jpg,20210606_realsense_r_200.jpg
0.4584910273551941,3.9965059757232666,9.034211158752441,20210606_depth_201.npy,20210606_realsense_f_201.jpg,20210606_realsense_l_201.jpg,20210606_realsense_b_201.jpg,20210606_realsense_r_201.jpg
1.7809780836105347,-3.1864986419677734,9.0750093460083,20210606_depth_202.npy,20210606_realsense_f_202.jpg,20210606_realsense_l_202.jpg,20210606_realsense_b_202.jpg,20210606_realsense_r_202.jpg
1.8193453550338745,-4.087337970733643,8.687191009521484,20210606_depth_203.npy,20210606_realsense_f_203.jpg,20210606_realsense_l_203.jpg,20210606_realsense_b_203.jpg,20210606_realsense_r_203.jpg
4.683804512023926,-0.22308333218097687,8.591265678405762,20210606_depth_204.npy,20210606_realsense_f_204.jpg,20210606_realsense_l_204.jpg,20210606_realsense_b_204.jpg,20210606_realsense_r_204.jpg
1.1909281015396118,-0.4887562394142151,9.746862411499023,20210606_depth_205.npy,20210606_realsense_f_205.jpg,20210606_realsense_l_205.jpg,20210606_realsense_b_205.jpg,20210606_realsense_r_205.jpg
3.2098922729492188,0.41138142347335815,9.430817604064941,20210606_depth_206.npy,20210606_realsense_f_206.jpg,20210606_realsense_l_206.jpg,20210606_realsense_b_206.jpg,20210606_realsense_r_206.jpg
2.02514386177063,0.5907157063484192,9.573884963989258,20210606_depth_207.npy,20210606_realsense_f_207.jpg,20210606_realsense_l_207.jpg,20210606_realsense_b_207.jpg,20210606_realsense_r_207.jpg
2.748887538909912,3.727991819381714,8.696951866149902,20210606_depth_208.npy,20210606_realsense_f_208.jpg,20210606_realsense_l_208.jpg,20210606_realsense_b_208.jpg,20210606_realsense_r_208.jpg
2.8858442306518555,2.910936117172241,8.907811164855957,20210606_depth_209.npy,20210606_realsense_f_209.jpg,20210606_realsense_l_209.jpg,20210606_realsense_b_209.jpg,20210606_realsense_r_209.jpg
2.4434475898742676,4.240262508392334,8.494938850402832,20210606_depth_210.npy,20210606_realsense_f_210.jpg,20210606_realsense_l_210.jpg,20210606_realsense_b_210.jpg,20210606_realsense_r_210.jpg
-0.7689281105995178,0.6315605044364929,9.82318115234375,20210606_depth_211.npy,20210606_realsense_f_211.jpg,20210606_realsense_l_211.jpg,20210606_realsense_b_211.jpg,20210606_realsense_r_211.jpg
2.1060900688171387,-3.9321937561035156,8.891020774841309,20210606_depth_212.npy,20210606_realsense_f_212.jpg,20210606_realsense_l_212.jpg,20210606_realsense_b_212.jpg,20210606_realsense_r_212.jpg
5.304135322570801,0.3872370719909668,8.290011405944824,20210606_depth_213.npy,20210606_realsense_f_213.jpg,20210606_realsense_l_213.jpg,20210606_realsense_b_213.jpg,20210606_realsense_r_213.jpg
2.5852973461151123,3.9109721183776855,8.584884643554688,20210606_depth_214.npy,20210606_realsense_f_214.jpg,20210606_realsense_l_214.jpg,20210606_realsense_b_214.jpg,20210606_realsense_r_214.jpg
4.55810022354126,0.11468392610549927,8.672365188598633,20210606_depth_215.npy,20210606_realsense_f_215.jpg,20210606_realsense_l_215.jpg,20210606_realsense_b_215.jpg,20210606_realsense_r_215.jpg
3.3004965782165527,-3.396223545074463,8.385242462158203,20210606_depth_216.npy,20210606_realsense_f_216.jpg,20210606_realsense_l_216.jpg,20210606_realsense_b_216.jpg,20210606_realsense_r_216.jpg
-1.2103781700134277,-0.08950325101613998,9.709457397460938,20210606_depth_217.npy,20210606_realsense_f_217.jpg,20210606_realsense_l_217.jpg,20210606_realsense_b_217.jpg,20210606_realsense_r_217.jpg
0.782233476638794,0.05992039293050766,9.76931095123291,20210606_depth_218.npy,20210606_realsense_f_218.jpg,20210606_realsense_l_218.jpg,20210606_realsense_b_218.jpg,20210606_realsense_r_218.jpg
1.4678115844726562,0.14305710792541504,9.665695190429688,20210606_depth_219.npy,20210606_realsense_f_219.jpg,20210606_realsense_l_219.jpg,20210606_realsense_b_219.jpg,20210606_realsense_r_219.jpg
2.0007991790771484,0.32294073700904846,9.57291030883789,20210606_depth_220.npy,20210606_realsense_f_220.jpg,20210606_realsense_l_220.jpg,20210606_realsense_b_220.jpg,20210606_realsense_r_220.jpg
2.3768320083618164,3.5807437896728516,8.741728782653809,20210606_depth_221.npy,20210606_realsense_f_221.jpg,20210606_realsense_l_221.jpg,20210606_realsense_b_221.jpg,20210606_realsense_r_221.jpg
2.985900402069092,4.089940071105957,8.304913520812988,20210606_depth_222.npy,20210606_realsense_f_222.jpg,20210606_realsense_l_222.jpg,20210606_realsense_b_222.jpg,20210606_realsense_r_222.jpg
3.154566764831543,4.828765392303467,7.911405086517334,20210606_depth_223.npy,20210606_realsense_f_223.jpg,20210606_realsense_l_223.jpg,20210606_realsense_b_223.jpg,20210606_realsense_r_223.jpg
5.819977760314941,0.07967209070920944,8.050024032592773,20210606_depth_224.npy,20210606_realsense_f_224.jpg,20210606_realsense_l_224.jpg,20210606_realsense_b_224.jpg,20210606_realsense_r_224.jpg
3.708223342895508,-3.5957672595977783,8.273643493652344,20210606_depth_225.npy,20210606_realsense_f_225.jpg,20210606_realsense_l_225.jpg,20210606_realsense_b_225.jpg,20210606_realsense_r_225.jpg
-0.47851496934890747,-0.18936361372470856,9.744839668273926,20210606_depth_226.npy,20210606_realsense_f_226.jpg,20210606_realsense_l_226.jpg,20210606_realsense_b_226.jpg,20210606_realsense_r_226.jpg
3.2566494941711426,0.19025512039661407,9.148056983947754,20210606_depth_227.npy,20210606_realsense_f_227.jpg,20210606_realsense_l_227.jpg,20210606_realsense_b_227.jpg,20210606_realsense_r_227.jpg
1.1547737121582031,0.7279664874076843,9.736722946166992,20210606_depth_228.npy,20210606_realsense_f_228.jpg,20210606_realsense_l_228.jpg,20210606_realsense_b_228.jpg,20210606_realsense_r_228.jpg
1.6341239213943481,3.4825992584228516,8.975075721740723,20210606_depth_229.npy,20210606_realsense_f_229.jpg,20210606_realsense_l_229.jpg,20210606_realsense_b_229.jpg,20210606_realsense_r_229.jpg
4.813896656036377,2.6103830337524414,8.18178653717041,20210606_depth_230.npy,20210606_realsense_f_230.jpg,20210606_realsense_l_230.jpg,20210606_realsense_b_230.jpg,20210606_realsense_r_230.jpg
5.4985880851745605,-1.8179327249526978,8.164772033691406,20210606_depth_231.npy,20210606_realsense_f_231.jpg,20210606_realsense_l_231.jpg,20210606_realsense_b_231.jpg,20210606_realsense_r_231.jpg
5.674061298370361,-2.5031299591064453,7.554092884063721,20210606_depth_232.npy,20210606_realsense_f_232.jpg,20210606_realsense_l_232.jpg,20210606_realsense_b_232.jpg,20210606_realsense_r_232.jpg
4.469664573669434,-4.714832305908203,7.365736484527588,20210606_depth_233.npy,20210606_realsense_f_233.jpg,20210606_realsense_l_233.jpg,20210606_realsense_b_233.jpg,20210606_realsense_r_233.jpg
-1.6784356832504272,-0.578562319278717,9.532402038574219,20210606_depth_234.npy,20210606_realsense_f_234.jpg,20210606_realsense_l_234.jpg,20210606_realsense_b_234.jpg,20210606_realsense_r_234.jpg
-2.481873035430908,-1.1239428520202637,9.487340927124023,20210606_depth_235.npy,20210606_realsense_f_235.jpg,20210606_realsense_l_235.jpg,20210606_realsense_b_235.jpg,20210606_realsense_r_235.jpg
2.1140875816345215,0.8850475549697876,9.533693313598633,20210606_depth_236.npy,20210606_realsense_f_236.jpg,20210606_realsense_l_236.jpg,20210606_realsense_b_236.jpg,20210606_realsense_r_236.jpg
1.7896674871444702,-0.8153926730155945,9.417905807495117,20210606_depth_237.npy,20210606_realsense_f_237.jpg,20210606_realsense_l_237.jpg,20210606_realsense_b_237.jpg,20210606_realsense_r_237.jpg
-2.697840690612793,-0.27186140418052673,9.436415672302246,20210606_depth_238.npy,20210606_realsense_f_238.jpg,20210606_realsense_l_238.jpg,20210606_realsense_b_238.jpg,20210606_realsense_r_238.jpg
1.986979365348816,-3.5675625801086426,8.736745834350586,20210606_depth_239.npy,20210606_realsense_f_239.jpg,20210606_realsense_l_239.jpg,20210606_realsense_b_239.jpg,20210606_realsense_r_239.jpg
4.7487006187438965,-0.3301195800304413,8.350287437438965,20210606_depth_240.npy,20210606_realsense_f_240.jpg,20210606_realsense_l_240.jpg,20210606_realsense_b_240.jpg,20210606_realsense_r_240.jpg
3.0921871662139893,2.849926233291626,8.85433292388916,20210606_depth_241.npy,20210606_realsense_f_241.jpg,20210606_realsense_l_241.jpg,20210606_realsense_b_241.jpg,20210606_realsense_r_241.jpg
3.1531612873077393,4.12852668762207,8.24752140045166,20210606_depth_242.npy,20210606_realsense_f_242.jpg,20210606_realsense_l_242.jpg,20210606_realsense_b_242.jpg,20210606_realsense_r_242.jpg
2.095590829849243,-0.5455145835876465,9.456538200378418,20210606_depth_243.npy,20210606_realsense_f_243.jpg,20210606_realsense_l_243.jpg,20210606_realsense_b_243.jpg,20210606_realsense_r_243.jpg
3.0780105590820312,0.3498207926750183,9.149048805236816,20210606_depth_244.npy,20210606_realsense_f_244.jpg,20210606_realsense_l_244.jpg,20210606_realsense_b_244.jpg,20210606_realsense_r_244.jpg
2.7725539207458496,5.887410640716553,7.3388285636901855,20210606_depth_245.npy,20210606_realsense_f_245.jpg,20210606_realsense_l_245.jpg,20210606_realsense_b_245.jpg,20210606_realsense_r_245.jpg
3.1812376976013184,5.980219841003418,7.209259986877441,20210606_depth_246.npy,20210606_realsense_f_246.jpg,20210606_realsense_l_246.jpg,20210606_realsense_b_246.jpg,20210606_realsense_r_246.jpg
0.8896905779838562,-0.030254030600190163,9.741726875305176,20210606_depth_247.npy,20210606_realsense_f_247.jpg,20210606_realsense_l_247.jpg,20210606_realsense_b_247.jpg,20210606_realsense_r_247.jpg
-1.6557878255844116,0.28094857931137085,9.579763412475586,20210606_depth_248.npy,20210606_realsense_f_248.jpg,20210606_realsense_l_248.jpg,20210606_realsense_b_248.jpg,20210606_realsense_r_248.jpg
2.559197425842285,-3.8275771141052246,8.721461296081543,20210606_depth_249.npy,20210606_realsense_f_249.jpg,20210606_realsense_l_249.jpg,20210606_realsense_b_249.jpg,20210606_realsense_r_249.jpg
5.067154407501221,0.20087513327598572,8.295404434204102,20210606_depth_250.npy,20210606_realsense_f_250.jpg,20210606_realsense_l_250.jpg,20210606_realsense_b_250.jpg,20210606_realsense_r_250.jpg
2.2012243270874023,0.5374709367752075,9.60440444946289,20210606_depth_251.npy,20210606_realsense_f_251.jpg,20210606_realsense_l_251.jpg,20210606_realsense_b_251.jpg,20210606_realsense_r_251.jpg
3.609504461288452,0.8965612649917603,9.237390518188477,20210606_depth_252.npy,20210606_realsense_f_252.jpg,20210606_realsense_l_252.jpg,20210606_realsense_b_252.jpg,20210606_realsense_r_252.jpg
1.6741746664047241,0.2890646755695343,9.733413696289062,20210606_depth_253.npy,20210606_realsense_f_253.jpg,20210606_realsense_l_253.jpg,20210606_realsense_b_253.jpg,20210606_realsense_r_253.jpg
2.045914649963379,4.2042622566223145,8.568229675292969,20210606_depth_254.npy,20210606_realsense_f_254.jpg,20210606_realsense_l_254.jpg,20210606_realsense_b_254.jpg,20210606_realsense_r_254.jpg
-2.324110746383667,0.7671481370925903,9.464049339294434,20210606_depth_255.npy,20210606_realsense_f_255.jpg,20210606_realsense_l_255.jpg,20210606_realsense_b_255.jpg,20210606_realsense_r_255.jpg
-3.3390085697174072,0.016472484916448593,9.242301940917969,20210606_depth_256.npy,20210606_realsense_f_256.jpg,20210606_realsense_l_256.jpg,20210606_realsense_b_256.jpg,20210606_realsense_r_256.jpg
1.5031956434249878,-1.454865574836731,9.534697532653809,20210606_depth_257.npy,20210606_realsense_f_257.jpg,20210606_realsense_l_257.jpg,20210606_realsense_b_257.jpg,20210606_realsense_r_257.jpg
1.6493726968765259,-3.574799060821533,8.961326599121094,20210606_depth_258.npy,20210606_realsense_f_258.jpg,20210606_realsense_l_258.jpg,20210606_realsense_b_258.jpg,20210606_realsense_r_258.jpg
-3.113097906112671,0.16537535190582275,9.333761215209961,20210606_depth_259.npy,20210606_realsense_f_259.jpg,20210606_realsense_l_259.jpg,20210606_realsense_b_259.jpg,20210606_realsense_r_259.jpg
4.82635498046875,1.4092464447021484,8.552508354187012,20210606_depth_260.npy,20210606_realsense_f_260.jpg,20210606_realsense_l_260.jpg,20210606_realsense_b_260.jpg,20210606_realsense_r_260.jpg
3.1595263481140137,4.112968444824219,8.484692573547363,20210606_depth_261.npy,20210606_realsense_f_261.jpg,20210606_realsense_l_261.jpg,20210606_realsense_b_261.jpg,20210606_realsense_r_261.jpg
1.8721174001693726,-0.26311731338500977,9.539222717285156,20210606_depth_262.npy,20210606_realsense_f_262.jpg,20210606_realsense_l_262.jpg,20210606_realsense_b_262.jpg,20210606_realsense_r_262.jpg
1.9613574743270874,-0.4312111437320709,9.627921104431152,20210606_depth_263.npy,20210606_realsense_f_263.jpg,20210606_realsense_l_263.jpg,20210606_realsense_b_263.jpg,20210606_realsense_r_263.jpg
-1.9684374332427979,0.07222839444875717,9.606831550598145,20210606_depth_264.npy,20210606_realsense_f_264.jpg,20210606_realsense_l_264.jpg,20210606_realsense_b_264.jpg,20210606_realsense_r_264.jpg
1.9255214929580688,4.546567440032959,8.37122917175293,20210606_depth_265.npy,20210606_realsense_f_265.jpg,20210606_realsense_l_265.jpg,20210606_realsense_b_265.jpg,20210606_realsense_r_265.jpg
4.068079948425293,0.2948846220970154,8.826264381408691,20210606_depth_266.npy,20210606_realsense_f_266.jpg,20210606_realsense_l_266.jpg,20210606_realsense_b_266.jpg,20210606_realsense_r_266.jpg
2.374769926071167,-3.556825876235962,8.939697265625,20210606_depth_267.npy,20210606_realsense_f_267.jpg,20210606_realsense_l_267.jpg,20210606_realsense_b_267.jpg,20210606_realsense_r_267.jpg
3.8467776775360107,-0.036141470074653625,9.182928085327148,20210606_depth_268.npy,20210606_realsense_f_268.jpg,20210606_realsense_l_268.jpg,20210606_realsense_b_268.jpg,20210606_realsense_r_268.jpg
2.1319758892059326,0.1894877851009369,9.615549087524414,20210606_depth_269.npy,20210606_realsense_f_269.jpg,20210606_realsense_l_269.jpg,20210606_realsense_b_269.jpg,20210606_realsense_r_269.jpg
3.826899528503418,3.457758665084839,8.193153381347656,20210606_depth_270.npy,20210606_realsense_f_270.jpg,20210606_realsense_l_270.jpg,20210606_realsense_b_270.jpg,20210606_realsense_r_270.jpg
5.357213497161865,0.2070768028497696,8.281493186950684,20210606_depth_271.npy,20210606_realsense_f_271.jpg,20210606_realsense_l_271.jpg,20210606_realsense_b_271.jpg,20210606_realsense_r_271.jpg
2.3119094371795654,-3.7877724170684814,8.704384803771973,20210606_depth_272.npy,20210606_realsense_f_272.jpg,20210606_realsense_l_272.jpg,20210606_realsense_b_272.jpg,20210606_realsense_r_272.jpg
-0.11127729713916779,1.034009337425232,9.784510612487793,20210606_depth_273.npy,20210606_realsense_f_273.jpg,20210606_realsense_l_273.jpg,20210606_realsense_b_273.jpg,20210606_realsense_r_273.jpg
3.546839475631714,0.31608685851097107,9.16365909576416,20210606_depth_274.npy,20210606_realsense_f_274.jpg,20210606_realsense_l_274.jpg,20210606_realsense_b_274.jpg,20210606_realsense_r_274.jpg
3.543501377105713,-1.18639075756073,8.646577835083008,20210606_depth_275.npy,20210606_realsense_f_275.jpg,20210606_realsense_l_275.jpg,20210606_realsense_b_275.jpg,20210606_realsense_r_275.jpg
-0.9810826778411865,-0.3676847219467163,9.757306098937988,20210606_depth_276.npy,20210606_realsense_f_276.jpg,20210606_realsense_l_276.jpg,20210606_realsense_b_276.jpg,20210606_realsense_r_276.jpg
2.7229857444763184,-0.822617769241333,9.244466781616211,20210606_depth_277.npy,20210606_realsense_f_277.jpg,20210606_realsense_l_277.jpg,20210606_realsense_b_277.jpg,20210606_realsense_r_277.jpg
3.598883628845215,4.613346099853516,7.768978118896484,20210606_depth_278.npy,20210606_realsense_f_278.jpg,20210606_realsense_l_278.jpg,20210606_realsense_b_278.jpg,20210606_realsense_r_278.jpg
3.6720128059387207,5.050022602081299,7.319243907928467,20210606_depth_279.npy,20210606_realsense_f_279.jpg,20210606_realsense_l_279.jpg,20210606_realsense_b_279.jpg,20210606_realsense_r_279.jpg
6.583046913146973,0.8518748879432678,7.042591094970703,20210606_depth_280.npy,20210606_realsense_f_280.jpg,20210606_realsense_l_280.jpg,20210606_realsense_b_280.jpg,20210606_realsense_r_280.jpg
4.439113140106201,-4.838200092315674,7.301209926605225,20210606_depth_281.npy,20210606_realsense_f_281.jpg,20210606_realsense_l_281.jpg,20210606_realsense_b_281.jpg,20210606_realsense_r_281.jpg
1.7337077856063843,1.2631287574768066,9.510575294494629,20210606_depth_282.npy,20210606_realsense_f_282.jpg,20210606_realsense_l_282.jpg,20210606_realsense_b_282.jpg,20210606_realsense_r_282.jpg
2.580519676208496,6.1078290939331055,7.469635963439941,20210606_depth_283.npy,20210606_realsense_f_283.jpg,20210606_realsense_l_283.jpg,20210606_realsense_b_283.jpg,20210606_realsense_r_283.jpg
2.9432408809661865,5.390602111816406,7.575530529022217,20210606_depth_284.npy,20210606_realsense_f_284.jpg,20210606_realsense_l_284.jpg,20210606_realsense_b_284.jpg,20210606_realsense_r_284.jpg
3.159795045852661,6.557677745819092,7.018379211425781,20210606_depth_285.npy,20210606_realsense_f_285.jpg,20210606_realsense_l_285.jpg,20210606_realsense_b_285.jpg,20210606_realsense_r_285.jpg
-2.5187978744506836,2.2179412841796875,9.316856384277344,20210606_depth_286.npy,20210606_realsense_f_286.jpg,20210606_realsense_l_286.jpg,20210606_realsense_b_286.jpg,20210606_realsense_r_286.jpg
2.8593409061431885,-4.217730522155762,8.436727523803711,20210606_depth_287.npy,20210606_realsense_f_287.jpg,20210606_realsense_l_287.jpg,20210606_realsense_b_287.jpg,20210606_realsense_r_287.jpg
3.966254711151123,-0.7890317440032959,8.702057838439941,20210606_depth_288.npy,20210606_realsense_f_288.jpg,20210606_realsense_l_288.jpg,20210606_realsense_b_288.jpg,20210606_realsense_r_288.jpg
0.7942125201225281,-0.8268107771873474,9.692940711975098,20210606_depth_289.npy,20210606_realsense_f_289.jpg,20210606_realsense_l_289.jpg,20210606_realsense_b_289.jpg,20210606_realsense_r_289.jpg
1.941864252090454,3.6086089611053467,8.77270221710205,20210606_depth_290.npy,20210606_realsense_f_290.jpg,20210606_realsense_l_290.jpg,20210606_realsense_b_290.jpg,20210606_realsense_r_290.jpg
3.082899332046509,-5.571606159210205,7.66227388381958,20210606_depth_291.npy,20210606_realsense_f_291.jpg,20210606_realsense_l_291.jpg,20210606_realsense_b_291.jpg,20210606_realsense_r_291.jpg
5.903329372406006,0.31171083450317383,7.951113700866699,20210606_depth_292.npy,20210606_realsense_f_292.jpg,20210606_realsense_l_292.jpg,20210606_realsense_b_292.jpg,20210606_realsense_r_292.jpg
-0.9523169994354248,-0.3935457170009613,9.803506851196289,20210606_depth_293.npy,20210606_realsense_f_293.jpg,20210606_realsense_l_293.jpg,20210606_realsense_b_293.jpg,20210606_realsense_r_293.jpg
3.286205291748047,-0.5232694745063782,9.19611644744873,20210606_depth_294.npy,20210606_realsense_f_294.jpg,20210606_realsense_l_294.jpg,20210606_realsense_b_294.jpg,20210606_realsense_r_294.jpg
3.127910852432251,0.06933378428220749,9.480685234069824,20210606_depth_295.npy,20210606_realsense_f_295.jpg,20210606_realsense_l_295.jpg,20210606_realsense_b_295.jpg,20210606_realsense_r_295.jpg
1.7180163860321045,0.28336769342422485,9.708680152893066,20210606_depth_296.npy,20210606_realsense_f_296.jpg,20210606_realsense_l_296.jpg,20210606_realsense_b_296.jpg,20210606_realsense_r_296.jpg
5.655604362487793,0.5089921355247498,8.081847190856934,20210606_depth_297.npy,20210606_realsense_f_297.jpg,20210606_realsense_l_297.jpg,20210606_realsense_b_297.jpg,20210606_realsense_r_297.jpg
4.085077285766602,5.2960286140441895,7.3742852210998535,20210606_depth_298.npy,20210606_realsense_f_298.jpg,20210606_realsense_l_298.jpg,20210606_realsense_b_298.jpg,20210606_realsense_r_298.jpg
-0.8607016801834106,0.2575058341026306,9.910639762878418,20210606_depth_299.npy,20210606_realsense_f_299.jpg,20210606_realsense_l_299.jpg,20210606_realsense_b_299.jpg,20210606_realsense_r_299.jpg
2.2524149417877197,-3.218817710876465,9.05872631072998,20210606_depth_300.npy,20210606_realsense_f_300.jpg,20210606_realsense_l_300.jpg,20210606_realsense_b_300.jpg,20210606_realsense_r_300.jpg
3.2882080078125,0.7383544445037842,9.33519172668457,20210606_depth_301.npy,20210606_realsense_f_301.jpg,20210606_realsense_l_301.jpg,20210606_realsense_b_301.jpg,20210606_realsense_r_301.jpg
2.7651219367980957,0.06459496915340424,9.48952865600586,20210606_depth_302.npy,20210606_realsense_f_302.jpg,20210606_realsense_l_302.jpg,20210606_realsense_b_302.jpg,20210606_realsense_r_302.jpg
5.679347991943359,-0.23664189875125885,7.888331890106201,20210606_depth_303.npy,20210606_realsense_f_303.jpg,20210606_realsense_l_303.jpg,20210606_realsense_b_303.jpg,20210606_realsense_r_303.jpg
3.6587960720062256,-4.787041664123535,7.943421363830566,20210606_depth_304.npy,20210606_realsense_f_304.jpg,20210606_realsense_l_304.jpg,20210606_realsense_b_304.jpg,20210606_realsense_r_304.jpg
3.7123005390167236,-3.7834410667419434,8.201396942138672,20210606_depth_305.npy,20210606_realsense_f_305.jpg,20210606_realsense_l_305.jpg,20210606_realsense_b_305.jpg,20210606_realsense_r_305.jpg
-0.9960169792175293,0.6529171466827393,9.766621589660645,20210606_depth_306.npy,20210606_realsense_f_306.jpg,20210606_realsense_l_306.jpg,20210606_realsense_b_306.jpg,20210606_realsense_r_306.jpg
1.6445120573043823,3.8593623638153076,8.959761619567871,20210606_depth_307.npy,20210606_realsense_f_307.jpg,20210606_realsense_l_307.jpg,20210606_realsense_b_307.jpg,20210606_realsense_r_307.jpg
2.3777949810028076,0.841082751750946,7.357977867126465,20210606_depth_308.npy,20210606_realsense_f_308.jpg,20210606_realsense_l_308.jpg,20210606_realsense_b_308.jpg,20210606_realsense_r_308.jpg
0.6153756976127625,0.8424689173698425,9.788562774658203,20210606_depth_309.npy,20210606_realsense_f_309.jpg,20210606_realsense_l_309.jpg,20210606_realsense_b_309.jpg,20210606_realsense_r_309.jpg
2.228654384613037,-4.699516773223877,8.228910446166992,20210606_depth_310.npy,20210606_realsense_f_310.jpg,20210606_realsense_l_310.jpg,20210606_realsense_b_310.jpg,20210606_realsense_r_310.jpg
5.826232433319092,0.4266118109226227,7.8889994621276855,20210606_depth_311.npy,20210606_realsense_f_311.jpg,20210606_realsense_l_311.jpg,20210606_realsense_b_311.jpg,20210606_realsense_r_311.jpg
3.182347059249878,4.794666767120361,7.912189483642578,20210606_depth_312.npy,20210606_realsense_f_312.jpg,20210606_realsense_l_312.jpg,20210606_realsense_b_312.jpg,20210606_realsense_r_312.jpg
-0.7194249629974365,0.8610463738441467,9.681822776794434,20210606_depth_313.npy,20210606_realsense_f_313.jpg,20210606_realsense_l_313.jpg,20210606_realsense_b_313.jpg,20210606_realsense_r_313.jpg
2.835254669189453,0.15249429643154144,9.33254623413086,20210606_depth_314.npy,20210606_realsense_f_314.jpg,20210606_realsense_l_314.jpg,20210606_realsense_b_314.jpg,20210606_realsense_r_314.jpg
3.8074791431427,0.2033613622188568,8.89840030670166,20210606_depth_315.npy,20210606_realsense_f_315.jpg,20210606_realsense_l_315.jpg,20210606_realsense_b_315.jpg,20210606_realsense_r_315.jpg
2.59869647026062,-0.54437655210495,9.406381607055664,20210606_depth_316.npy,20210606_realsense_f_316.jpg,20210606_realsense_l_316.jpg,20210606_realsense_b_316.jpg,20210606_realsense_r_316.jpg
4.515120029449463,-0.3647725284099579,8.529143333435059,20210606_depth_317.npy,20210606_realsense_f_317.jpg,20210606_realsense_l_317.jpg,20210606_realsense_b_317.jpg,20210606_realsense_r_317.jpg
2.630545139312744,-3.1599175930023193,8.934057235717773,20210606_depth_318.npy,20210606_realsense_f_318.jpg,20210606_realsense_l_318.jpg,20210606_realsense_b_318.jpg,20210606_realsense_r_318.jpg
-1.5729347467422485,0.07758878171443939,9.662847518920898,20210606_depth_319.npy,20210606_realsense_f_319.jpg,20210606_realsense_l_319.jpg,20210606_realsense_b_319.jpg,20210606_realsense_r_319.jpg
-3.0385918617248535,0.1887747198343277,9.499485969543457,20210606_depth_320.npy,20210606_realsense_f_320.jpg,20210606_realsense_l_320.jpg,20210606_realsense_b_320.jpg,20210606_realsense_r_320.jpg
1.9905093908309937,0.4081505835056305,9.568368911743164,20210606_depth_321.npy,20210606_realsense_f_321.jpg,20210606_realsense_l_321.jpg,20210606_realsense_b_321.jpg,20210606_realsense_r_321.jpg
2.380366325378418,0.8378435969352722,9.435394287109375,20210606_depth_322.npy,20210606_realsense_f_322.jpg,20210606_realsense_l_322.jpg,20210606_realsense_b_322.jpg,20210606_realsense_r_322.jpg
2.190946578979492,1.6583887338638306,9.333212852478027,20210606_depth_323.npy,20210606_realsense_f_323.jpg,20210606_realsense_l_323.jpg,20210606_realsense_b_323.jpg,20210606_realsense_r_323.jpg
2.3072433471679688,0.7722868323326111,9.647000312805176,20210606_depth_324.npy,20210606_realsense_f_324.jpg,20210606_realsense_l_324.jpg,20210606_realsense_b_324.jpg,20210606_realsense_r_324.jpg
-0.7548872828483582,0.42077112197875977,9.709023475646973,20210606_depth_325.npy,20210606_realsense_f_325.jpg,20210606_realsense_l_325.jpg,20210606_realsense_b_325.jpg,20210606_realsense_r_325.jpg
-0.10555540025234222,0.6918948292732239,9.808364868164062,20210606_depth_326.npy,20210606_realsense_f_326.jpg,20210606_realsense_l_326.jpg,20210606_realsense_b_326.jpg,20210606_realsense_r_326.jpg
