0.792087,-0.0459761,9.8106,1605236607775219456.npy,1605236607859221248_camera_0.jpg
1.00496,-1.34582,9.63748,1605236607979223808.npy,1605236607979223808_camera_0.jpg
4.87459,2.91526,8.03909,1605236608081225984.npy,1605236608081225984_camera_0.jpg
-2.37358,2.90858,9.06749,1605236608183228160.npy,1605236608183228160_camera_0.jpg
4.00039,4.1194,7.98945,1605236608387232512.npy,1605236608387232512_camera_0.jpg
-2.80077,-3.40769,8.76268,1605236608489234688.npy,1605236608591236864_camera_0.jpg
-1.47133,0.0027553,9.67599,1605236608693239040.npy,1605236608693239040_camera_0.jpg
1.34599,0.32471,9.65795,1605236608795241216.npy,1605236608795241216_camera_0.jpg
-3.25144,2.01516,8.92216,1605236608897243392.npy,1605236608897243392_camera_0.jpg
2.62162,3.08575,8.89908,1605236608999245568.npy,1605236608999245568_camera_0.jpg
-3.48155,-2.96933,8.64767,1605236609101247744.npy,1605236609101247744_camera_0.jpg
-1.47406,2.39673,9.34592,1605236609203249920.npy,1605236609203249920_camera_0.jpg
-2.04408,1.92041,9.32026,1605236609305252096.npy,1605236609356253184_camera_0.jpg
-0.7656,-0.335016,9.81553,1605236609407254272.npy,1605236609416254464_camera_0.jpg
1.0977,0.479002,9.72537,1605236609509256448.npy,1605236609509256448_camera_0.jpg
-0.685993,-4.62125,8.63341,1605236609611258624.npy,1605236609611258624_camera_0.jpg
-0.0766582,4.70331,8.55141,1605236609815262976.npy,1605236609815262976_camera_0.jpg
3.94697,4.11032,7.93419,1605236609917265152.npy,1605236610001266944_camera_0.jpg
3.30115,3.83713,8.33571,1605236610019267328.npy,1605236610028267520_camera_0.jpg
3.55324,2.4768,8.84315,1605236610121269504.npy,1605236610223271680_camera_0.jpg
4.15588,2.70177,8.46141,1605236610325273856.npy,1605236610325273856_camera_0.jpg
2.58063,4.02631,8.53218,1605236610427276032.npy,1605236610427276032_camera_0.jpg
-1.11393,2.84722,9.28924,1605236610529278208.npy,1605236610616280064_camera_0.jpg
-3.16225,3.66084,8.53157,1605236610733282560.npy,1605236610733282560_camera_0.jpg
3.06372,1.86343,9.0608,1605236610835284736.npy,1605236610835284736_camera_0.jpg
1.1128,0.697764,9.75212,1605236610937286912.npy,1605236611015288576_camera_0.jpg
3.28955,-4.57318,8.14545,1605236611141291264.npy,1605236611141291264_camera_0.jpg
-4.22885,-0.298223,8.79306,1605236611243293440.npy,1605236611243293440_camera_0.jpg
1.79352,2.27872,9.34903,1605236611345295616.npy,1605236611345295616_camera_0.jpg
-4.18374,-1.84858,8.73188,1605236611447297792.npy,1605236611447297792_camera_0.jpg
4.2241,-2.0581,8.61131,1605236611651302144.npy,1605236611651302144_camera_0.jpg
4.53897,1.08532,8.66735,1605236611753304320.npy,1605236611813305600_camera_0.jpg
0.140857,4.64729,8.59354,1605236611957308672.npy,1605236611957308672_camera_0.jpg
-0.562922,2.62583,9.47,1605236612059310848.npy,1605236612101311744_camera_0.jpg
-2.07514,4.28904,8.6224,1605236612161313024.npy,1605236612161313024_camera_0.jpg
-3.56888,-1.13394,9.04517,1605236612365317376.npy,1605236612365317376_camera_0.jpg
-3.16854,3.98495,8.42863,1605236612467319552.npy,1605236612467319552_camera_0.jpg
1.47801,-4.34603,8.65022,1605236612569321728.npy,1605236612656323584_camera_0.jpg
1.0473,-3.34594,9.03487,1605236612773326080.npy,1605236612773326080_camera_0.jpg
4.82032,-2.82055,8.09616,1605236612875328256.npy,1605236612875328256_camera_0.jpg
0.511777,-1.80879,9.65065,1605236612977330432.npy,1605236612977330432_camera_0.jpg
0.930477,-0.434103,9.82493,1605236613079332608.npy,1605236613124333568_camera_0.jpg
3.68075,-1.49181,8.99495,1605236613181334784.npy,1605236613181334784_camera_0.jpg
0.17685,2.3578,9.52413,1605236613283336960.npy,1605236613334338048_camera_0.jpg
0.882274,-3.91683,8.9054,1605236613385339136.npy,1605236613388339200_camera_0.jpg
-0.459677,-3.09633,9.32405,1605236613487341312.npy,1605236613523342080_camera_0.jpg
-1.0281,-4.40568,8.68933,1605236613589343488.npy,1605236613589343488_camera_0.jpg
-2.46571,-3.79172,8.60131,1605236613691345664.npy,1605236613691345664_camera_0.jpg
1.95635,-0.752998,9.6104,1605236613793347840.npy,1605236613886349824_camera_0.jpg
-4.86318,-2.53988,8.13793,1605236613997352192.npy,1605236613997352192_camera_0.jpg
1.31932,-4.60505,8.56515,1605236614099354368.npy,1605236614189356288_camera_0.jpg
1.22143,2.64084,9.32119,1605236614303358720.npy,1605236614303358720_camera_0.jpg
-4.30629,2.53488,8.45747,1605236614405360896.npy,1605236614405360896_camera_0.jpg
-4.76405,-1.8625,8.24888,1605236614507363072.npy,1605236614507363072_camera_0.jpg
-4.68222,-4.01974,7.62378,1605236614711367424.npy,1605236614711367424_camera_0.jpg
-3.7444,2.17587,8.71506,1605236614813369600.npy,1605236614861370624_camera_0.jpg
2.82296,-2.50355,8.97977,1605236615017373952.npy,1605236615017373952_camera_0.jpg
-0.556426,3.50138,9.09718,1605236615119376128.npy,1605236615119376128_camera_0.jpg
0.303328,2.10536,9.60893,1605236615221378304.npy,1605236615221378304_camera_0.jpg
-0.15097,-0.792118,9.81468,1605236615323380480.npy,1605236615383381760_camera_0.jpg
1.62324,-2.57856,9.28717,1605236615425382656.npy,1605236615464383488_camera_0.jpg
4.94451,3.41827,7.87117,1605236615527384832.npy,1605236615527384832_camera_0.jpg
-4.69332,-1.51876,8.55446,1605236615629387008.npy,1605236615704388608_camera_0.jpg
-3.34632,-2.11782,8.93757,1605236615731389184.npy,1605236615815390976_camera_0.jpg
2.33427,-1.84891,9.32654,1605236615833391360.npy,1605236615908392960_camera_0.jpg
-2.82826,2.51435,9.02501,1605236615935393536.npy,1605236615935393536_camera_0.jpg
2.07195,-4.17355,8.64733,1605236616037395712.npy,1605236616037395712_camera_0.jpg
-4.11853,-4.45486,7.73956,1605236616139397888.npy,1605236616139397888_camera_0.jpg
-4.61517,2.72456,8.2596,1605236616241400064.npy,1605236616241400064_camera_0.jpg
-0.570571,0.962162,9.78008,1605236616343402240.npy,1605236616343402240_camera_0.jpg
-1.75229,-2.99226,9.20883,1605236616445404416.npy,1605236616547406592_camera_0.jpg
-0.0987476,3.9337,9.06034,1605236616649408768.npy,1605236616649408768_camera_0.jpg
-1.74054,0.767234,9.62213,1605236616751410944.npy,1605236616853413120_camera_0.jpg
-4.45216,-1.1397,8.733,1605236616955415296.npy,1605236616976415744_camera_0.jpg
-0.87854,3.1979,9.2155,1605236617057417472.npy,1605236617111418624_camera_0.jpg
4.19383,2.82213,8.34573,1605236617159419648.npy,1605236617159419648_camera_0.jpg
-4.59613,-1.27404,8.51364,1605236617261421824.npy,1605236617261421824_camera_0.jpg
-4.59809,2.24593,8.34222,1605236617363424000.npy,1605236617459426048_camera_0.jpg
0.300639,4.83052,8.52878,1605236617771432704.npy,1605236617771432704_camera_0.jpg
1.51625,3.37593,8.98528,1605236617873434880.npy,1605236617873434880_camera_0.jpg
-4.27363,1.01167,8.76944,1605236618077439232.npy,1605236618077439232_camera_0.jpg
-0.158491,-2.37075,9.48052,1605236618179441408.npy,1605236618179441408_camera_0.jpg
-0.489658,0.263634,9.72757,1605236618281443584.npy,1605236618311444224_camera_0.jpg
-0.678412,3.90636,8.99234,1605236618383445760.npy,1605236618383445760_camera_0.jpg
4.46698,-0.86043,8.63935,1605236618485447936.npy,1605236618485447936_camera_0.jpg
1.57804,0.570244,9.65386,1605236618587450112.npy,1605236618587450112_camera_0.jpg
-0.815645,-4.77415,8.56283,1605236618791454464.npy,1605236618791454464_camera_0.jpg
4.53419,-3.83918,7.81883,1605236618893456640.npy,1605236618893456640_camera_0.jpg
3.40357,-0.909815,9.19808,1605236618995458816.npy,1605236618995458816_camera_0.jpg
-4.82707,0.684815,8.54572,1605236619097460992.npy,1605236619097460992_camera_0.jpg
0.078792,-1.90712,9.65561,1605236619301465344.npy,1605236619301465344_camera_0.jpg
-1.14019,-1.0962,9.7009,1605236619403467520.npy,1605236619481469184_camera_0.jpg
-4.76555,2.11408,8.30577,1605236619505469696.npy,1605236619505469696_camera_0.jpg
0.710369,0.86321,9.79954,1605236619607471872.npy,1605236619607471872_camera_0.jpg
-2.78055,0.32067,9.37103,1605236619709474048.npy,1605236619709474048_camera_0.jpg
2.57287,0.465149,9.36759,1605236619811476224.npy,1605236619811476224_camera_0.jpg
0.449701,3.1708,9.23912,1605236619913478400.npy,1605236619913478400_camera_0.jpg
1.46457,-3.76359,8.96389,1605236620015480576.npy,1605236620117482752_camera_0.jpg
-3.81116,-2.29659,8.72694,1605236620219484928.npy,1605236620219484928_camera_0.jpg
-0.305011,-2.42846,9.50485,1605236620321487104.npy,1605236620321487104_camera_0.jpg
3.0154,2.66318,8.94945,1605236620423489280.npy,1605236620423489280_camera_0.jpg
-3.37862,3.52994,8.45668,1605236620525491456.npy,1605236620525491456_camera_0.jpg
2.3551,3.79355,8.75894,1605236620627493632.npy,1605236620627493632_camera_0.jpg
0.234879,-0.0491717,9.79072,1605236620831497984.npy,1605236620831497984_camera_0.jpg
1.40225,1.03705,9.69013,1605236620933500160.npy,1605236620972500992_camera_0.jpg
2.66369,-4.66275,8.2751,1605236621035502336.npy,1605236621101503744_camera_0.jpg
4.3281,0.0829831,8.81875,1605236621137504512.npy,1605236621188505600_camera_0.jpg
-3.30027,-3.32903,8.57689,1605236621239506688.npy,1605236621263507200_camera_0.jpg
-2.61114,1.92024,9.24614,1605236621341508864.npy,1605236621443511040_camera_0.jpg
-1.34086,4.16269,8.74103,1605236621545513216.npy,1605236621545513216_camera_0.jpg
-1.41379,4.44394,8.66566,1605236621647515392.npy,1605236621734517248_camera_0.jpg
-2.53587,3.25737,8.85107,1605236621851519744.npy,1605236621851519744_camera_0.jpg
-2.30619,-4.60368,8.28329,1605236622157526272.npy,1605236622157526272_camera_0.jpg
1.0792,-1.94018,9.60602,1605236622361530624.npy,1605236622361530624_camera_0.jpg
1.2509,-0.690588,9.65833,1605236622463532800.npy,1605236622463532800_camera_0.jpg
1.23553,-0.376934,9.65663,1605236622565534976.npy,1605236622646536704_camera_0.jpg
0.604939,-2.27241,9.54201,1605236622769539328.npy,1605236622769539328_camera_0.jpg
-3.87637,3.10912,8.37847,1605236622871541504.npy,1605236622964543488_camera_0.jpg
-1.18149,0.550287,9.61999,1605236623075545856.npy,1605236623075545856_camera_0.jpg
-3.17853,-0.70409,9.18783,1605236623177548032.npy,1605236623177548032_camera_0.jpg
4.73487,-1.61225,8.3846,1605236623279550208.npy,1605236623279550208_camera_0.jpg
0.0534719,1.08412,9.77187,1605236623381552384.npy,1605236623381552384_camera_0.jpg
0.519233,-3.04792,9.34837,1605236623483554560.npy,1605236623483554560_camera_0.jpg
-4.37235,0.832014,8.66944,1605236623585556736.npy,1605236623651558144_camera_0.jpg
-2.83947,-3.52184,8.67824,1605236623789561088.npy,1605236623789561088_camera_0.jpg
1.99808,0.164976,9.61142,1605236623891563264.npy,1605236623975565056_camera_0.jpg
-2.20695,1.93083,9.3571,1605236624095567616.npy,1605236624095567616_camera_0.jpg
0.67126,1.29614,9.69467,1605236624299571968.npy,1605236624299571968_camera_0.jpg
2.95654,-3.49439,8.65063,1605236624401574144.npy,1605236624497576192_camera_0.jpg
3.64691,0.855572,9.06743,1605236624605578496.npy,1605236624605578496_camera_0.jpg
-3.95396,-4.39306,7.85865,1605236624707580672.npy,1605236624707580672_camera_0.jpg
2.64381,0.812565,9.40912,1605236624809582848.npy,1605236624815582976_camera_0.jpg
-2.66098,2.01173,9.28999,1605236624911585024.npy,1605236624911585024_camera_0.jpg
-3.47771,-2.21332,8.87033,1605236625115589376.npy,1605236625115589376_camera_0.jpg
0.222422,4.63871,8.60654,1605236625217591552.npy,1605236625307593472_camera_0.jpg
-3.04465,-2.79015,8.80938,1605236625421595904.npy,1605236625421595904_camera_0.jpg
-4.01316,2.71228,8.44196,1605236625523598080.npy,1605236625523598080_camera_0.jpg
4.69762,-2.31989,8.34499,1605236625625600256.npy,1605236625625600256_camera_0.jpg
4.17395,-2.74434,8.45995,1605236625727602432.npy,1605236625727602432_camera_0.jpg
3.4416,-0.00627076,9.17625,1605236625829604608.npy,1605236625871605504_camera_0.jpg
-1.06717,-4.33154,8.77898,1605236626033608960.npy,1605236626033608960_camera_0.jpg
-1.17122,-4.76866,8.45356,1605236626135611136.npy,1605236626135611136_camera_0.jpg
-0.217475,-2.6871,9.42994,1605236626237613312.npy,1605236626237613312_camera_0.jpg
-1.86002,-4.28238,8.64853,1605236626339615488.npy,1605236626441617664_camera_0.jpg
-3.02435,1.45982,9.31573,1605236626543619840.npy,1605236626543619840_camera_0.jpg
-3.02858,-1.4154,9.18372,1605236626645622016.npy,1605236626645622016_camera_0.jpg
-3.97439,-3.99116,8.12088,1605236626747624192.npy,1605236626747624192_camera_0.jpg
1.68271,4.24573,8.69369,1605236626849626368.npy,1605236626933628160_camera_0.jpg
3.38582,2.34625,8.87278,1605236626951628544.npy,1605236626960628736_camera_0.jpg
1.47893,4.44214,8.55005,1605236627053630720.npy,1605236627122632192_camera_0.jpg
1.34635,2.66223,9.33655,1605236627155632896.npy,1605236627155632896_camera_0.jpg
3.40664,0.402481,9.24985,1605236627257635072.npy,1605236627257635072_camera_0.jpg
-4.27484,-2.81556,8.41949,1605236627359637248.npy,1605236627359637248_camera_0.jpg
-2.82567,-4.44925,8.22365,1605236627461639424.npy,1605236627461639424_camera_0.jpg
-4.60338,0.814701,8.5787,1605236627563641600.npy,1605236627563641600_camera_0.jpg
-4.48178,3.38347,7.99612,1605236627665643776.npy,1605236627767645952_camera_0.jpg
-0.733737,-3.51884,9.09028,1605236627869648128.npy,1605236627869648128_camera_0.jpg
-0.723077,-4.45063,8.71303,1605236627971650304.npy,1605236627971650304_camera_0.jpg
4.78349,-3.23133,7.9477,1605236628073652480.npy,1605236628076652544_camera_0.jpg
1.30776,0.482363,9.61771,1605236628175654656.npy,1605236628175654656_camera_0.jpg
-3.63856,-4.46379,7.98779,1605236628277656832.npy,1605236628277656832_camera_0.jpg
4.90493,2.50524,8.16712,1605236628379659008.npy,1605236628379659008_camera_0.jpg
-3.80268,-3.98912,8.08177,1605236628481661184.npy,1605236628481661184_camera_0.jpg
3.9256,3.49341,8.29516,1605236628583663360.npy,1605236628586663424_camera_0.jpg
-0.18045,-4.04051,8.94074,1605236628685665536.npy,1605236628685665536_camera_0.jpg
-4.88218,-2.56415,8.1109,1605236628787667712.npy,1605236628787667712_camera_0.jpg
-1.29897,0.302124,9.67242,1605236629093674240.npy,1605236629093674240_camera_0.jpg
-3.12705,2.59097,8.90109,1605236629195676416.npy,1605236629195676416_camera_0.jpg
1.52918,-1.37806,9.61522,1605236629297678592.npy,1605236629297678592_camera_0.jpg
2.78129,4.00966,8.54697,1605236629399680768.npy,1605236629399680768_camera_0.jpg
-3.29345,3.66059,8.47223,1605236629501682944.npy,1605236629534683648_camera_0.jpg
-3.44346,-0.945441,9.12266,1605236629603685120.npy,1605236629615685376_camera_0.jpg
-2.77002,-0.841979,9.38191,1605236629705687296.npy,1605236629741688064_camera_0.jpg
-0.135295,3.18876,9.24818,1605236629807689472.npy,1605236629807689472_camera_0.jpg
-1.09965,4.3264,8.7861,1605236629909691648.npy,1605236629945692416_camera_0.jpg
4.02031,-1.10362,8.82116,1605236630011693824.npy,1605236630011693824_camera_0.jpg
-0.737433,-1.89842,9.53043,1605236630113696000.npy,1605236630113696000_camera_0.jpg
3.98527,-2.06849,8.67186,1605236630215698176.npy,1605236630254699008_camera_0.jpg
-1.15779,1.74308,9.57676,1605236630317700352.npy,1605236630317700352_camera_0.jpg
0.834279,-0.875316,9.74306,1605236630419702528.npy,1605236630512704512_camera_0.jpg
-4.05323,-3.59176,8.23492,1605236630623706880.npy,1605236630623706880_camera_0.jpg
3.87191,2.00559,8.73863,1605236630725709056.npy,1605236630758709760_camera_0.jpg
2.0973,2.36954,9.23536,1605236630929713408.npy,1605236630929713408_camera_0.jpg
3.47581,3.95494,8.2587,1605236631031715584.npy,1605236631094716928_camera_0.jpg
1.11752,1.93421,9.50675,1605236631235719936.npy,1605236631235719936_camera_0.jpg
2.65331,4.48576,8.33943,1605236631439724288.npy,1605236631439724288_camera_0.jpg
-3.67625,-4.18732,7.99807,1605236631541726464.npy,1605236631583727360_camera_0.jpg
-1.52101,-4.8274,8.4865,1605236631745730816.npy,1605236631745730816_camera_0.jpg
3.05998,-4.46599,8.2693,1605236631847732992.npy,1605236631847732992_camera_0.jpg
3.80071,3.17377,8.52691,1605236631949735168.npy,1605236632048737280_camera_0.jpg
4.12592,1.17794,8.86365,1605236632153739520.npy,1605236632153739520_camera_0.jpg
4.50883,-4.19377,7.68637,1605236632357743872.npy,1605236632357743872_camera_0.jpg
1.56186,4.19063,8.77146,1605236632459746048.npy,1605236632525747456_camera_0.jpg
-3.68433,3.4407,8.44823,1605236632663750400.npy,1605236632663750400_camera_0.jpg
3.38889,4.00303,8.32736,1605236632765752576.npy,1605236632855754496_camera_0.jpg
-2.89076,3.1356,8.84766,1605236632969756928.npy,1605236632969756928_camera_0.jpg
-1.70125,0.0193461,9.61568,1605236633071759104.npy,1605236633071759104_camera_0.jpg
3.85395,2.53952,8.5575,1605236633173761280.npy,1605236633173761280_camera_0.jpg
-1.28889,-1.36945,9.6241,1605236633275763456.npy,1605236633362765312_camera_0.jpg
-2.51267,2.18742,9.12196,1605236633377765632.npy,1605236633377765632_camera_0.jpg
3.34799,4.38214,8.06145,1605236633479767808.npy,1605236633479767808_camera_0.jpg
-4.09807,0.995427,8.892,1605236633581769984.npy,1605236633581769984_camera_0.jpg
-3.96453,-0.312295,8.97741,1605236633683772160.npy,1605236633767773952_camera_0.jpg
-2.35569,-2.01849,9.2646,1605236633785774336.npy,1605236633878776320_camera_0.jpg
4.55536,0.569657,8.62786,1605236633989778688.npy,1605236633989778688_camera_0.jpg
-0.77319,-4.60754,8.65023,1605236634091780864.npy,1605236634091780864_camera_0.jpg
3.9939,1.88816,8.77308,1605236634295785216.npy,1605236634295785216_camera_0.jpg
-1.35439,4.70883,8.50441,1605236634397787392.npy,1605236634397787392_camera_0.jpg
4.62162,0.583259,8.72896,1605236634499789568.npy,1605236634499789568_camera_0.jpg
-4.31095,-4.13628,7.65116,1605236634601791744.npy,1605236634601791744_camera_0.jpg
0.954865,2.67597,9.40618,1605236634703793920.npy,1605236634733794560_camera_0.jpg
-3.44581,2.99794,8.71194,1605236634805796096.npy,1605236634901798144_camera_0.jpg
1.34648,-4.04624,8.78661,1605236635009800448.npy,1605236635009800448_camera_0.jpg
-2.13689,-1.01527,9.45067,1605236635111802624.npy,1605236635111802624_camera_0.jpg
1.72612,-1.68068,9.49475,1605236635213804800.npy,1605236635213804800_camera_0.jpg
-4.38792,-0.481446,8.74857,1605236635315806976.npy,1605236635315806976_camera_0.jpg
-4.46846,-3.01095,8.18591,1605236635417809152.npy,1605236635519811328_camera_0.jpg
-2.76579,2.56409,8.94655,1605236635621813504.npy,1605236635621813504_camera_0.jpg
4.50821,-2.29394,8.3572,1605236635723815680.npy,1605236635723815680_camera_0.jpg
3.25195,2.61687,8.85575,1605236635825817856.npy,1605236635825817856_camera_0.jpg
2.87977,-0.0653813,9.36059,1605236635927820032.npy,1605236635984821248_camera_0.jpg
4.21741,1.32153,8.6699,1605236636029822208.npy,1605236636029822208_camera_0.jpg
-1.33544,-2.85973,9.35584,1605236636131824384.npy,1605236636131824384_camera_0.jpg
-0.346182,-3.25024,9.18487,1605236636233826560.npy,1605236636233826560_camera_0.jpg
-4.00776,-2.17405,8.74274,1605236636335828736.npy,1605236636347828992_camera_0.jpg
2.80943,1.16788,9.37997,1605236636437830912.npy,1605236636437830912_camera_0.jpg
-0.230335,2.18583,9.48743,1605236636539833088.npy,1605236636617834752_camera_0.jpg
1.60609,-3.09237,9.13966,1605236636743837440.npy,1605236636743837440_camera_0.jpg
-1.81605,4.57554,8.47672,1605236636845839616.npy,1605236636845839616_camera_0.jpg
1.26374,-4.48527,8.57924,1605236636947841792.npy,1605236636947841792_camera_0.jpg
1.58571,-2.54858,9.37016,1605236637049843968.npy,1605236637049843968_camera_0.jpg
1.96604,-2.30008,9.2971,1605236637151846144.npy,1605236637151846144_camera_0.jpg
-1.91617,2.62122,9.26642,1605236637253848320.npy,1605236637253848320_camera_0.jpg
0.780654,-2.9016,9.33773,1605236637355850496.npy,1605236637355850496_camera_0.jpg
-3.85806,1.5813,8.90268,1605236637457852672.npy,1605236637523854080_camera_0.jpg
3.65261,4.46882,7.87604,1605236637559854848.npy,1605236637559854848_camera_0.jpg
-0.812596,-1.03402,9.70089,1605236637661857024.npy,1605236637661857024_camera_0.jpg
1.25965,0.988236,9.6344,1605236637763859200.npy,1605236637838860800_camera_0.jpg
4.72127,3.45864,7.86007,1605236637865861376.npy,1605236637865861376_camera_0.jpg
1.56794,3.32552,9.1229,1605236637967863552.npy,1605236638069865728_camera_0.jpg
4.40464,-2.26136,8.41525,1605236638171867904.npy,1605236638171867904_camera_0.jpg
0.393855,-4.20024,8.89071,1605236638273870080.npy,1605236638273870080_camera_0.jpg
-0.131163,-1.36079,9.69637,1605236638375872256.npy,1605236638459874048_camera_0.jpg
2.69519,-2.52011,9.05919,1605236638579876608.npy,1605236638579876608_camera_0.jpg
-3.73155,-0.391596,9.12698,1605236638783880960.npy,1605236638783880960_camera_0.jpg
-3.83632,1.9661,8.84345,1605236638885883136.npy,1605236638942884352_camera_0.jpg
0.546652,-2.36726,9.43063,1605236639089887488.npy,1605236639089887488_camera_0.jpg
0.115775,-1.03152,9.71828,1605236639191889664.npy,1605236639191889664_camera_0.jpg
-1.98279,3.81054,8.85493,1605236639395894016.npy,1605236639395894016_camera_0.jpg
-1.45867,-3.65021,9.00855,1605236639497896192.npy,1605236639497896192_camera_0.jpg
1.44257,2.32669,9.44885,1605236639599898368.npy,1605236639599898368_camera_0.jpg
1.19743,3.26081,9.1076,1605236639701900544.npy,1605236639701900544_camera_0.jpg
1.51676,-2.227,9.42689,1605236639803902720.npy,1605236639845903616_camera_0.jpg
3.85968,-1.45943,8.76893,1605236639905904896.npy,1605236639905904896_camera_0.jpg
-2.35757,3.89777,8.68822,1605236640007907072.npy,1605236640007907072_camera_0.jpg
-0.331924,0.709602,9.73803,1605236640109909248.npy,1605236640211911424_camera_0.jpg
-0.938949,-3.03028,9.28602,1605236640313913600.npy,1605236640313913600_camera_0.jpg
4.49425,-2.53876,8.32462,1605236640415915776.npy,1605236640484917248_camera_0.jpg
2.72466,3.27541,8.9156,1605236640517917952.npy,1605236640595919616_camera_0.jpg
0.965904,-2.13849,9.46682,1605236640619920128.npy,1605236640619920128_camera_0.jpg
-1.29463,-4.08286,8.74205,1605236640721922304.npy,1605236640721922304_camera_0.jpg
-4.56389,-0.421149,8.69858,1605236640823924480.npy,1605236640823924480_camera_0.jpg
0.289977,3.81717,9.05965,1605236640925926656.npy,1605236640925926656_camera_0.jpg
4.78726,0.649828,8.58294,1605236641027928832.npy,1605236641027928832_camera_0.jpg
-3.61872,-3.68631,8.32146,1605236641129931008.npy,1605236641129931008_camera_0.jpg
2.76683,0.926169,9.35675,1605236641231933184.npy,1605236641327935232_camera_0.jpg
3.13522,-1.45283,9.10732,1605236641435937536.npy,1605236641435937536_camera_0.jpg
0.371591,1.49201,9.67013,1605236641537939712.npy,1605236641537939712_camera_0.jpg
-3.33345,0.859097,9.14888,1605236641639941888.npy,1605236641669942528_camera_0.jpg
-2.56874,-4.35221,8.42517,1605236641741944064.npy,1605236641741944064_camera_0.jpg
2.86466,-2.5307,9.0808,1605236641843946240.npy,1605236641936948224_camera_0.jpg
0.294927,2.10625,9.64699,1605236642047950592.npy,1605236642047950592_camera_0.jpg
0.910499,1.3895,9.70043,1605236642149952768.npy,1605236642218954240_camera_0.jpg
2.59613,-4.45012,8.32912,1605236642353957120.npy,1605236642353957120_camera_0.jpg
-2.52031,-1.23368,9.35573,1605236642455959296.npy,1605236642455959296_camera_0.jpg
-3.70468,2.40547,8.88121,1605236642557961472.npy,1605236642557961472_camera_0.jpg
-2.26153,-2.90399,9.17179,1605236642659963648.npy,1605236642659963648_camera_0.jpg
3.73839,4.24777,8.01671,1605236642761965824.npy,1605236642860967936_camera_0.jpg
-4.21178,-0.273444,8.84311,1605236642965970176.npy,1605236642965970176_camera_0.jpg
2.8656,0.729696,9.37483,1605236643067972352.npy,1605236643067972352_camera_0.jpg
3.59488,-0.769443,9.07365,1605236643169974528.npy,1605236643169974528_camera_0.jpg
-0.259751,-2.23607,9.48598,1605236643271976704.npy,1605236643364978688_camera_0.jpg
2.77493,-4.47093,8.30076,1605236643475981056.npy,1605236643475981056_camera_0.jpg
2.94861,-3.3827,8.73562,1605236643577983232.npy,1605236643667985152_camera_0.jpg
2.18754,4.40406,8.50102,1605236643781987584.npy,1605236643781987584_camera_0.jpg
0.591697,-4.38233,8.6979,1605236643985991936.npy,1605236643985991936_camera_0.jpg
4.14621,-2.855,8.38341,1605236644087994112.npy,1605236644087994112_camera_0.jpg
-1.40555,-1.3176,9.63986,1605236644189996288.npy,1605236644291998464_camera_0.jpg
-3.17029,0.842085,9.30915,1605236644394000640.npy,1605236644394000640_camera_0.jpg
-2.99412,-0.0195269,9.32306,1605236644496002816.npy,1605236644496002816_camera_0.jpg
0.884658,-1.42172,9.65553,1605236644598004992.npy,1605236644685006848_camera_0.jpg
-3.02178,-3.48336,8.59869,1605236644802009344.npy,1605236644802009344_camera_0.jpg
3.77098,-1.58422,8.88282,1605236645006013696.npy,1605236645006013696_camera_0.jpg
-0.051753,-3.76776,9.03953,1605236645108015872.npy,1605236645108015872_camera_0.jpg
0.956771,-2.427,9.41661,1605236645210018048.npy,1605236645210018048_camera_0.jpg
2.28494,-0.165459,9.53087,1605236645414022400.npy,1605236645414022400_camera_0.jpg
-2.87974,0.0683114,9.35822,1605236645516024576.npy,1605236645516024576_camera_0.jpg
-3.30734,4.23346,8.19838,1605236645618026752.npy,1605236645618026752_camera_0.jpg
-1.77606,4.48774,8.5302,1605236645720028928.npy,1605236645720028928_camera_0.jpg
-0.142448,-3.57088,9.13063,1605236645822031104.npy,1605236645825031168_camera_0.jpg
2.44505,-3.5385,8.82825,1605236645924033280.npy,1605236645924033280_camera_0.jpg
2.81281,2.62753,8.95714,1605236646026035456.npy,1605236646026035456_camera_0.jpg
-2.13859,3.98167,8.64326,1605236646128037632.npy,1605236646137037824_camera_0.jpg
4.81639,-0.50264,8.50222,1605236646230039808.npy,1605236646230039808_camera_0.jpg
-1.67182,-2.2851,9.36891,1605236646332041984.npy,1605236646431044096_camera_0.jpg
3.90157,3.36877,8.46669,1605236646536046336.npy,1605236646536046336_camera_0.jpg
-0.101586,-1.10365,9.76741,1605236646638048512.npy,1605236646638048512_camera_0.jpg
0.938374,4.60252,8.71731,1605236646842052864.npy,1605236646842052864_camera_0.jpg
-4.38459,4.28966,7.6586,1605236647046057216.npy,1605236647046057216_camera_0.jpg
4.61265,3.60482,7.88691,1605236647148059392.npy,1605236647148059392_camera_0.jpg
-0.551041,3.41582,9.10672,1605236647250061568.npy,1605236647250061568_camera_0.jpg
-2.27851,-3.26566,8.92438,1605236647454065920.npy,1605236647454065920_camera_0.jpg
1.75893,0.477759,9.63877,1605236647556068096.npy,1605236647631069696_camera_0.jpg
-4.33754,0.736255,8.75955,1605236647658070272.npy,1605236647676070656_camera_0.jpg
2.96469,-0.594528,9.28993,1605236647760072448.npy,1605236647760072448_camera_0.jpg
-1.6495,-2.67123,9.32485,1605236647862074624.npy,1605236647862074624_camera_0.jpg
2.76454,-1.14121,9.32299,1605236647964076800.npy,1605236647964076800_camera_0.jpg
-1.11928,-4.72757,8.53235,1605236648066078976.npy,1605236648066078976_camera_0.jpg
3.97701,-3.74129,8.12337,1605236648270083328.npy,1605236648270083328_camera_0.jpg
-0.237549,1.70425,9.61193,1605236648372085504.npy,1605236648372085504_camera_0.jpg
3.9987,-2.34901,8.65193,1605236648474087680.npy,1605236648474087680_camera_0.jpg
0.423232,0.253396,9.79722,1605236648576089856.npy,1605236648651091456_camera_0.jpg
-3.58393,-4.41873,7.94053,1605236648780094208.npy,1605236648780094208_camera_0.jpg
3.18152,-3.74817,8.45986,1605236648882096384.npy,1605236648936097536_camera_0.jpg
-1.64592,-0.32501,9.71718,1605236649086100736.npy,1605236649086100736_camera_0.jpg
3.28485,-2.47585,8.90842,1605236649188102912.npy,1605236649290105088_camera_0.jpg
-1.52906,4.56036,8.58977,1605236649392107264.npy,1605236649392107264_camera_0.jpg
2.53096,-0.299553,9.46646,1605236649494109440.npy,1605236649494109440_camera_0.jpg
-0.146336,4.72681,8.54619,1605236649596111616.npy,1605236649689113600_camera_0.jpg
-4.84058,3.36066,7.82725,1605236649800115968.npy,1605236649800115968_camera_0.jpg
3.48454,2.31432,8.8736,1605236650106122496.npy,1605236650106122496_camera_0.jpg
-4.36459,-0.645703,8.74794,1605236650208124672.npy,1605236650208124672_camera_0.jpg
1.02763,3.98148,8.87547,1605236650310126848.npy,1605236650370128128_camera_0.jpg
4.60113,-1.70675,8.46604,1605236650412129024.npy,1605236650481130496_camera_0.jpg
2.0282,-1.11647,9.5728,1605236650616133376.npy,1605236650616133376_camera_0.jpg
3.46016,1.02183,9.09858,1605236650718135552.npy,1605236650718135552_camera_0.jpg
0.707542,2.34633,9.52513,1605236650820137728.npy,1605236650820137728_camera_0.jpg
2.68954,-3.28219,8.84279,1605236650922139904.npy,1605236650922139904_camera_0.jpg
-0.957849,-1.68326,9.60171,1605236651024142080.npy,1605236651024142080_camera_0.jpg
-3.14155,-1.78895,9.03116,1605236651228146432.npy,1605236651228146432_camera_0.jpg
-4.46716,0.998199,8.57513,1605236651330148608.npy,1605236651330148608_camera_0.jpg
4.70387,1.58757,8.46621,1605236651432150784.npy,1605236651480151808_camera_0.jpg
-4.82035,3.85119,7.68113,1605236651534152960.npy,1605236651534152960_camera_0.jpg
-0.383361,0.444339,9.79212,1605236651636155136.npy,1605236651636155136_camera_0.jpg
-4.29642,-2.2064,8.54463,1605236651738157312.npy,1605236651822159104_camera_0.jpg
3.82984,-1.81649,8.87913,1605236651840159488.npy,1605236651876160256_camera_0.jpg
4.76874,-0.892347,8.52285,1605236652044163840.npy,1605236652044163840_camera_0.jpg
2.45065,2.07765,9.29875,1605236652146166016.npy,1605236652248168192_camera_0.jpg
-3.60257,1.0179,9.02873,1605236652350170368.npy,1605236652350170368_camera_0.jpg
0.778331,1.92833,9.57893,1605236652452172544.npy,1605236652452172544_camera_0.jpg
3.50926,-4.34508,8.07707,1605236652554174720.npy,1605236652554174720_camera_0.jpg
-3.44765,4.43502,8.04135,1605236652656176896.npy,1605236652656176896_camera_0.jpg
-4.43394,0.865356,8.75268,1605236652758179072.npy,1605236652758179072_camera_0.jpg
3.50447,-2.83083,8.69543,1605236652860181248.npy,1605236652860181248_camera_0.jpg
4.89685,-0.272922,8.48735,1605236652962183424.npy,1605236652974183680_camera_0.jpg
0.285543,-3.34651,9.17152,1605236653064185600.npy,1605236653064185600_camera_0.jpg
1.59486,-4.61728,8.52115,1605236653166187776.npy,1605236653166187776_camera_0.jpg
-0.683116,3.40431,9.07959,1605236653268189952.npy,1605236653301190656_camera_0.jpg
-4.83012,-2.55012,8.18404,1605236653370192128.npy,1605236653370192128_camera_0.jpg
-3.03922,4.3776,8.26125,1605236653472194304.npy,1605236653565196288_camera_0.jpg
-1.49709,0.699547,9.67876,1605236653676198656.npy,1605236653676198656_camera_0.jpg
-3.01191,1.19836,9.24331,1605236653778200832.npy,1605236653838202112_camera_0.jpg
-0.866786,1.69942,9.65697,1605236653880203008.npy,1605236653943204352_camera_0.jpg
3.55978,4.2762,8.00171,1605236653982205184.npy,1605236653982205184_camera_0.jpg
2.14305,-4.72368,8.3744,1605236654084207360.npy,1605236654186209536_camera_0.jpg
-0.00455003,4.84058,8.54009,1605236654288211712.npy,1605236654321212416_camera_0.jpg
-1.21338,-1.3902,9.61477,1605236654390213888.npy,1605236654474215680_camera_0.jpg
-0.327295,-3.09739,9.36451,1605236654492216064.npy,1605236654534216960_camera_0.jpg
-4.39121,0.171326,8.7396,1605236654696220416.npy,1605236654696220416_camera_0.jpg
4.06924,-1.44242,8.74974,1605236654798222592.npy,1605236654861223936_camera_0.jpg
1.92373,4.5907,8.41245,1605236654900224768.npy,1605236654900224768_camera_0.jpg
0.825985,-1.96084,9.54503,1605236655002226944.npy,1605236655002226944_camera_0.jpg
-0.800807,-1.38094,9.61423,1605236655104229120.npy,1605236655155230208_camera_0.jpg
3.53495,-4.53408,7.96039,1605236655206231296.npy,1605236655206231296_camera_0.jpg
-1.66758,3.99986,8.78215,1605236655308233472.npy,1605236655308233472_camera_0.jpg
-0.330914,4.82657,8.56421,1605236655410235648.npy,1605236655476237056_camera_0.jpg
-4.91979,-4.24903,7.43373,1605236655614240000.npy,1605236655617240064_camera_0.jpg
4.68429,-2.70937,8.23545,1605236655716242176.npy,1605236655716242176_camera_0.jpg
1.67091,-2.74427,9.29695,1605236655818244352.npy,1605236655833244672_camera_0.jpg
-0.778589,4.79174,8.51317,1605236655920246528.npy,1605236655920246528_camera_0.jpg
-4.28201,-3.74369,8.01643,1605236656022248704.npy,1605236656124250880_camera_0.jpg
0.93359,0.423024,9.72378,1605236656226253056.npy,1605236656271254016_camera_0.jpg
1.04767,-1.42475,9.58491,1605236656328255232.npy,1605236656328255232_camera_0.jpg
0.688509,2.8739,9.29066,1605236656430257408.npy,1605236656523259392_camera_0.jpg
3.15381,4.44742,8.25616,1605236656634261760.npy,1605236656634261760_camera_0.jpg
-0.629135,2.65122,9.38939,1605236656736263936.npy,1605236656754264320_camera_0.jpg
1.59139,0.352677,9.69819,1605236656838266112.npy,1605236656838266112_camera_0.jpg
3.09346,4.17252,8.37981,1605236656940268288.npy,1605236656967268864_camera_0.jpg
1.40275,3.87447,8.8688,1605236657042270464.npy,1605236657075271168_camera_0.jpg
-3.01024,-1.48243,9.24749,1605236657144272640.npy,1605236657231274496_camera_0.jpg
-0.000185087,-3.34263,9.16784,1605236657348276992.npy,1605236657348276992_camera_0.jpg
4.47202,3.83264,7.82203,1605236657552281344.npy,1605236657552281344_camera_0.jpg
1.75887,-0.442358,9.58151,1605236657654283520.npy,1605236657654283520_camera_0.jpg
-3.02936,0.442825,9.33195,1605236657756285696.npy,1605236657756285696_camera_0.jpg
4.50315,-1.37178,8.59049,1605236657960290048.npy,1605236657960290048_camera_0.jpg
1.19449,0.38867,9.75345,1605236658164294400.npy,1605236658164294400_camera_0.jpg
-3.51473,-3.58627,8.38369,1605236658266296576.npy,1605236658272296704_camera_0.jpg
-2.84192,-4.52046,8.25753,1605236658470300928.npy,1605236658470300928_camera_0.jpg
-2.34331,1.19527,9.43977,1605236658572303104.npy,1605236658614304000_camera_0.jpg
4.57714,-2.63863,8.24609,1605236658776307456.npy,1605236658776307456_camera_0.jpg
0.420379,-2.16373,9.52645,1605236658980311808.npy,1605236658980311808_camera_0.jpg
2.27293,3.76921,8.71923,1605236659184316160.npy,1605236659184316160_camera_0.jpg
-1.43825,4.13285,8.7682,1605236659286318336.npy,1605236659376320256_camera_0.jpg
0.0937915,-4.88667,8.45515,1605236659388320512.npy,1605236659433321472_camera_0.jpg
-2.47004,2.49642,9.13753,1605236659694327040.npy,1605236659781328896_camera_0.jpg
4.29352,-3.62538,8.06671,1605236659898331392.npy,1605236659898331392_camera_0.jpg
-1.13326,2.96119,9.29144,1605236660000333568.npy,1605236660000333568_camera_0.jpg
-1.81092,3.42686,8.9503,1605236660102335744.npy,1605236660102335744_camera_0.jpg
-2.43078,3.11689,8.94835,1605236660204337920.npy,1605236660228338432_camera_0.jpg
1.9543,-3.91597,8.7866,1605236660306340096.npy,1605236660393341952_camera_0.jpg
1.02313,1.90596,9.56109,1605236660510344448.npy,1605236660510344448_camera_0.jpg
-3.05719,-0.0998115,9.22719,1605236660612346624.npy,1605236660672347904_camera_0.jpg
2.86854,2.74668,8.91909,1605236660714348800.npy,1605236660714348800_camera_0.jpg
4.17912,0.987555,8.7263,1605236660816350976.npy,1605236660918353152_camera_0.jpg
-0.0038296,-0.816137,9.70785,1605236661020355328.npy,1605236661047355904_camera_0.jpg
-1.34685,2.00283,9.45089,1605236661122357504.npy,1605236661122357504_camera_0.jpg
1.01891,3.52997,9.0474,1605236661224359680.npy,1605236661224359680_camera_0.jpg
3.90203,1.12887,8.9047,1605236661428364032.npy,1605236661428364032_camera_0.jpg
-1.09884,-4.57427,8.76922,1605236661530366208.npy,1605236661530366208_camera_0.jpg
0.348529,4.43851,8.70829,1605236661734370560.npy,1605236661734370560_camera_0.jpg
3.04765,2.48502,9.02246,1605236661836372736.npy,1605236661836372736_camera_0.jpg
-1.67208,-2.86901,9.26296,1605236661938374912.npy,1605236661938374912_camera_0.jpg
-2.54327,-1.98113,9.22903,1605236662040377088.npy,1605236662040377088_camera_0.jpg
-4.52742,0.842836,8.64915,1605236662244381440.npy,1605236662244381440_camera_0.jpg
-1.16302,-3.26067,9.17698,1605236662346383616.npy,1605236662346383616_camera_0.jpg
1.1916,-1.2843,9.69385,1605236662448385792.npy,1605236662502386944_camera_0.jpg
-2.52713,4.64396,8.29652,1605236662652390144.npy,1605236662652390144_camera_0.jpg
-2.55018,-3.91385,8.59968,1605236662754392320.npy,1605236662754392320_camera_0.jpg
-1.83712,3.60795,8.94797,1605236662856394496.npy,1605236662856394496_camera_0.jpg
0.430769,0.913291,9.72946,1605236662958396672.npy,1605236662958396672_camera_0.jpg
3.53905,-3.88131,8.37066,1605236663060398848.npy,1605236663060398848_camera_0.jpg
-0.812592,-1.14188,9.66209,1605236663162401024.npy,1605236663162401024_camera_0.jpg
3.03672,4.23823,8.28259,1605236663264403200.npy,1605236663273403392_camera_0.jpg
4.21519,2.25913,8.59087,1605236663366405376.npy,1605236663432406784_camera_0.jpg
0.466953,3.26714,9.24718,1605236663468407552.npy,1605236663471407616_camera_0.jpg
-1.29688,-3.48366,9.084,1605236663570409728.npy,1605236663642411264_camera_0.jpg
-3.2453,-2.35378,8.99956,1605236663672411904.npy,1605236663732413184_camera_0.jpg
1.30457,2.24784,9.45102,1605236663774414080.npy,1605236663774414080_camera_0.jpg
-2.85089,-2.63167,9.03195,1605236663876416256.npy,1605236663876416256_camera_0.jpg
-3.87684,-1.67721,8.89038,1605236663978418432.npy,1605236663978418432_camera_0.jpg
-3.72445,-4.3999,7.88106,1605236664182422784.npy,1605236664182422784_camera_0.jpg
3.32861,-3.62072,8.45817,1605236664284424960.npy,1605236664317425664_camera_0.jpg
3.44773,0.441183,9.1641,1605236664386427136.npy,1605236664386427136_camera_0.jpg
2.03311,-1.10827,9.47822,1605236664488429312.npy,1605236664590431488_camera_0.jpg
3.95534,0.234181,8.9836,1605236664692433664.npy,1605236664692433664_camera_0.jpg
3.55646,2.223,8.76339,1605236664794435840.npy,1605236664794435840_camera_0.jpg
0.383573,1.30014,9.6526,1605236664896438016.npy,1605236664896438016_camera_0.jpg
1.02117,3.48552,9.00752,1605236664998440192.npy,1605236664998440192_camera_0.jpg
-1.11056,-4.10575,8.87141,1605236665100442368.npy,1605236665100442368_camera_0.jpg
4.3583,1.85318,8.61961,1605236665202444544.npy,1605236665202444544_camera_0.jpg
-2.71566,4.11479,8.45363,1605236665304446720.npy,1605236665304446720_camera_0.jpg
1.44123,4.2752,8.70659,1605236665406448896.npy,1605236665406448896_camera_0.jpg
-4.12801,-2.31658,8.65401,1605236665508451072.npy,1605236665508451072_camera_0.jpg
-2.68272,-4.59347,8.26818,1605236665610453248.npy,1605236665610453248_camera_0.jpg
4.82326,-1.44154,8.38741,1605236665814457600.npy,1605236665814457600_camera_0.jpg
-4.71364,-1.21357,8.45721,1605236665916459776.npy,1605236665916459776_camera_0.jpg
3.23451,-4.04278,8.32517,1605236666018461952.npy,1605236666018461952_camera_0.jpg
-4.54183,-1.41224,8.54924,1605236666120464128.npy,1605236666120464128_camera_0.jpg
-1.77945,-0.0777693,9.66924,1605236666222466304.npy,1605236666324468480_camera_0.jpg
-2.67281,-4.5434,8.32267,1605236666426470656.npy,1605236666498472192_camera_0.jpg
-3.89827,-1.65113,8.80323,1605236666528472832.npy,1605236666546473216_camera_0.jpg
-2.16145,0.236527,9.65653,1605236666732477184.npy,1605236666732477184_camera_0.jpg
-3.29486,1.60642,9.13311,1605236666834479360.npy,1605236666924481280_camera_0.jpg
-0.326301,4.24572,8.80535,1605236667038483712.npy,1605236667038483712_camera_0.jpg
-0.272241,3.28633,9.26425,1605236667140485888.npy,1605236667140485888_camera_0.jpg
-1.89037,-0.809207,9.58791,1605236667242488064.npy,1605236667242488064_camera_0.jpg
-2.42046,1.37428,9.38776,1605236667344490240.npy,1605236667344490240_camera_0.jpg
0.986879,0.674376,9.65719,1605236667446492416.npy,1605236667506493696_camera_0.jpg
-0.478658,3.635,9.02858,1605236667548494592.npy,1605236667548494592_camera_0.jpg
-1.31279,2.57603,9.34696,1605236667650496768.npy,1605236667752498944_camera_0.jpg
-2.44883,3.36892,8.86451,1605236667854501120.npy,1605236667854501120_camera_0.jpg
-1.6047,-0.667278,9.65254,1605236667956503296.npy,1605236667956503296_camera_0.jpg
-3.80823,-3.7218,8.27703,1605236668058505472.npy,1605236668160507648_camera_0.jpg
3.30021,2.03783,8.93206,1605236668262509824.npy,1605236668310510848_camera_0.jpg
-2.32468,-2.55695,9.1835,1605236668364512000.npy,1605236668364512000_camera_0.jpg
1.42314,-2.26683,9.41386,1605236668466514176.npy,1605236668505515008_camera_0.jpg
3.97049,2.69695,8.58235,1605236668670518528.npy,1605236668670518528_camera_0.jpg
-1.64236,-1.90033,9.38322,1605236668772520704.npy,1605236668832521984_camera_0.jpg
-4.21565,1.26619,8.79861,1605236668874522880.npy,1605236668976525056_camera_0.jpg
-3.53691,2.47689,8.7818,1605236669078527232.npy,1605236669078527232_camera_0.jpg
-3.64769,0.835822,9.05602,1605236669180529408.npy,1605236669180529408_camera_0.jpg
-3.07182,4.12526,8.2668,1605236669282531584.npy,1605236669282531584_camera_0.jpg
3.7303,4.13017,8.05718,1605236669486535936.npy,1605236669486535936_camera_0.jpg
4.41627,-2.32313,8.42135,1605236669690540288.npy,1605236669690540288_camera_0.jpg
1.82831,-3.28358,9.10878,1605236669792542464.npy,1605236669792542464_camera_0.jpg
0.15197,3.253,9.31794,1605236669894544640.npy,1605236669927545344_camera_0.jpg
-2.93127,-0.399223,9.44406,1605236670098548992.npy,1605236670098548992_camera_0.jpg
2.42389,-3.34175,8.90774,1605236670302553344.npy,1605236670302553344_camera_0.jpg
3.00389,0.438665,9.40611,1605236670404555520.npy,1605236670482557184_camera_0.jpg
-0.669415,1.05734,9.69404,1605236670506557696.npy,1605236670581559296_camera_0.jpg
4.75037,-2.80029,8.10904,1605236670608559872.npy,1605236670608559872_camera_0.jpg
-1.97083,0.18502,9.581,1605236670710562048.npy,1605236670806564096_camera_0.jpg
0.790234,-4.47034,8.7909,1605236670914566400.npy,1605236670914566400_camera_0.jpg
0.545159,1.07785,9.7357,1605236671016568576.npy,1605236671118570752_camera_0.jpg
0.943792,-3.04701,9.30365,1605236671220572928.npy,1605236671304574720_camera_0.jpg
-4.02217,0.23504,8.87357,1605236671322575104.npy,1605236671376576256_camera_0.jpg
1.24732,-2.61771,9.42293,1605236671424577280.npy,1605236671526579456_camera_0.jpg
-2.65985,0.634401,9.37165,1605236671628581632.npy,1605236671628581632_camera_0.jpg
3.05342,4.24906,8.28664,1605236671730583808.npy,1605236671757584384_camera_0.jpg
0.125426,-2.4564,9.53181,1605236671934588160.npy,1605236671934588160_camera_0.jpg
-4.57636,2.28305,8.37569,1605236672036590336.npy,1605236672036590336_camera_0.jpg
3.67636,1.82823,8.85331,1605236672138592512.npy,1605236672138592512_camera_0.jpg
-3.81032,-0.620074,9.09125,1605236672240594688.npy,1605236672342596864_camera_0.jpg
-3.43788,-1.54738,8.97346,1605236672444599040.npy,1605236672444599040_camera_0.jpg
-1.5443,-1.34983,9.55255,1605236672546601216.npy,1605236672648603392_camera_0.jpg
-1.78015,-0.578954,9.62401,1605236672750605568.npy,1605236672750605568_camera_0.jpg
0.246403,-0.752281,9.7506,1605236672852607744.npy,1605236672942609664_camera_0.jpg
-2.99546,1.78375,9.16815,1605236672954609920.npy,1605236672984610560_camera_0.jpg
-0.802705,1.34768,9.67012,1605236673056612096.npy,1605236673152614144_camera_0.jpg
-4.55342,3.43672,7.96247,1605236673260616448.npy,1605236673260616448_camera_0.jpg
3.3716,4.02889,8.36533,1605236673362618624.npy,1605236673362618624_camera_0.jpg
2.41939,3.54664,8.83246,1605236673464620800.npy,1605236673503621632_camera_0.jpg
-3.79185,0.854671,8.97755,1605236673566622976.npy,1605236673566622976_camera_0.jpg
3.44408,3.87704,8.30126,1605236673668625152.npy,1605236673668625152_camera_0.jpg
-4.1157,-4.05386,8.00795,1605236673770627328.npy,1605236673770627328_camera_0.jpg
0.441992,0.00856604,9.87179,1605236673872629504.npy,1605236673872629504_camera_0.jpg
-0.923612,-0.833169,9.80372,1605236673974631680.npy,1605236673974631680_camera_0.jpg
3.78108,-3.7256,8.17741,1605236674076633856.npy,1605236674076633856_camera_0.jpg
-2.9022,0.592465,9.33998,1605236674280638208.npy,1605236674280638208_camera_0.jpg
4.11615,0.512638,8.92116,1605236674382640384.npy,1605236674382640384_camera_0.jpg
-2.7053,0.725419,9.37649,1605236674484642560.npy,1605236674484642560_camera_0.jpg
4.81929,2.04138,8.34217,1605236674586644736.npy,1605236674586644736_camera_0.jpg
-3.24848,2.26256,8.94551,1605236674790649088.npy,1605236674790649088_camera_0.jpg
0.396657,1.10336,9.74569,1605236674892651264.npy,1605236674892651264_camera_0.jpg
3.81511,0.0385867,8.98807,1605236674994653440.npy,1605236674994653440_camera_0.jpg
-4.2735,-3.55597,8.12404,1605236675096655616.npy,1605236675198657792_camera_0.jpg
0.0982869,0.686203,9.8669,1605236675300659968.npy,1605236675300659968_camera_0.jpg
-3.85515,-0.722459,8.93652,1605236675402662144.npy,1605236675402662144_camera_0.jpg
2.24575,3.70186,8.85028,1605236675504664320.npy,1605236675504664320_camera_0.jpg
3.07116,2.38245,8.96779,1605236675606666496.npy,1605236675606666496_camera_0.jpg
0.490654,-4.13879,8.88207,1605236675708668672.npy,1605236675708668672_camera_0.jpg
-2.7432,1.39639,9.35971,1605236675810670848.npy,1605236675810670848_camera_0.jpg
0.0561692,2.61628,9.36852,1605236675912673024.npy,1605236675912673024_camera_0.jpg
-2.12795,-0.450419,9.60345,1605236676014675200.npy,1605236676017675264_camera_0.jpg
-3.78167,1.08318,9.0404,1605236676116677376.npy,1605236676206679296_camera_0.jpg
3.09331,3.28298,8.70214,1605236676218679552.npy,1605236676269680640_camera_0.jpg
-2.60327,-0.217691,9.44102,1605236676320681728.npy,1605236676422683904_camera_0.jpg
4.27766,0.171764,8.84964,1605236676524686080.npy,1605236676524686080_camera_0.jpg
-4.74359,1.41627,8.44755,1605236676626688256.npy,1605236676626688256_camera_0.jpg
-0.880189,-4.54946,8.60817,1605236676728690432.npy,1605236676728690432_camera_0.jpg
-2.32179,1.6829,9.40628,1605236676932694784.npy,1605236676932694784_camera_0.jpg
-0.479898,-2.07557,9.60509,1605236677034696960.npy,1605236677052697344_camera_0.jpg
4.83999,-3.83209,7.51612,1605236677136699136.npy,1605236677136699136_camera_0.jpg
4.01571,0.40405,8.92575,1605236677238701312.npy,1605236677313702912_camera_0.jpg
0.957664,0.124165,9.75546,1605236677442705664.npy,1605236677442705664_camera_0.jpg
-4.27994,-0.956879,8.75477,1605236677544707840.npy,1605236677586708736_camera_0.jpg
1.53875,2.9696,9.20864,1605236677646710016.npy,1605236677748712192_camera_0.jpg
1.12166,-2.10368,9.4907,1605236677850714368.npy,1605236677850714368_camera_0.jpg
-2.89977,3.1647,8.80249,1605236678054718720.npy,1605236678054718720_camera_0.jpg
-3.15267,-2.09793,9.08131,1605236678156720896.npy,1605236678156720896_camera_0.jpg
4.78639,0.912558,8.42469,1605236678258723072.npy,1605236678258723072_camera_0.jpg
-1.93674,-1.24664,9.50174,1605236678360725248.npy,1605236678360725248_camera_0.jpg
-4.52618,0.306878,8.7117,1605236678462727424.npy,1605236678510728448_camera_0.jpg
-0.0165791,-3.53624,9.19267,1605236678564729600.npy,1605236678564729600_camera_0.jpg
4.94225,-1.90179,8.26477,1605236678666731776.npy,1605236678714732800_camera_0.jpg
0.474454,-0.561348,9.76942,1605236678768733952.npy,1605236678768733952_camera_0.jpg
-4.62111,2.63171,8.22658,1605236678972738304.npy,1605236678972738304_camera_0.jpg
-0.641247,-0.560702,9.71227,1605236679074740480.npy,1605236679074740480_camera_0.jpg
-0.887555,-0.0385544,9.72157,1605236679176742656.npy,1605236679278744832_camera_0.jpg
-4.28282,2.43103,8.45381,1605236679380747008.npy,1605236679380747008_camera_0.jpg
4.55582,-1.02796,8.61816,1605236679482749184.npy,1605236679482749184_camera_0.jpg
2.86173,-0.459871,9.36568,1605236679584751360.npy,1605236679584751360_camera_0.jpg
-1.79612,-2.41518,9.39677,1605236679686753536.npy,1605236679689753600_camera_0.jpg
-0.601826,1.75049,9.64663,1605236679788755712.npy,1605236679788755712_camera_0.jpg
1.6833,-0.53113,9.6449,1605236679890757888.npy,1605236679890757888_camera_0.jpg
-4.85488,-2.31167,8.17254,1605236680094762240.npy,1605236680094762240_camera_0.jpg
-0.52419,3.65638,9.04576,1605236680196764416.npy,1605236680196764416_camera_0.jpg
0.85819,3.23115,9.20897,1605236680298766592.npy,1605236680298766592_camera_0.jpg
-3.53835,0.703498,9.09989,1605236680400768768.npy,1605236680400768768_camera_0.jpg
-0.722149,-0.423692,9.75233,1605236680502770944.npy,1605236680502770944_camera_0.jpg
3.61876,-4.07675,8.16176,1605236680604773120.npy,1605236680604773120_camera_0.jpg
-2.51928,2.69628,9.0171,1605236680706775296.npy,1605236680706775296_camera_0.jpg
2.13829,4.21347,8.59802,1605236680808777472.npy,1605236680883779072_camera_0.jpg
-0.267429,0.339293,9.85001,1605236680910779648.npy,1605236680985781248_camera_0.jpg
-1.67203,-2.46693,9.32216,1605236681012781824.npy,1605236681012781824_camera_0.jpg
-2.80671,0.923224,9.35311,1605236681114784000.npy,1605236681156784896_camera_0.jpg
-0.583658,-3.8924,8.88424,1605236681216786176.npy,1605236681237786624_camera_0.jpg
-4.11359,2.77391,8.3907,1605236681318788352.npy,1605236681330788608_camera_0.jpg
3.69846,4.14339,8.17782,1605236681420790528.npy,1605236681420790528_camera_0.jpg
4.30038,0.893981,8.74467,1605236681522792704.npy,1605236681597794304_camera_0.jpg
-4.57867,-1.54755,8.42013,1605236681624794880.npy,1605236681639795200_camera_0.jpg
0.50481,0.147754,9.8935,1605236681726797056.npy,1605236681771798016_camera_0.jpg
-2.28431,4.57278,8.36432,1605236681828799232.npy,1605236681828799232_camera_0.jpg
-0.073699,0.150402,9.71625,1605236681930801408.npy,1605236682011803136_camera_0.jpg
0.0279351,0.155125,9.86577,1605236682032803584.npy,1605236682032803584_camera_0.jpg
-4.34142,-4.04046,7.86139,1605236682134805760.npy,1605236682173806592_camera_0.jpg
4.89871,-1.90064,8.32159,1605236682236807936.npy,1605236682338810112_camera_0.jpg
-4.10042,-0.98248,8.99931,1605236682440812288.npy,1605236682440812288_camera_0.jpg
-3.82817,-1.26698,8.97266,1605236682542814464.npy,1605236682593815552_camera_0.jpg
1.58295,4.21671,8.73999,1605236682644816640.npy,1605236682692817664_camera_0.jpg
-0.288884,-0.780692,9.76566,1605236682746818816.npy,1605236682746818816_camera_0.jpg
-2.34106,4.61415,8.24568,1605236682848820992.npy,1605236682848820992_camera_0.jpg
-3.82621,2.90784,8.60482,1605236682950823168.npy,1605236683052825344_camera_0.jpg
0.140904,3.04001,9.3137,1605236683154827520.npy,1605236683154827520_camera_0.jpg
4.1607,2.49904,8.44174,1605236683358831872.npy,1605236683358831872_camera_0.jpg
-2.3635,-4.57402,8.29439,1605236683460834048.npy,1605236683487834624_camera_0.jpg
-3.02965,4.13065,8.38251,1605236683562836224.npy,1605236683562836224_camera_0.jpg
3.92977,-0.967567,8.89337,1605236683664838400.npy,1605236683664838400_camera_0.jpg
-0.0386357,1.87895,9.62338,1605236683766840576.npy,1605236683847842304_camera_0.jpg
3.91598,0.747415,9.04764,1605236683970844928.npy,1605236683970844928_camera_0.jpg
-1.22467,-4.21787,8.77242,1605236684072847104.npy,1605236684078847232_camera_0.jpg
0.799976,-4.76127,8.52357,1605236684174849280.npy,1605236684252850944_camera_0.jpg
0.878453,0.838022,9.6628,1605236684378853632.npy,1605236684378853632_camera_0.jpg
-2.70157,0.602568,9.45085,1605236684480855808.npy,1605236684480855808_camera_0.jpg
2.99458,4.23942,8.3707,1605236684582857984.npy,1605236684684860160_camera_0.jpg
2.85875,3.12694,8.77694,1605236684786862336.npy,1605236684807862784_camera_0.jpg
-1.33058,1.0678,9.63604,1605236684888864512.npy,1605236684960866048_camera_0.jpg
-0.799553,4.29843,8.72297,1605236685092868864.npy,1605236685092868864_camera_0.jpg
3.19806,2.8184,8.85904,1605236685194871040.npy,1605236685251872256_camera_0.jpg
-1.05165,4.16648,8.8036,1605236685296873216.npy,1605236685305873408_camera_0.jpg
-1.96927,3.65392,8.8327,1605236685398875392.npy,1605236685398875392_camera_0.jpg
3.80606,3.32216,8.44553,1605236685500877568.npy,1605236685500877568_camera_0.jpg
0.214001,1.26329,9.69688,1605236685602879744.npy,1605236685602879744_camera_0.jpg
4.53495,3.3393,7.94981,1605236685704881920.npy,1605236685737882624_camera_0.jpg
3.73183,-3.63512,8.27763,1605236685806884096.npy,1605236685806884096_camera_0.jpg
-4.35381,0.0616883,8.87273,1605236685908886272.npy,1605236685974887680_camera_0.jpg
-4.59088,-2.59872,8.21003,1605236686010888448.npy,1605236686010888448_camera_0.jpg
-0.762549,-0.54069,9.75316,1605236686112890624.npy,1605236686160891648_camera_0.jpg
2.748,-3.99006,8.5533,1605236686214892800.npy,1605236686220892928_camera_0.jpg
-2.9615,-0.364774,9.35696,1605236686316894976.npy,1605236686316894976_camera_0.jpg
4.32274,-0.940455,8.68524,1605236686418897152.npy,1605236686418897152_camera_0.jpg
-0.537181,-3.44495,9.17734,1605236686520899328.npy,1605236686583900672_camera_0.jpg
0.636508,-3.60659,9.03221,1605236686622901504.npy,1605236686622901504_camera_0.jpg
1.86503,-2.5507,9.27672,1605236686724903680.npy,1605236686799905280_camera_0.jpg
-2.44034,-2.00681,9.27204,1605236686928908032.npy,1605236686928908032_camera_0.jpg
-2.48109,3.82506,8.61323,1605236687030910208.npy,1605236687030910208_camera_0.jpg
0.240744,-3.96513,8.97378,1605236687132912384.npy,1605236687132912384_camera_0.jpg
4.11614,-0.111995,8.83397,1605236687234914560.npy,1605236687234914560_camera_0.jpg
-2.8694,-0.303199,9.39076,1605236687336916736.npy,1605236687336916736_camera_0.jpg
-4.57896,1.15549,8.49627,1605236687438918912.npy,1605236687438918912_camera_0.jpg
-2.69063,3.35541,8.88355,1605236687540921088.npy,1605236687540921088_camera_0.jpg
4.53379,2.87102,8.12103,1605236687642923264.npy,1605236687642923264_camera_0.jpg
0.000578811,-4.50124,8.75931,1605236687744925440.npy,1605236687744925440_camera_0.jpg
4.14148,-1.59373,8.77902,1605236687846927616.npy,1605236687846927616_camera_0.jpg
1.68718,-1.25659,9.58165,1605236687948929792.npy,1605236687978930432_camera_0.jpg
-4.34291,-1.8415,8.64276,1605236688050931968.npy,1605236688146934016_camera_0.jpg
2.42809,4.10723,8.57388,1605236688254936320.npy,1605236688254936320_camera_0.jpg
3.18731,2.81538,8.9188,1605236688458940672.npy,1605236688458940672_camera_0.jpg
-2.63942,-3.74787,8.68709,1605236688560942848.npy,1605236688614944000_camera_0.jpg
-4.37216,-1.26626,8.68204,1605236688764947200.npy,1605236688764947200_camera_0.jpg
-0.667998,0.509518,9.70263,1605236688866949376.npy,1605236688866949376_camera_0.jpg
-4.85718,1.22101,8.4226,1605236688968951552.npy,1605236688968951552_camera_0.jpg
-0.452264,-4.4259,8.73163,1605236689070953728.npy,1605236689070953728_camera_0.jpg
4.25566,3.12111,8.31226,1605236689172955904.npy,1605236689172955904_camera_0.jpg
-0.607243,0.412272,9.68186,1605236689274958080.npy,1605236689376960256_camera_0.jpg
-3.98338,-0.476695,8.90092,1605236689478962432.npy,1605236689478962432_camera_0.jpg
-0.835219,-2.41519,9.39592,1605236689580964608.npy,1605236689580964608_camera_0.jpg
2.72624,2.27111,9.13996,1605236689682966784.npy,1605236689682966784_camera_0.jpg
3.41022,0.733903,9.19326,1605236689784968960.npy,1605236689784968960_camera_0.jpg
4.50624,2.9379,8.2405,1605236689886971136.npy,1605236689886971136_camera_0.jpg
-0.540196,1.91463,9.59848,1605236689988973312.npy,1605236690084975360_camera_0.jpg
4.79818,-2.16621,8.2387,1605236690192977664.npy,1605236690192977664_camera_0.jpg
3.0674,3.62409,8.6765,1605236690396982016.npy,1605236690396982016_camera_0.jpg
4.39099,-1.20867,8.78684,1605236690498984192.npy,1605236690498984192_camera_0.jpg
-3.00088,4.09866,8.37973,1605236690600986368.npy,1605236690600986368_camera_0.jpg
1.52123,-4.01586,8.84471,1605236690702988544.npy,1605236690702988544_camera_0.jpg
3.01355,-1.42378,9.16952,1605236690804990720.npy,1605236690840991488_camera_0.jpg
-4.1284,3.75534,8.15028,1605236690906992896.npy,1605236690906992896_camera_0.jpg
0.989236,-3.82694,9.0653,1605236691008995072.npy,1605236691008995072_camera_0.jpg
-4.05111,2.15089,8.67229,1605236691110997248.npy,1605236691110997248_camera_0.jpg
-2.03447,2.39437,9.25007,1605236691212999424.npy,1605236691212999424_camera_0.jpg
0.0465977,-1.14012,9.74722,1605236691315001600.npy,1605236691333001984_camera_0.jpg
2.4244,-3.21308,8.88478,1605236691417003776.npy,1605236691519005952_camera_0.jpg
-2.97963,-1.9306,9.11715,1605236691621008128.npy,1605236691621008128_camera_0.jpg
2.0916,3.10627,9.14552,1605236691723010304.npy,1605236691774011392_camera_0.jpg
-1.23712,-4.1378,8.83181,1605236691825012480.npy,1605236691825012480_camera_0.jpg
-3.93537,2.7939,8.5511,1605236691927014656.npy,1605236691999016192_camera_0.jpg
4.20528,2.42202,8.50373,1605236692029016832.npy,1605236692029016832_camera_0.jpg
4.57019,0.548185,8.71054,1605236692131019008.npy,1605236692194020352_camera_0.jpg
0.0936889,4.17466,8.82787,1605236692233021184.npy,1605236692269021952_camera_0.jpg
3.97556,1.01551,8.92698,1605236692335023360.npy,1605236692434025472_camera_0.jpg
3.44611,-3.02487,8.72932,1605236692539027712.npy,1605236692539027712_camera_0.jpg
3.41959,3.27581,8.53128,1605236692641029888.npy,1605236692695031040_camera_0.jpg
2.85554,-4.6126,8.08731,1605236692743032064.npy,1605236692743032064_camera_0.jpg
2.5987,-2.53661,9.06013,1605236692845034240.npy,1605236692845034240_camera_0.jpg
-2.3133,3.75959,8.76326,1605236693049038592.npy,1605236693049038592_camera_0.jpg
-4.45514,1.291,8.67931,1605236693151040768.npy,1605236693169041152_camera_0.jpg
3.15104,2.31794,9.0236,1605236693355045120.npy,1605236693355045120_camera_0.jpg
-1.43709,-4.7393,8.45348,1605236693457047296.npy,1605236693457047296_camera_0.jpg
-2.75406,-0.241021,9.40715,1605236693559049472.npy,1605236693559049472_camera_0.jpg
-0.8996,-3.8394,8.97574,1605236693763053824.npy,1605236693763053824_camera_0.jpg
-3.41371,-1.58156,9.02605,1605236693865056000.npy,1605236693865056000_camera_0.jpg
3.22447,1.01208,9.27321,1605236693967058176.npy,1605236693985058560_camera_0.jpg
0.14151,-2.35256,9.50187,1605236694069060352.npy,1605236694159062272_camera_0.jpg
-2.94994,0.864273,9.35087,1605236694171062528.npy,1605236694228063744_camera_0.jpg
4.68497,2.29207,8.27329,1605236694375066880.npy,1605236694375066880_camera_0.jpg
-1.49195,-2.08695,9.43127,1605236694477069056.npy,1605236694579071232_camera_0.jpg
-3.85221,3.15217,8.40567,1605236694681073408.npy,1605236694681073408_camera_0.jpg
0.446525,4.57051,8.66051,1605236694783075584.npy,1605236694783075584_camera_0.jpg
0.180114,-3.06663,9.30066,1605236694885077760.npy,1605236694885077760_camera_0.jpg
-3.98071,3.34584,8.29867,1605236694987079936.npy,1605236694987079936_camera_0.jpg
-0.689608,-3.70616,9.06443,1605236695089082112.npy,1605236695089082112_camera_0.jpg
-1.05633,2.76947,9.43291,1605236695191084288.npy,1605236695191084288_camera_0.jpg
-0.832809,0.829322,9.72802,1605236695293086464.npy,1605236695353087744_camera_0.jpg
3.49886,0.186646,9.11619,1605236695395088640.npy,1605236695395088640_camera_0.jpg
4.23611,-4.39872,7.71023,1605236695497090816.npy,1605236695497090816_camera_0.jpg
-3.45864,-3.74522,8.37922,1605236695599092992.npy,1605236695653094144_camera_0.jpg
-1.18683,-0.323904,9.62226,1605236695701095168.npy,1605236695773096704_camera_0.jpg
4.60386,3.18452,8.04553,1605236695905099520.npy,1605236695905099520_camera_0.jpg
4.87056,2.02009,8.28567,1605236696109103872.npy,1605236696109103872_camera_0.jpg
3.9088,-3.07469,8.3832,1605236696211106048.npy,1605236696211106048_camera_0.jpg
-2.3708,-0.279658,9.55206,1605236696313108224.npy,1605236696313108224_camera_0.jpg
-4.7402,-1.55629,8.488,1605236696415110400.npy,1605236696415110400_camera_0.jpg
-3.00756,-3.10842,8.76459,1605236696517112576.npy,1605236696517112576_camera_0.jpg
-4.73106,-2.74384,8.16411,1605236696619114752.npy,1605236696619114752_camera_0.jpg
-2.44184,0.190088,9.47504,1605236696721116928.npy,1605236696805118720_camera_0.jpg
3.9585,-4.06174,8.09024,1605236696823119104.npy,1605236696874120192_camera_0.jpg
2.29794,3.17505,8.9283,1605236696925121280.npy,1605236696925121280_camera_0.jpg
3.80096,0.0455334,9.0545,1605236697027123456.npy,1605236697027123456_camera_0.jpg
2.64123,2.00097,9.21923,1605236697129125632.npy,1605236697129125632_camera_0.jpg
-0.375562,3.1321,9.2894,1605236697231127808.npy,1605236697315129600_camera_0.jpg
-4.59474,1.8072,8.60485,1605236697333129984.npy,1605236697363130624_camera_0.jpg
-1.90126,-1.99682,9.39812,1605236697435132160.npy,1605236697435132160_camera_0.jpg
-2.80913,-1.88976,9.18007,1605236697537134336.npy,1605236697537134336_camera_0.jpg
3.75238,-4.1607,8.09899,1605236697639136512.npy,1605236697639136512_camera_0.jpg
1.29762,3.4614,9.15415,1605236697843140864.npy,1605236697843140864_camera_0.jpg
2.41334,-3.82077,8.64404,1605236697945143040.npy,1605236697945143040_camera_0.jpg
-3.36331,-2.9792,8.66498,1605236698047145216.npy,1605236698047145216_camera_0.jpg
-3.82607,1.62934,8.9264,1605236698251149568.npy,1605236698251149568_camera_0.jpg
0.281934,2.15991,9.54104,1605236698353151744.npy,1605236698407152896_camera_0.jpg
-1.64245,1.27295,9.67141,1605236698557156096.npy,1605236698557156096_camera_0.jpg
-3.22276,-0.898963,9.25683,1605236698659158272.npy,1605236698659158272_camera_0.jpg
-2.87627,-0.0872082,9.36754,1605236698761160448.npy,1605236698803161344_camera_0.jpg
3.78202,0.61664,9.06761,1605236698863162624.npy,1605236698863162624_camera_0.jpg
2.4078,1.30787,9.48296,1605236698965164800.npy,1605236698965164800_camera_0.jpg
-3.16879,2.21349,8.98931,1605236699067166976.npy,1605236699163169024_camera_0.jpg
3.62508,-2.38292,8.79267,1605236699271171328.npy,1605236699271171328_camera_0.jpg
1.93504,0.525969,9.64672,1605236699373173504.npy,1605236699379173632_camera_0.jpg
2.735,0.876307,9.3566,1605236699475175680.npy,1605236699475175680_camera_0.jpg
1.44925,-1.65835,9.68668,1605236699577177856.npy,1605236699661179648_camera_0.jpg
-3.04115,-2.93131,8.85854,1605236699679180032.npy,1605236699739181312_camera_0.jpg
-2.2818,-0.260683,9.51805,1605236699781182208.npy,1605236699865184000_camera_0.jpg
-2.27538,2.65094,9.26063,1605236699985186560.npy,1605236699985186560_camera_0.jpg
-3.81668,-2.93036,8.53973,1605236700087188736.npy,1605236700189190912_camera_0.jpg
-1.9863,-2.63111,9.19876,1605236700291193088.npy,1605236700291193088_camera_0.jpg
-1.8201,-3.50455,8.93909,1605236700393195264.npy,1605236700393195264_camera_0.jpg
4.12263,1.05004,8.80358,1605236700495197440.npy,1605236700570199040_camera_0.jpg
2.33143,2.03384,9.33271,1605236700699201792.npy,1605236700699201792_camera_0.jpg
1.18617,-1.31359,9.65235,1605236700801203968.npy,1605236700891205888_camera_0.jpg
-1.61149,1.02831,9.65418,1605236701005208320.npy,1605236701005208320_camera_0.jpg
4.61199,1.86499,8.45935,1605236701107210496.npy,1605236701149211392_camera_0.jpg
4.19084,-1.24557,8.75633,1605236701311214848.npy,1605236701311214848_camera_0.jpg
-4.61451,1.10008,8.60569,1605236701413217024.npy,1605236701413217024_camera_0.jpg
3.3787,-3.37334,8.53107,1605236701515219200.npy,1605236701515219200_camera_0.jpg
2.20638,-0.752178,9.54504,1605236701617221376.npy,1605236701617221376_camera_0.jpg
-2.09319,1.53398,9.40304,1605236701719223552.npy,1605236701719223552_camera_0.jpg
3.78477,0.742802,9.04118,1605236701821225728.npy,1605236701821225728_camera_0.jpg
4.15262,-2.94283,8.24964,1605236702025230080.npy,1605236702025230080_camera_0.jpg
-2.17046,-3.5509,8.95545,1605236702127232256.npy,1605236702127232256_camera_0.jpg
4.82909,-0.153824,8.49672,1605236702229234432.npy,1605236702229234432_camera_0.jpg
-1.20624,-1.61166,9.52957,1605236702331236608.npy,1605236702427238656_camera_0.jpg
-2.24718,-1.19196,9.50185,1605236702535240960.npy,1605236702535240960_camera_0.jpg
4.10216,3.53656,8.16767,1605236702637243136.npy,1605236702637243136_camera_0.jpg
-2.41314,-0.484021,9.56637,1605236702841247488.npy,1605236702841247488_camera_0.jpg
-1.9322,-1.00509,9.5938,1605236702943249664.npy,1605236703045251840_camera_0.jpg
2.24963,0.576538,9.56694,1605236703147254016.npy,1605236703159254272_camera_0.jpg
-1.78316,-3.58821,8.89611,1605236703249256192.npy,1605236703249256192_camera_0.jpg
-0.350817,2.67924,9.3484,1605236703351258368.npy,1605236703351258368_camera_0.jpg
-3.33584,1.11628,9.10555,1605236703453260544.npy,1605236703453260544_camera_0.jpg
-4.28306,3.3439,8.17168,1605236703555262720.npy,1605236703555262720_camera_0.jpg
3.35764,1.81383,9.09881,1605236703657264896.npy,1605236703657264896_camera_0.jpg
1.01844,2.34655,9.46381,1605236703759267072.npy,1605236703759267072_camera_0.jpg
2.9229,3.85408,8.59387,1605236703861269248.npy,1605236703861269248_camera_0.jpg
1.44694,-3.8995,8.78687,1605236703963271424.npy,1605236704032272896_camera_0.jpg
0.190694,4.00851,8.96308,1605236704065273600.npy,1605236704065273600_camera_0.jpg
-4.52586,-3.38236,7.96406,1605236704167275776.npy,1605236704167275776_camera_0.jpg
-1.99871,-4.61098,8.37431,1605236704371280128.npy,1605236704371280128_camera_0.jpg
4.21578,-1.6214,8.62613,1605236704473282304.npy,1605236704473282304_camera_0.jpg
-1.4518,0.985082,9.64314,1605236704575284480.npy,1605236704575284480_camera_0.jpg
4.3489,-2.17722,8.56867,1605236704677286656.npy,1605236704677286656_camera_0.jpg
4.18857,2.97666,8.34267,1605236704779288832.npy,1605236704806289408_camera_0.jpg
3.62264,-4.30896,8.04893,1605236704881291008.npy,1605236704881291008_camera_0.jpg
0.793312,3.10211,9.28178,1605236704983293184.npy,1605236704983293184_camera_0.jpg
1.30764,2.01091,9.49873,1605236705085295360.npy,1605236705187297536_camera_0.jpg
1.85988,4.42341,8.59736,1605236705289299712.npy,1605236705289299712_camera_0.jpg
-4.57137,1.06516,8.60922,1605236705391301888.npy,1605236705391301888_camera_0.jpg
-3.18745,4.54036,7.97046,1605236705493304064.npy,1605236705493304064_camera_0.jpg
1.64256,0.583861,9.61334,1605236705595306240.npy,1605236705595306240_camera_0.jpg
3.89183,-0.0606328,8.98323,1605236705697308416.npy,1605236705697308416_camera_0.jpg
3.07856,0.995887,9.30454,1605236705799310592.npy,1605236705865312000_camera_0.jpg
2.71973,0.58048,9.31238,1605236705901312768.npy,1605236705904312832_camera_0.jpg
3.20433,-3.27031,8.6261,1605236706003314944.npy,1605236706063316224_camera_0.jpg
-3.1716,3.41814,8.60147,1605236706207319296.npy,1605236706207319296_camera_0.jpg
-2.61666,-2.76902,9.00735,1605236706309321472.npy,1605236706321321728_camera_0.jpg
-2.3211,1.50861,9.43988,1605236706411323648.npy,1605236706495325440_camera_0.jpg
3.76039,-3.06973,8.60404,1605236706615328000.npy,1605236706615328000_camera_0.jpg
-2.58429,-4.51897,8.31075,1605236706717330176.npy,1605236706810332160_camera_0.jpg
-1.75104,2.90164,9.26721,1605236706819332352.npy,1605236706891333888_camera_0.jpg
-4.59754,2.887,8.15483,1605236706921334528.npy,1605236706921334528_camera_0.jpg
-2.90322,2.56942,8.97384,1605236707023336704.npy,1605236707023336704_camera_0.jpg
2.4635,-3.26007,8.94096,1605236707125338880.npy,1605236707203340544_camera_0.jpg
1.07082,0.635045,9.68118,1605236707227341056.npy,1605236707302342656_camera_0.jpg
-0.404363,2.98431,9.34759,1605236707329343232.npy,1605236707347343616_camera_0.jpg
2.87697,-0.92809,9.293,1605236707431345408.npy,1605236707533347584_camera_0.jpg
-3.05926,-1.8957,9.11038,1605236707635349760.npy,1605236707635349760_camera_0.jpg
-3.19316,2.66311,8.8299,1605236707839354112.npy,1605236707839354112_camera_0.jpg
2.66424,2.68361,9.0321,1605236707941356288.npy,1605236708043358464_camera_0.jpg
3.66188,-3.32064,8.49955,1605236708145360640.npy,1605236708145360640_camera_0.jpg
-1.31114,-0.209523,9.71378,1605236708247362816.npy,1605236708247362816_camera_0.jpg
-4.58701,-0.522656,8.60201,1605236708349364992.npy,1605236708403366144_camera_0.jpg
1.81334,2.63563,9.2507,1605236708451367168.npy,1605236708451367168_camera_0.jpg
1.11328,0.660904,9.72686,1605236708553369344.npy,1605236708571369728_camera_0.jpg
1.84184,0.160849,9.62597,1605236708655371520.npy,1605236708739373312_camera_0.jpg
-4.76212,-0.382773,8.52799,1605236708859375872.npy,1605236708859375872_camera_0.jpg
3.80167,2.4462,8.78338,1605236708961378048.npy,1605236708961378048_camera_0.jpg
4.76827,-3.26161,7.93506,1605236709063380224.npy,1605236709063380224_camera_0.jpg
-3.21474,1.37474,9.1106,1605236709165382400.npy,1605236709165382400_camera_0.jpg
3.47121,-3.43001,8.51087,1605236709267384576.npy,1605236709267384576_camera_0.jpg
-2.24638,-3.70407,8.78707,1605236709369386752.npy,1605236709369386752_camera_0.jpg
-2.26256,1.0791,9.50562,1605236709471388928.npy,1605236709480389120_camera_0.jpg
-1.0103,3.84099,9.04219,1605236709573391104.npy,1605236709675393280_camera_0.jpg
-3.47116,-3.18059,8.60807,1605236709777395456.npy,1605236709777395456_camera_0.jpg
-1.94889,-0.400477,9.60128,1605236709879397632.npy,1605236709879397632_camera_0.jpg
-4.38642,3.9589,7.88842,1605236710083401984.npy,1605236710083401984_camera_0.jpg
0.097798,0.986123,9.78968,1605236710185404160.npy,1605236710185404160_camera_0.jpg
-0.428438,0.89172,9.81783,1605236710287406336.npy,1605236710287406336_camera_0.jpg
2.66693,-2.28931,9.04307,1605236710389408512.npy,1605236710389408512_camera_0.jpg
4.09836,3.10756,8.34142,1605236710491410688.npy,1605236710491410688_camera_0.jpg
-1.88875,-1.83023,9.44005,1605236710593412864.npy,1605236710620413440_camera_0.jpg
3.05983,2.95693,8.81796,1605236710695415040.npy,1605236710695415040_camera_0.jpg
-1.38516,0.0498594,9.79048,1605236710797417216.npy,1605236710797417216_camera_0.jpg
-2.84139,-2.97528,8.91788,1605236710899419392.npy,1605236710953420544_camera_0.jpg
4.73047,2.34559,8.22277,1605236711001421568.npy,1605236711001421568_camera_0.jpg
-4.13978,-3.23457,8.28949,1605236711103423744.npy,1605236711121424128_camera_0.jpg
3.83106,0.0435138,9.04771,1605236711205425920.npy,1605236711262427136_camera_0.jpg
4.88191,-0.428848,8.52822,1605236711409430272.npy,1605236711409430272_camera_0.jpg
-1.3462,3.74943,8.95655,1605236711511432448.npy,1605236711511432448_camera_0.jpg
1.04058,1.65415,9.61051,1605236711613434624.npy,1605236711706436608_camera_0.jpg
1.00207,1.65012,9.57201,1605236711715436800.npy,1605236711715436800_camera_0.jpg
4.14829,-3.46018,8.1408,1605236711817438976.npy,1605236711901440768_camera_0.jpg
-0.171559,-0.848473,9.72866,1605236711919441152.npy,1605236711919441152_camera_0.jpg
0.0589702,4.44092,8.76696,1605236712021443328.npy,1605236712021443328_camera_0.jpg
2.53772,0.947223,9.47527,1605236712123445504.npy,1605236712123445504_camera_0.jpg
4.06252,-1.13575,8.81156,1605236712225447680.npy,1605236712270448640_camera_0.jpg
-3.27856,-2.77782,8.73936,1605236712429452032.npy,1605236712429452032_camera_0.jpg
2.00949,-0.633213,9.55665,1605236712531454208.npy,1605236712564454912_camera_0.jpg
4.15854,-2.36758,8.5388,1605236712735458560.npy,1605236712735458560_camera_0.jpg
3.66781,4.37981,7.95795,1605236712939462912.npy,1605236712939462912_camera_0.jpg
1.2725,3.83893,8.85252,1605236713041465088.npy,1605236713050465280_camera_0.jpg
0.757948,1.60625,9.6241,1605236713245469440.npy,1605236713245469440_camera_0.jpg
3.80319,-0.138092,9.0733,1605236713347471616.npy,1605236713347471616_camera_0.jpg
-4.59222,-4.28815,7.47364,1605236713449473792.npy,1605236713449473792_camera_0.jpg
3.06682,2.07684,9.09802,1605236713551475968.npy,1605236713614477312_camera_0.jpg
0.125003,1.39975,9.69104,1605236713653478144.npy,1605236713743480064_camera_0.jpg
2.17955,-0.738719,9.51345,1605236713755480320.npy,1605236713755480320_camera_0.jpg
3.43049,-4.07994,8.19978,1605236713857482496.npy,1605236713857482496_camera_0.jpg
1.55624,-3.01789,9.20878,1605236713959484672.npy,1605236713959484672_camera_0.jpg
-4.77823,-2.96103,7.95773,1605236714061486848.npy,1605236714061486848_camera_0.jpg
-1.06443,3.67367,9.09803,1605236714163489024.npy,1605236714163489024_camera_0.jpg
3.1432,-0.014565,9.32045,1605236714265491200.npy,1605236714265491200_camera_0.jpg
3.4989,-1.4724,8.97582,1605236714367493376.npy,1605236714457495296_camera_0.jpg
2.3922,-2.84309,9.08966,1605236714469495552.npy,1605236714481495808_camera_0.jpg
1.90049,-3.09027,9.08652,1605236714571497728.npy,1605236714637499136_camera_0.jpg
-0.0410809,-0.633758,9.8121,1605236714673499904.npy,1605236714673499904_camera_0.jpg
3.96049,0.722807,8.98016,1605236714775502080.npy,1605236714877504256_camera_0.jpg
2.66083,3.69715,8.65032,1605236714979506432.npy,1605236714979506432_camera_0.jpg
-4.75972,-1.80715,8.30582,1605236715081508608.npy,1605236715117509376_camera_0.jpg
2.58119,-1.89325,9.2468,1605236715183510784.npy,1605236715192510976_camera_0.jpg
-2.09295,-1.35572,9.50045,1605236715285512960.npy,1605236715366514688_camera_0.jpg
0.327612,1.07986,9.82058,1605236715387515136.npy,1605236715414515712_camera_0.jpg
2.46796,-3.7376,8.73646,1605236715489517312.npy,1605236715588519424_camera_0.jpg
0.312769,-1.88238,9.66555,1605236715693521664.npy,1605236715693521664_camera_0.jpg
-2.9698,2.55251,8.99106,1605236715795523840.npy,1605236715795523840_camera_0.jpg
4.57855,3.9074,7.69766,1605236715897526016.npy,1605236715897526016_camera_0.jpg
4.50197,1.93616,8.504,1605236715999528192.npy,1605236716101530368_camera_0.jpg
-3.50543,-0.669347,9.13302,1605236716203532544.npy,1605236716203532544_camera_0.jpg
4.45454,-3.52944,7.98565,1605236716305534720.npy,1605236716305534720_camera_0.jpg
-0.280066,-2.48256,9.51868,1605236716407536896.npy,1605236716407536896_camera_0.jpg
4.33645,-2.47175,8.44433,1605236716611541248.npy,1605236716611541248_camera_0.jpg
-2.99153,0.429637,9.30433,1605236716713543424.npy,1605236716791545088_camera_0.jpg
4.47071,-3.63686,7.9063,1605236716815545600.npy,1605236716815545600_camera_0.jpg
-3.03255,0.243186,9.36626,1605236717019549952.npy,1605236717019549952_camera_0.jpg
0.742238,3.27226,9.24386,1605236717121552128.npy,1605236717121552128_camera_0.jpg
3.93679,0.854947,8.87158,1605236717223554304.npy,1605236717223554304_camera_0.jpg
-3.07518,2.97013,8.79389,1605236717325556480.npy,1605236717382557696_camera_0.jpg
-2.03022,2.09643,9.36117,1605236717427558656.npy,1605236717427558656_camera_0.jpg
4.46623,3.14699,8.18045,1605236717529560832.npy,1605236717529560832_camera_0.jpg
4.01538,-2.75477,8.48721,1605236717631563008.npy,1605236717673563904_camera_0.jpg
-1.97986,1.95837,9.45809,1605236717835567360.npy,1605236717835567360_camera_0.jpg
3.98979,-2.70227,8.57887,1605236718039571712.npy,1605236718039571712_camera_0.jpg
2.51242,1.2194,9.43556,1605236718141573888.npy,1605236718141573888_camera_0.jpg
1.09856,-4.23079,8.80564,1605236718243576064.npy,1605236718243576064_camera_0.jpg
1.14408,-0.124265,9.79585,1605236718447580416.npy,1605236718447580416_camera_0.jpg
0.927112,4.36339,8.71106,1605236718549582592.npy,1605236718549582592_camera_0.jpg
-4.35758,-1.0116,8.73735,1605236718651584768.npy,1605236718651584768_camera_0.jpg
-3.7914,-2.70574,8.61889,1605236718753586944.npy,1605236718753586944_camera_0.jpg
-1.93786,0.672581,9.65381,1605236718855589120.npy,1605236718855589120_camera_0.jpg
1.67706,-3.62102,8.88582,1605236718957591296.npy,1605236718990592000_camera_0.jpg
-2.80807,-1.09509,9.29412,1605236719059593472.npy,1605236719059593472_camera_0.jpg
3.60899,2.40783,8.84248,1605236719161595648.npy,1605236719161595648_camera_0.jpg
0.109662,-3.16044,9.17779,1605236719263597824.npy,1605236719362599936_camera_0.jpg
-0.553592,-0.85284,9.72143,1605236719467602176.npy,1605236719467602176_camera_0.jpg
3.79193,-3.53078,8.26741,1605236719569604352.npy,1605236719569604352_camera_0.jpg
-2.15263,0.724407,9.45905,1605236719671606528.npy,1605236719671606528_camera_0.jpg
-4.64378,0.892176,8.57986,1605236719773608704.npy,1605236719851610368_camera_0.jpg
-4.04674,-2.81594,8.48767,1605236719875610880.npy,1605236719902611456_camera_0.jpg
-0.467368,2.2302,9.48626,1605236719977613056.npy,1605236719977613056_camera_0.jpg
-2.9872,-0.934971,9.29775,1605236720079615232.npy,1605236720079615232_camera_0.jpg
4.07756,-3.49952,8.25966,1605236720181617408.npy,1605236720181617408_camera_0.jpg
3.90265,3.99158,8.12429,1605236720283619584.npy,1605236720385621760_camera_0.jpg
4.18248,-1.91935,8.67717,1605236720487623936.npy,1605236720487623936_camera_0.jpg
0.467929,-2.18458,9.54885,1605236720589626112.npy,1605236720589626112_camera_0.jpg
4.70555,0.514215,8.58282,1605236720691628288.npy,1605236720721628928_camera_0.jpg
-1.89006,1.4669,9.53767,1605236720793630464.npy,1605236720823631104_camera_0.jpg
3.63888,0.384869,9.08502,1605236720895632640.npy,1605236720967634176_camera_0.jpg
-1.31748,-0.058929,9.72298,1605236720997634816.npy,1605236721066636288_camera_0.jpg
-0.641678,-3.47309,9.20379,1605236721099636992.npy,1605236721099636992_camera_0.jpg
-0.293352,-2.85061,9.39272,1605236721201639168.npy,1605236721201639168_camera_0.jpg
-3.66994,1.967,8.81443,1605236721303641344.npy,1605236721303641344_camera_0.jpg
-5.00564,0.799267,8.46443,1605236721507645696.npy,1605236721507645696_camera_0.jpg
-2.63468,-1.05011,9.44385,1605236721609647872.npy,1605236721609647872_camera_0.jpg
-1.21653,-4.0978,8.77638,1605236721711650048.npy,1605236721711650048_camera_0.jpg
1.28081,-3.31779,9.1032,1605236721915654400.npy,1605236721915654400_camera_0.jpg
3.84124,3.90474,8.23131,1605236722017656576.npy,1605236722017656576_camera_0.jpg
-2.42795,-3.35391,8.86571,1605236722119658752.npy,1605236722194660352_camera_0.jpg
-1.18085,-0.318466,9.72657,1605236722323663104.npy,1605236722323663104_camera_0.jpg
4.40171,0.510404,8.87101,1605236722425665280.npy,1605236722509667072_camera_0.jpg
-3.46404,2.94982,8.74581,1605236722629669632.npy,1605236722629669632_camera_0.jpg
2.91439,0.876476,9.29665,1605236722731671808.npy,1605236722731671808_camera_0.jpg
-4.91102,-0.668326,8.46056,1605236722833673984.npy,1605236722833673984_camera_0.jpg
0.659478,2.8712,9.42356,1605236722935676160.npy,1605236722935676160_camera_0.jpg
-4.70818,-3.05773,8.13032,1605236723037678336.npy,1605236723037678336_camera_0.jpg
2.56951,-2.34106,9.20301,1605236723139680512.npy,1605236723235682560_camera_0.jpg
-2.93911,0.541694,9.32383,1605236723343684864.npy,1605236723343684864_camera_0.jpg
-4.49233,0.600909,8.74129,1605236723547689216.npy,1605236723547689216_camera_0.jpg
-1.20569,-2.46125,9.48999,1605236723649691392.npy,1605236723649691392_camera_0.jpg
0.905542,0.940704,9.74957,1605236723751693568.npy,1605236723772694016_camera_0.jpg
3.64774,4.58795,7.91762,1605236723853695744.npy,1605236723856695808_camera_0.jpg
-1.88379,-2.79807,9.2748,1605236723955697920.npy,1605236723955697920_camera_0.jpg
-2.88384,3.96775,8.50602,1605236724057700096.npy,1605236724096700928_camera_0.jpg
-4.43671,0.742916,8.79769,1605236724159702272.npy,1605236724159702272_camera_0.jpg
2.95526,0.546835,9.44396,1605236724261704448.npy,1605236724267704576_camera_0.jpg
0.705408,0.694178,9.65897,1605236724363706624.npy,1605236724363706624_camera_0.jpg
0.424637,2.29729,9.51658,1605236724465708800.npy,1605236724552710656_camera_0.jpg
1.6702,0.621714,9.66609,1605236724567710976.npy,1605236724633712384_camera_0.jpg
1.34222,-2.35788,9.48911,1605236724669713152.npy,1605236724711714048_camera_0.jpg
-3.59436,-0.323958,9.18272,1605236724771715328.npy,1605236724771715328_camera_0.jpg
-4.92352,3.04395,8.03546,1605236724873717504.npy,1605236724873717504_camera_0.jpg
1.68679,-4.45648,8.55045,1605236724975719680.npy,1605236725041721088_camera_0.jpg
-0.78147,1.5096,9.65131,1605236725077721856.npy,1605236725092722176_camera_0.jpg
3.37941,-1.2492,9.12081,1605236725281726208.npy,1605236725281726208_camera_0.jpg
-1.27065,4.42212,8.68773,1605236725587732736.npy,1605236725668734464_camera_0.jpg
-1.26195,4.36703,8.68354,1605236725689734912.npy,1605236725689734912_camera_0.jpg
0.936722,-0.65922,9.72738,1605236725791737088.npy,1605236725791737088_camera_0.jpg
-4.83923,-1.01786,8.55249,1605236725995741440.npy,1605236725995741440_camera_0.jpg
3.29126,-2.11224,8.94944,1605236726097743616.npy,1605236726097743616_camera_0.jpg
1.63924,3.9069,8.79895,1605236726301747968.npy,1605236726301747968_camera_0.jpg
-4.82668,0.136858,8.54179,1605236726403750144.npy,1605236726403750144_camera_0.jpg
-0.286242,-3.95427,9.00956,1605236726607754496.npy,1605236726607754496_camera_0.jpg
1.21849,2.44979,9.45976,1605236726709756672.npy,1605236726709756672_camera_0.jpg
-1.14322,-1.22936,9.67773,1605236726811758848.npy,1605236726889760512_camera_0.jpg
-0.628214,-0.984731,9.74136,1605236727015763200.npy,1605236727015763200_camera_0.jpg
4.2727,1.79439,8.70174,1605236727117765376.npy,1605236727213767424_camera_0.jpg
3.14052,4.11374,8.30702,1605236727321769728.npy,1605236727321769728_camera_0.jpg
3.3417,-2.86968,8.74346,1605236727423771904.npy,1605236727489773312_camera_0.jpg
-0.577025,0.767099,9.76156,1605236727627776256.npy,1605236727627776256_camera_0.jpg
0.900429,3.46339,9.15022,1605236727729778432.npy,1605236727729778432_camera_0.jpg
-1.82247,4.25511,8.597,1605236727831780608.npy,1605236727831780608_camera_0.jpg
-4.60527,1.42959,8.52701,1605236727933782784.npy,1605236727933782784_camera_0.jpg
4.29095,-4.12204,7.80111,1605236728035784960.npy,1605236728035784960_camera_0.jpg
-4.76626,-3.80964,7.65096,1605236728239789312.npy,1605236728239789312_camera_0.jpg
-0.757485,0.621393,9.73681,1605236728341791488.npy,1605236728410792960_camera_0.jpg
-3.13255,0.198893,9.33565,1605236728443793664.npy,1605236728443793664_camera_0.jpg
-2.28992,4.03478,8.65298,1605236728545795840.npy,1605236728557796096_camera_0.jpg
-2.80629,-1.88207,9.16048,1605236728647798016.npy,1605236728647798016_camera_0.jpg
3.48004,1.55279,9.04819,1605236728749800192.npy,1605236728851802368_camera_0.jpg
4.14487,-3.51762,8.12196,1605236728953804544.npy,1605236728953804544_camera_0.jpg
-0.370713,-1.47042,9.76386,1605236729055806720.npy,1605236729154808832_camera_0.jpg
-0.821611,-2.74206,9.44366,1605236729259811072.npy,1605236729259811072_camera_0.jpg
3.79071,1.47933,8.87099,1605236729361813248.npy,1605236729361813248_camera_0.jpg
0.124756,-1.9291,9.61882,1605236729463815424.npy,1605236729565817600_camera_0.jpg
2.92749,4.43986,8.22254,1605236729667819776.npy,1605236729682820096_camera_0.jpg
-2.78683,2.23007,9.12956,1605236729769821952.npy,1605236729769821952_camera_0.jpg
-2.1425,0.0947597,9.67868,1605236729871824128.npy,1605236729877824256_camera_0.jpg
0.275801,3.92743,8.9812,1605236729973826304.npy,1605236729973826304_camera_0.jpg
0.575285,-4.22942,8.74878,1605236730177830656.npy,1605236730177830656_camera_0.jpg
-2.3526,-3.85909,8.75114,1605236730279832832.npy,1605236730279832832_camera_0.jpg
-0.671228,-4.09389,8.85321,1605236730381835008.npy,1605236730381835008_camera_0.jpg
-1.03353,4.32843,8.72793,1605236730483837184.npy,1605236730483837184_camera_0.jpg
-1.3849,-1.85047,9.45127,1605236730585839360.npy,1605236730585839360_camera_0.jpg
2.4768,4.71848,8.279,1605236730687841536.npy,1605236730687841536_camera_0.jpg
2.63988,2.29736,9.1993,1605236730789843712.npy,1605236730789843712_camera_0.jpg
0.0152088,2.04915,9.53028,1605236730891845888.npy,1605236730891845888_camera_0.jpg
-1.28753,-1.15136,9.65544,1605236730993848064.npy,1605236730993848064_camera_0.jpg
2.5939,-4.55209,8.37849,1605236731095850240.npy,1605236731095850240_camera_0.jpg
-4.02903,0.553126,8.85645,1605236731197852416.npy,1605236731197852416_camera_0.jpg
4.08497,-2.37428,8.6426,1605236731299854592.npy,1605236731353855744_camera_0.jpg
4.15162,-3.38977,8.05673,1605236731401856768.npy,1605236731401856768_camera_0.jpg
-0.516431,0.0915981,9.84908,1605236731503858944.npy,1605236731509859072_camera_0.jpg
-3.00224,4.11085,8.37887,1605236731707863296.npy,1605236731707863296_camera_0.jpg
-1.17153,-2.98061,9.2469,1605236731809865472.npy,1605236731809865472_camera_0.jpg
0.0473908,3.79099,9.09599,1605236731911867648.npy,1605236731911867648_camera_0.jpg
1.39817,0.771021,9.63204,1605236732013869824.npy,1605236732013869824_camera_0.jpg
-4.31364,-2.7582,8.33634,1605236732115872000.npy,1605236732202873856_camera_0.jpg
-0.100812,3.95553,9.06231,1605236732319876352.npy,1605236732319876352_camera_0.jpg
-2.92401,2.93715,8.96997,1605236732421878528.npy,1605236732475879680_camera_0.jpg
-1.91687,2.83781,9.17631,1605236732523880704.npy,1605236732550881280_camera_0.jpg
-0.342162,3.08238,9.29404,1605236732727885056.npy,1605236732727885056_camera_0.jpg
3.6389,-1.99818,8.81975,1605236732829887232.npy,1605236732829887232_camera_0.jpg
3.82317,-0.165943,8.9886,1605236732931889408.npy,1605236732958889984_camera_0.jpg
