0.337853,-1.84984,9.63977,1596419299327429120_camera_0.jpg
-1.28406,0.362769,9.67502,1596419299528433408_camera_0.jpg
0.77044,-0.440378,9.80816,1596419299729437696_camera_0.jpg
-3.0257,-0.923673,9.37207,1596419299933442048_camera_0.jpg
3.25498,3.0019,8.75843,1596419300134446336_camera_0.jpg
0.779713,4.69614,8.55779,1596419300335450624_camera_0.jpg
1.81916,-4.15388,8.74271,1596419300539454976_camera_0.jpg
0.608306,2.08037,9.5793,1596419300740459264_camera_0.jpg
0.207533,-2.78362,9.42045,1596419300941463552_camera_0.jpg
1.49524,2.16735,9.43923,1596419301145467904_camera_0.jpg
-4.69224,0.506524,8.6415,1596419301349472256_camera_0.jpg
-3.55476,3.78796,8.44852,1596419301550476544_camera_0.jpg
3.89576,3.51665,8.30795,1596419301751480832_camera_0.jpg
-4.28766,-3.38157,8.16195,1596419301952485120_camera_0.jpg
4.37708,0.251142,8.71538,1596419302156489472_camera_0.jpg
0.965026,-4.48683,8.69385,1596419302360493824_camera_0.jpg
-2.86221,-3.69567,8.56356,1596419302561498112_camera_0.jpg
-3.64371,4.15655,8.03304,1596419302765502464_camera_0.jpg
1.47132,-1.64326,9.50442,1596419302966506752_camera_0.jpg
2.27292,1.90752,9.31709,1596419303170511104_camera_0.jpg
-0.945066,4.22032,8.77752,1596419303371515392_camera_0.jpg
-2.5127,-1.17387,9.39999,1596419303572519680_camera_0.jpg
-4.31895,-3.00425,8.35904,1596419303773523968_camera_0.jpg
0.859291,4.11529,8.8638,1596419303974528256_camera_0.jpg
-3.31704,3.24018,8.5957,1596419304178532608_camera_0.jpg
-2.03209,-4.3468,8.63146,1596419304379536896_camera_0.jpg
-1.52725,-3.44936,9.08005,1596419304586541312_camera_0.jpg
-4.34337,-3.55745,8.07688,1596419304790545664_camera_0.jpg
-3.70397,-1.79947,8.88685,1596419304994550016_camera_0.jpg
4.6968,-1.27856,8.50374,1596419305198554368_camera_0.jpg
-1.04441,0.106807,9.74785,1596419305399558656_camera_0.jpg
1.79697,4.8053,8.36944,1596419305600562944_camera_0.jpg
2.48477,-2.73988,9.06066,1596419305804567296_camera_0.jpg
-2.16785,-3.82423,8.77874,1596419306005571584_camera_0.jpg
0.892256,2.7129,9.4271,1596419306206575872_camera_0.jpg
1.56638,-1.8528,9.45782,1596419306410580224_camera_0.jpg
-2.43274,3.54451,8.87029,1596419306611584512_camera_0.jpg
2.42123,2.37283,9.19282,1596419306812588800_camera_0.jpg
3.36246,0.292683,9.20329,1596419307013593088_camera_0.jpg
4.6939,-3.70996,7.81054,1596419307217597440_camera_0.jpg
4.19399,1.95251,8.66136,1596419307418601728_camera_0.jpg
4.26579,-4.21367,7.765,1596419307619606016_camera_0.jpg
-0.386881,4.10353,8.96044,1596419307820610304_camera_0.jpg
-1.4647,-3.54947,9.07645,1596419308024614656_camera_0.jpg
-0.991212,-2.92372,9.32226,1596419308225618944_camera_0.jpg
1.87144,0.651357,9.54965,1596419308426623232_camera_0.jpg
-3.26826,-1.71995,9.14523,1596419308627627520_camera_0.jpg
1.43569,0.827473,9.58988,1596419308828631808_camera_0.jpg
-4.86369,2.12173,8.2504,1596419309032636160_camera_0.jpg
3.7071,3.48635,8.39289,1596419309233640448_camera_0.jpg
-4.21414,-3.24767,8.28567,1596419309434644736_camera_0.jpg
4.48464,1.71992,8.59196,1596419309638649088_camera_0.jpg
-1.82329,3.91288,8.77515,1596419309839653376_camera_0.jpg
1.41635,0.0759114,9.70462,1596419310040657664_camera_0.jpg
-0.882714,-3.1137,9.24971,1596419310241661952_camera_0.jpg
-1.81505,-1.78348,9.5412,1596419310442666240_camera_0.jpg
0.186087,-4.72364,8.66918,1596419310646670592_camera_0.jpg
0.55723,4.77691,8.57911,1596419310847674880_camera_0.jpg
-4.40093,-0.853871,8.67808,1596419311051679232_camera_0.jpg
2.41554,-0.722103,9.4624,1596419311252683520_camera_0.jpg
-3.87685,-2.3236,8.66503,1596419311453687808_camera_0.jpg
-4.88263,2.13824,8.10176,1596419311657692160_camera_0.jpg
-0.107513,4.69502,8.66117,1596419311861696512_camera_0.jpg
2.46639,-1.11329,9.36741,1596419312065700864_camera_0.jpg
4.06562,3.33717,8.30582,1596419312266705152_camera_0.jpg
-0.88412,-3.16667,9.23734,1596419312467709440_camera_0.jpg
-2.70705,4.51991,8.34227,1596419312671713792_camera_0.jpg
-1.71926,-1.81288,9.44884,1596419312872718080_camera_0.jpg
3.19958,0.268271,9.25135,1596419313073722368_camera_0.jpg
4.39016,-1.04814,8.69429,1596419313274726656_camera_0.jpg
-1.78723,-1.9153,9.45214,1596419313475730944_camera_0.jpg
-1.77161,-2.47994,9.22109,1596419313676735232_camera_0.jpg
-3.94995,-1.15964,8.856,1596419313877739520_camera_0.jpg
-4.54203,1.17672,8.65731,1596419314081743872_camera_0.jpg
-1.80621,0.813533,9.61596,1596419314282748160_camera_0.jpg
0.590903,3.58664,9.10239,1596419314483752448_camera_0.jpg
4.47117,0.129908,8.6478,1596419314684756736_camera_0.jpg
0.255046,1.48624,9.73129,1596419314888761088_camera_0.jpg
-2.01442,-3.45354,9.0128,1596419315089765376_camera_0.jpg
2.4631,2.99762,9.03601,1596419315293769728_camera_0.jpg
-2.51665,3.05597,8.94442,1596419315494774016_camera_0.jpg
1.78684,3.63773,9.00986,1596419315698778368_camera_0.jpg
1.41673,4.45107,8.62973,1596419315902782720_camera_0.jpg
3.23573,1.8773,9.06727,1596419316106787072_camera_0.jpg
0.85105,4.4519,8.74967,1596419316310791424_camera_0.jpg
2.59337,-4.32806,8.39539,1596419316511795712_camera_0.jpg
2.03935,-1.85953,9.37064,1596419316715800064_camera_0.jpg
-4.16673,-4.16433,7.96805,1596419316916804352_camera_0.jpg
-3.85088,-1.90133,8.83846,1596419317120808704_camera_0.jpg
3.18001,-3.02337,8.868,1596419317321812992_camera_0.jpg
4.08694,-3.51645,8.20958,1596419317522817280_camera_0.jpg
-3.56604,-2.22175,8.83716,1596419317726821632_camera_0.jpg
-3.44551,2.61124,8.75909,1596419317930825984_camera_0.jpg
-3.85678,0.596614,8.94533,1596419318134830336_camera_0.jpg
0.122204,-1.94118,9.67036,1596419318335834624_camera_0.jpg
-4.45462,2.83947,8.25263,1596419318536838912_camera_0.jpg
-3.47844,2.11946,8.94358,1596419318737843200_camera_0.jpg
-4.28376,3.47943,8.09462,1596419318938847488_camera_0.jpg
1.52508,4.7811,8.50182,1596419319142851840_camera_0.jpg
4.19222,-1.26734,8.74276,1596419319343856128_camera_0.jpg
-2.39225,-1.65393,9.43709,1596419319547860480_camera_0.jpg
-2.87912,3.5617,8.64238,1596419319748864768_camera_0.jpg
-1.95627,-3.44534,8.89559,1596419319949869056_camera_0.jpg
2.78185,-0.965482,9.3122,1596419320150873344_camera_0.jpg
-4.22232,-4.15966,7.80249,1596419320354877696_camera_0.jpg
-3.65433,-3.37919,8.50134,1596419320555881984_camera_0.jpg
-4.3036,4.03081,7.79822,1596419320756886272_camera_0.jpg
2.30122,1.19146,9.445,1596419320960890624_camera_0.jpg
-3.48756,-2.90179,8.69516,1596419321164894976_camera_0.jpg
-0.0141053,3.81637,9.07983,1596419321365899264_camera_0.jpg
-1.51234,-0.379046,9.77116,1596419321566903552_camera_0.jpg
3.65165,-3.12207,8.54211,1596419321770907904_camera_0.jpg
-3.00179,-2.0746,9.07785,1596419321971912192_camera_0.jpg
0.44013,-4.41151,8.78133,1596419322172916480_camera_0.jpg
0.32133,4.56772,8.6751,1596419322373920768_camera_0.jpg
4.62399,2.18462,8.40127,1596419322574925056_camera_0.jpg
4.06098,0.0505747,8.91639,1596419322775929344_camera_0.jpg
0.425902,3.76569,9.06107,1596419322979933696_camera_0.jpg
3.33533,-3.30136,8.61994,1596419323180937984_camera_0.jpg
2.91238,3.23537,8.83214,1596419323384942336_camera_0.jpg
4.6422,2.71797,8.33134,1596419323588946688_camera_0.jpg
2.65557,2.13017,9.19718,1596419323789950976_camera_0.jpg
4.93821,-2.96321,8.01956,1596419323993955328_camera_0.jpg
2.1103,-2.52682,9.28636,1596419324194959616_camera_0.jpg
2.70848,1.8534,9.25403,1596419324395963904_camera_0.jpg
-3.61836,-0.333078,9.07952,1596419324596968192_camera_0.jpg
1.25323,-0.397808,9.72389,1596419324797972480_camera_0.jpg
-3.46027,3.40149,8.48781,1596419324998976768_camera_0.jpg
-4.05966,1.42575,8.82077,1596419325199981056_camera_0.jpg
0.333324,-4.13078,8.85274,1596419325403985408_camera_0.jpg
-1.34352,-0.7483,9.71441,1596419325607989760_camera_0.jpg
1.29344,-3.1223,9.20043,1596419325811994112_camera_0.jpg
2.51007,-2.27756,9.18897,1596419326012998400_camera_0.jpg
1.00757,4.77108,8.492,1596419326217002752_camera_0.jpg
1.26511,-1.5487,9.63742,1596419326418007040_camera_0.jpg
-0.801255,4.08113,8.84453,1596419326622011392_camera_0.jpg
1.84006,-3.17217,9.0736,1596419326823015680_camera_0.jpg
0.0999236,0.492224,9.7938,1596419327027020032_camera_0.jpg
-1.62189,-3.24393,9.06856,1596419327228024320_camera_0.jpg
3.59701,-1.55938,9.07894,1596419327429028608_camera_0.jpg
1.24052,3.40178,9.13936,1596419327630032896_camera_0.jpg
4.71967,-2.64433,8.165,1596419327831037184_camera_0.jpg
-3.95709,-4.0399,8.04097,1596419328032041472_camera_0.jpg
1.17302,-3.86535,8.90108,1596419328233045760_camera_0.jpg
-4.05163,-2.87495,8.43878,1596419328434050048_camera_0.jpg
-2.02407,-4.69002,8.35032,1596419328635054336_camera_0.jpg
1.68708,-2.3102,9.37502,1596419328836058624_camera_0.jpg
4.56683,-3.70382,7.87758,1596419329037062912_camera_0.jpg
1.44101,-1.33672,9.66022,1596419329238067200_camera_0.jpg
-1.70905,3.65159,8.94091,1596419329439071488_camera_0.jpg
1.38707,2.4031,9.46372,1596419329640075776_camera_0.jpg
-3.09858,0.828737,9.2267,1596419329844080128_camera_0.jpg
2.37247,1.37878,9.44932,1596419330045084416_camera_0.jpg
2.46566,1.68128,9.28549,1596419330246088704_camera_0.jpg
-1.31546,2.25175,9.42172,1596419330450093056_camera_0.jpg
2.94447,0.146159,9.36248,1596419330651097344_camera_0.jpg
-1.51208,4.80988,8.39683,1596419330852101632_camera_0.jpg
0.235469,3.72036,9.04776,1596419331053105920_camera_0.jpg
3.42392,-0.448066,9.14361,1596419331254110208_camera_0.jpg
1.85245,4.18213,8.76078,1596419331455114496_camera_0.jpg
-1.87714,3.90354,8.78573,1596419331656118784_camera_0.jpg
2.25083,-1.02835,9.45498,1596419331857123072_camera_0.jpg
2.27491,2.82227,9.14818,1596419332058127360_camera_0.jpg
-3.08856,1.47519,9.16763,1596419332262131712_camera_0.jpg
-4.67719,3.71388,7.80525,1596419332463136000_camera_0.jpg
-4.89606,0.323909,8.4295,1596419332667140352_camera_0.jpg
0.529046,4.07433,8.90975,1596419332871144704_camera_0.jpg
-4.7811,-4.15498,7.4782,1596419333072148992_camera_0.jpg
-4.37242,1.65088,8.64736,1596419333276153344_camera_0.jpg
-4.89763,3.51088,7.85049,1596419333477157632_camera_0.jpg
0.106471,3.797,9.0515,1596419333678161920_camera_0.jpg
-1.49159,-0.385372,9.7711,1596419333879166208_camera_0.jpg
-2.57745,3.44786,8.83057,1596419334080170496_camera_0.jpg
-1.82948,-4.10482,8.7287,1596419334284174848_camera_0.jpg
2.98132,2.36382,9.05235,1596419334485179136_camera_0.jpg
-3.22548,1.30118,9.12299,1596419334686183424_camera_0.jpg
4.652,0.773977,8.63072,1596419334887187712_camera_0.jpg
2.15949,2.3928,9.23763,1596419335088192000_camera_0.jpg
-1.48104,3.77478,9.00898,1596419335289196288_camera_0.jpg
-4.0774,-1.08893,8.7831,1596419335490200576_camera_0.jpg
2.06079,-0.0879274,9.64197,1596419335691204864_camera_0.jpg
-0.206857,-0.905994,9.81159,1596419335895209216_camera_0.jpg
-0.311088,-1.60423,9.65407,1596419336096213504_camera_0.jpg
4.83595,0.240231,8.51789,1596419336297217792_camera_0.jpg
-1.91165,-3.90275,8.78118,1596419336498222080_camera_0.jpg
-1.06531,0.756534,9.66356,1596419336699226368_camera_0.jpg
0.462704,4.67847,8.60795,1596419336900230656_camera_0.jpg
3.32972,3.48228,8.56886,1596419337104235008_camera_0.jpg
-2.29776,-0.950072,9.40637,1596419337305239296_camera_0.jpg
4.15057,3.83453,8.01833,1596419337506243584_camera_0.jpg
-1.15973,-1.53226,9.71049,1596419337707247872_camera_0.jpg
2.18793,-2.1166,9.40965,1596419337908252160_camera_0.jpg
-3.65812,3.18928,8.40821,1596419338109256448_camera_0.jpg
-2.90241,4.16547,8.38955,1596419338310260736_camera_0.jpg
0.280613,-0.567763,9.76429,1596419338511265024_camera_0.jpg
2.16511,2.77158,9.14606,1596419338712269312_camera_0.jpg
2.1838,-3.50186,8.90521,1596419338913273600_camera_0.jpg
4.09912,1.37549,8.70602,1596419339114277888_camera_0.jpg
2.80858,-3.59394,8.70548,1596419339315282176_camera_0.jpg
4.46067,-3.85209,7.88958,1596419339516286464_camera_0.jpg
-3.40935,-0.185433,9.17198,1596419339717290752_camera_0.jpg
1.19793,2.95227,9.31682,1596419339918295040_camera_0.jpg
2.08449,-1.68068,9.42231,1596419340119299328_camera_0.jpg
-0.735907,3.24748,9.18218,1596419340323303680_camera_0.jpg
2.2728,0.85169,9.49152,1596419340524307968_camera_0.jpg
3.89121,-2.73299,8.61522,1596419340725312256_camera_0.jpg
0.248761,-1.60558,9.69964,1596419340929316608_camera_0.jpg
-4.40282,1.38575,8.63069,1596419341130320896_camera_0.jpg
-2.9726,-4.40323,8.08624,1596419341331325184_camera_0.jpg
4.37416,-2.02934,8.55165,1596419341532329472_camera_0.jpg
-1.90105,2.91873,9.21071,1596419341733333760_camera_0.jpg
-3.88852,-2.029,8.72404,1596419341937338112_camera_0.jpg
4.03613,-1.27435,8.88082,1596419342138342400_camera_0.jpg
-1.58097,-1.7435,9.5189,1596419342339346688_camera_0.jpg
0.940748,2.24912,9.43001,1596419342543351040_camera_0.jpg
2.00105,3.90387,8.83327,1596419342744355328_camera_0.jpg
0.483426,-4.41596,8.68833,1596419342945359616_camera_0.jpg
-0.377337,-3.39716,9.1699,1596419343146363904_camera_0.jpg
-1.68034,1.50671,9.54845,1596419343347368192_camera_0.jpg
-3.99074,3.33592,8.31001,1596419343548372480_camera_0.jpg
-0.535337,2.20129,9.55966,1596419343749376768_camera_0.jpg
-0.963842,-0.366569,9.84204,1596419343950381056_camera_0.jpg
0.543234,-3.09456,9.30978,1596419344151385344_camera_0.jpg
-1.41664,3.55834,9.0196,1596419344352389632_camera_0.jpg
1.4078,-4.49005,8.59733,1596419344559394048_camera_0.jpg
3.27808,2.24447,8.95798,1596419344760398336_camera_0.jpg
3.4894,2.73748,8.75631,1596419344961402624_camera_0.jpg
0.990902,3.10922,9.2253,1596419345165406976_camera_0.jpg
-2.97919,4.25655,8.30251,1596419345366411264_camera_0.jpg
-4.64456,-3.38397,7.89642,1596419345567415552_camera_0.jpg
2.8196,-1.66717,9.32249,1596419345768419840_camera_0.jpg
4.87091,0.87687,8.40095,1596419345969424128_camera_0.jpg
-1.96584,2.00012,9.35065,1596419346173428480_camera_0.jpg
-1.84501,0.947301,9.56737,1596419346374432768_camera_0.jpg
3.27131,0.142002,9.30797,1596419346575437056_camera_0.jpg
4.20532,0.882056,8.79539,1596419346776441344_camera_0.jpg
0.566975,-2.19625,9.51127,1596419346977445632_camera_0.jpg
2.55404,4.66164,8.18956,1596419347178449920_camera_0.jpg
-0.984946,3.26511,9.17358,1596419347379454208_camera_0.jpg
-2.72529,2.35424,9.10336,1596419347580458496_camera_0.jpg
1.30581,-3.16987,9.29822,1596419347781462784_camera_0.jpg
-1.82465,4.10476,8.68569,1596419347982467072_camera_0.jpg
-2.91266,1.82556,9.20704,1596419348186471424_camera_0.jpg
-2.96624,-1.27552,9.26666,1596419348387475712_camera_0.jpg
-2.3432,1.88346,9.2984,1596419348588480000_camera_0.jpg
-3.37507,4.30728,8.09881,1596419348789484288_camera_0.jpg
1.29523,-0.259174,9.73196,1596419348990488576_camera_0.jpg
-2.46873,-1.17705,9.4152,1596419349191492864_camera_0.jpg
-3.53807,-4.43639,7.90801,1596419349395497216_camera_0.jpg
-0.586084,-4.07866,8.82965,1596419349599501568_camera_0.jpg
2.5749,4.63149,8.17186,1596419349803505920_camera_0.jpg
4.88935,4.12589,7.47193,1596419350004510208_camera_0.jpg
-1.29624,-3.68692,8.96654,1596419350208514560_camera_0.jpg
-2.7728,2.2127,9.18516,1596419350409518848_camera_0.jpg
-2.61167,3.09591,8.90257,1596419350613523200_camera_0.jpg
-3.44579,3.63508,8.46118,1596419350814527488_camera_0.jpg
3.56659,-4.26088,8.0964,1596419351018531840_camera_0.jpg
-0.978557,-3.1043,9.2793,1596419351219536128_camera_0.jpg
-0.0582545,1.93953,9.51184,1596419351420540416_camera_0.jpg
-3.75817,-3.41822,8.3538,1596419351621544704_camera_0.jpg
-1.90379,2.36598,9.391,1596419351825549056_camera_0.jpg
-3.17085,-4.47019,8.09055,1596419352026553344_camera_0.jpg
-0.458703,-4.22756,8.78058,1596419352227557632_camera_0.jpg
-2.80858,-0.164285,9.38159,1596419352431561984_camera_0.jpg
-2.80123,3.52486,8.73401,1596419352632566272_camera_0.jpg
-0.289884,-2.73376,9.38683,1596419352836570624_camera_0.jpg
-1.50109,3.00609,9.3026,1596419353040574976_camera_0.jpg
-1.95127,-0.807553,9.60045,1596419353241579264_camera_0.jpg
-2.35759,3.16879,8.872,1596419353442583552_camera_0.jpg
2.14994,0.105521,9.62778,1596419353646587904_camera_0.jpg
0.389905,3.02335,9.24895,1596419353850592256_camera_0.jpg
-2.27319,-1.33662,9.46851,1596419354051596544_camera_0.jpg
3.91724,1.21912,8.89114,1596419354252600832_camera_0.jpg
4.5776,2.14764,8.32935,1596419354456605184_camera_0.jpg
-1.5854,-0.99763,9.64764,1596419354660609536_camera_0.jpg
1.99278,1.32674,9.49108,1596419354864613888_camera_0.jpg
-1.04163,-2.56355,9.44488,1596419355068618240_camera_0.jpg
-4.68755,-3.43092,7.95936,1596419355272622592_camera_0.jpg
-1.75057,4.78811,8.39721,1596419355473626880_camera_0.jpg
2.61031,-3.05687,8.95841,1596419355677631232_camera_0.jpg
4.5454,3.00079,8.13452,1596419355878635520_camera_0.jpg
4.3348,-1.92909,8.57873,1596419356082639872_camera_0.jpg
-4.37262,1.39975,8.68924,1596419356286644224_camera_0.jpg
-4.67343,1.26918,8.45814,1596419356487648512_camera_0.jpg
-2.10527,-0.434775,9.4875,1596419356691652864_camera_0.jpg
2.43616,0.503497,9.46651,1596419356892657152_camera_0.jpg
2.58107,-3.04504,8.89703,1596419357093661440_camera_0.jpg
2.66216,-1.7877,9.2307,1596419357294665728_camera_0.jpg
3.47947,1.22999,9.12712,1596419357495670016_camera_0.jpg
4.43973,3.39492,8.09888,1596419357696674304_camera_0.jpg
-1.05444,3.76182,9.02431,1596419357900678656_camera_0.jpg
-4.29462,-3.45,8.15543,1596419358101682944_camera_0.jpg
1.06181,1.80278,9.63409,1596419358305687296_camera_0.jpg
4.62955,-4.11528,7.56888,1596419358509691648_camera_0.jpg
4.74135,4.23094,7.54182,1596419358713696000_camera_0.jpg
-1.94949,4.31738,8.55281,1596419358914700288_camera_0.jpg
-1.3639,-4.01485,8.80095,1596419359115704576_camera_0.jpg
1.37054,3.86638,8.88152,1596419359319708928_camera_0.jpg
0.267599,4.44413,8.70411,1596419359523713280_camera_0.jpg
-1.86073,-3.2637,9.01937,1596419359727717632_camera_0.jpg
3.8208,1.74776,8.87811,1596419359928721920_camera_0.jpg
2.61649,3.82468,8.60884,1596419360132726272_camera_0.jpg
3.03742,-1.71716,9.17483,1596419360336730624_camera_0.jpg
-0.0994337,-2.03356,9.64012,1596419360540734976_camera_0.jpg
0.983836,1.56266,9.70084,1596419360741739264_camera_0.jpg
-1.18025,-2.42224,9.38941,1596419360942743552_camera_0.jpg
4.4139,3.58572,7.91136,1596419361143747840_camera_0.jpg
2.83107,4.32316,8.20095,1596419361347752192_camera_0.jpg
-4.34242,3.58521,8.0448,1596419361551756544_camera_0.jpg
-2.46499,1.92402,9.30922,1596419361755760896_camera_0.jpg
-2.69412,3.13356,8.92861,1596419361956765184_camera_0.jpg
-0.369485,-3.05429,9.37984,1596419362160769536_camera_0.jpg
-1.64382,0.321961,9.6503,1596419362364773888_camera_0.jpg
1.20049,0.304356,9.73441,1596419362568778240_camera_0.jpg
-1.45866,1.61772,9.50266,1596419362769782528_camera_0.jpg
-4.63333,-2.78232,8.22248,1596419362970786816_camera_0.jpg
0.715129,4.07798,8.88794,1596419363174791168_camera_0.jpg
-2.12865,4.67228,8.33064,1596419363375795456_camera_0.jpg
-4.01538,-0.572149,8.84522,1596419363579799808_camera_0.jpg
-4.36105,4.03924,7.79595,1596419363780804096_camera_0.jpg
-3.83863,-0.996989,8.96517,1596419363981808384_camera_0.jpg
-2.67633,-4.62499,8.24605,1596419364185812736_camera_0.jpg
2.20896,-1.12008,9.43299,1596419364389817088_camera_0.jpg
-2.22844,-0.385,9.45454,1596419364590821376_camera_0.jpg
2.06349,1.94824,9.36226,1596419364791825664_camera_0.jpg
-4.72662,3.55499,7.77804,1596419364995830016_camera_0.jpg
-1.83962,4.04477,8.70052,1596419365196834304_camera_0.jpg
-2.66356,0.104892,9.39928,1596419365397838592_camera_0.jpg
-1.18831,2.78375,9.29616,1596419365598842880_camera_0.jpg
2.93366,1.80488,9.18077,1596419365799847168_camera_0.jpg
0.333297,0.425105,9.66925,1596419366003851520_camera_0.jpg
1.39894,-1.93657,9.55401,1596419366207855872_camera_0.jpg
4.7589,-2.99068,8.09122,1596419366411860224_camera_0.jpg
-4.83623,2.09778,8.31825,1596419366612864512_camera_0.jpg
-1.60992,-1.328,9.56728,1596419366813868800_camera_0.jpg
-4.78855,-1.9878,8.3278,1596419367014873088_camera_0.jpg
2.46893,-2.92215,9.01705,1596419367215877376_camera_0.jpg
2.25685,-3.77301,8.75034,1596419367416881664_camera_0.jpg
-1.18537,0.506977,9.72628,1596419367620886016_camera_0.jpg
-4.66208,-2.48357,8.31649,1596419367821890304_camera_0.jpg
-0.35966,-3.58392,9.17219,1596419368025894656_camera_0.jpg
-3.94635,3.24958,8.41615,1596419368229899008_camera_0.jpg
0.564043,-4.58747,8.61153,1596419368433903360_camera_0.jpg
1.27134,0.424488,9.73869,1596419368634907648_camera_0.jpg
4.78322,0.357468,8.54945,1596419368835911936_camera_0.jpg
4.43211,-3.99846,7.79162,1596419369039916288_camera_0.jpg
-2.16015,-2.00963,9.35566,1596419369240920576_camera_0.jpg
2.85406,2.10926,9.10864,1596419369441924864_camera_0.jpg
2.35279,-3.57857,8.81899,1596419369642929152_camera_0.jpg
2.48016,-0.523018,9.4624,1596419369843933440_camera_0.jpg
-4.77974,-2.63799,8.13411,1596419370044937728_camera_0.jpg
-2.53719,-4.01124,8.587,1596419370245942016_camera_0.jpg
1.14171,-1.89302,9.61121,1596419370449946368_camera_0.jpg
-3.12346,2.24209,8.96538,1596419370650950656_camera_0.jpg
-3.00455,2.84028,8.86707,1596419370851954944_camera_0.jpg
-2.98121,2.07097,9.09967,1596419371055959296_camera_0.jpg
-4.36356,-3.98829,7.78821,1596419371256963584_camera_0.jpg
4.52445,-2.60933,8.29972,1596419371457967872_camera_0.jpg
0.416888,-1.11799,9.7413,1596419371658972160_camera_0.jpg
-3.16567,-1.43644,9.08812,1596419371859976448_camera_0.jpg
2.2536,-4.12451,8.57768,1596419372060980736_camera_0.jpg
-0.624947,3.64682,9.11004,1596419372264985088_camera_0.jpg
-3.54544,-2.10404,8.93422,1596419372465989376_camera_0.jpg
-4.47426,-2.21082,8.40591,1596419372669993728_camera_0.jpg
-1.75121,-0.357984,9.56444,1596419372870998016_camera_0.jpg
3.29228,-2.85994,8.71646,1596419373075002368_camera_0.jpg
4.78027,1.52443,8.45381,1596419373276006656_camera_0.jpg
-0.462905,0.690934,9.76532,1596419373477010944_camera_0.jpg
0.797726,2.82198,9.29985,1596419373678015232_camera_0.jpg
3.05654,-4.57234,8.15339,1596419373879019520_camera_0.jpg
-0.128449,-4.28048,8.88801,1596419374080023808_camera_0.jpg
-3.53507,-2.07936,8.90592,1596419374284028160_camera_0.jpg
0.353525,-1.35706,9.75049,1596419374485032448_camera_0.jpg
-3.76669,-0.900574,9.0262,1596419374686036736_camera_0.jpg
3.09357,2.87263,8.91911,1596419374887041024_camera_0.jpg
-3.12967,-2.24381,9.01411,1596419375088045312_camera_0.jpg
-3.07564,3.10357,8.7585,1596419375289049600_camera_0.jpg
1.68736,-3.11578,9.14504,1596419375493053952_camera_0.jpg
-1.93318,2.51341,9.28629,1596419375694058240_camera_0.jpg
-1.48467,4.56246,8.65234,1596419375895062528_camera_0.jpg
3.82263,-3.41267,8.38112,1596419376096066816_camera_0.jpg
3.676,-0.462427,9.00545,1596419376297071104_camera_0.jpg
0.551443,4.91459,8.46913,1596419376501075456_camera_0.jpg
0.318093,2.65814,9.41774,1596419376702079744_camera_0.jpg
2.18595,4.56373,8.41772,1596419376903084032_camera_0.jpg
4.98261,3.91761,7.49937,1596419377104088320_camera_0.jpg
3.92645,3.39014,8.28027,1596419377305092608_camera_0.jpg
4.84318,-3.91622,7.54248,1596419377506096896_camera_0.jpg
2.38985,4.70442,8.26815,1596419377707101184_camera_0.jpg
1.11328,3.6865,8.93519,1596419377908105472_camera_0.jpg
-1.1347,-2.57395,9.45813,1596419378109109760_camera_0.jpg
0.0104805,-4.26488,8.7399,1596419378310114048_camera_0.jpg
0.0584289,-3.97589,8.95542,1596419378514118400_camera_0.jpg
-3.70602,4.02788,8.19789,1596419378718122752_camera_0.jpg
-4.00878,0.662288,8.83558,1596419378922127104_camera_0.jpg
0.0527338,4.08903,8.84924,1596419379123131392_camera_0.jpg
3.33676,2.16728,9.03573,1596419379327135744_camera_0.jpg
-0.286823,-0.164647,9.8415,1596419379531140096_camera_0.jpg
-3.00129,-3.37376,8.62526,1596419379732144384_camera_0.jpg
3.12802,1.51961,9.18809,1596419379933148672_camera_0.jpg
0.890446,-4.03222,8.88719,1596419380134152960_camera_0.jpg
-1.06338,1.81204,9.52006,1596419380335157248_camera_0.jpg
4.12765,3.64371,8.09693,1596419380536161536_camera_0.jpg
-4.47188,-2.7494,8.30107,1596419380740165888_camera_0.jpg
-3.09115,-4.28683,8.25863,1596419380944170240_camera_0.jpg
-3.44985,-0.694762,9.13458,1596419381145174528_camera_0.jpg
-2.91131,4.18748,8.23397,1596419381346178816_camera_0.jpg
0.920973,4.8294,8.42133,1596419381550183168_camera_0.jpg
-2.14823,2.7493,9.13902,1596419381751187456_camera_0.jpg
4.86106,4.19825,7.35619,1596419381952191744_camera_0.jpg
1.71526,3.38288,9.09712,1596419382156196096_camera_0.jpg
-3.45043,-2.83217,8.71554,1596419382360200448_camera_0.jpg
-1.64792,2.00861,9.46228,1596419382564204800_camera_0.jpg
0.413195,3.41797,9.21934,1596419382768209152_camera_0.jpg
-1.80002,-3.64584,8.87919,1596419382969213440_camera_0.jpg
-2.57225,0.470289,9.47748,1596419383173217792_camera_0.jpg
-2.93783,4.63927,8.17274,1596419383374222080_camera_0.jpg
-1.42621,-0.963539,9.70501,1596419383578226432_camera_0.jpg
3.6179,2.53892,8.74484,1596419383779230720_camera_0.jpg
1.20422,1.05994,9.65521,1596419383980235008_camera_0.jpg
3.66318,1.21068,8.98169,1596419384181239296_camera_0.jpg
-4.47638,-3.85301,7.79783,1596419384382243584_camera_0.jpg
-1.37732,2.30944,9.39045,1596419384583247872_camera_0.jpg
-4.80912,2.22862,8.35978,1596419384784252160_camera_0.jpg
1.86678,-3.47962,8.93015,1596419384985256448_camera_0.jpg
-0.0576085,-4.46629,8.70032,1596419385186260736_camera_0.jpg
-3.20076,-2.85725,8.81506,1596419385390265088_camera_0.jpg
-0.745625,0.926851,9.69207,1596419385591269376_camera_0.jpg
-4.62908,-0.439208,8.70812,1596419385792273664_camera_0.jpg
-2.02554,-2.15163,9.34318,1596419385993277952_camera_0.jpg
3.21659,-4.38331,8.0633,1596419386197282304_camera_0.jpg
3.0464,-0.238263,9.26144,1596419386398286592_camera_0.jpg
-2.53241,-0.72357,9.46882,1596419386599290880_camera_0.jpg
-0.418871,4.48602,8.6768,1596419386803295232_camera_0.jpg
0.180782,0.378358,9.81812,1596419387004299520_camera_0.jpg
-4.88134,-1.39789,8.42759,1596419387205303808_camera_0.jpg
-1.64855,0.87761,9.63145,1596419387409308160_camera_0.jpg
-2.57043,0.0748809,9.55496,1596419387610312448_camera_0.jpg
2.02014,0.964795,9.54681,1596419387811316736_camera_0.jpg
3.44681,0.49707,9.11825,1596419388012321024_camera_0.jpg
3.97812,-3.41018,8.21372,1596419388213325312_camera_0.jpg
1.75886,1.79917,9.46897,1596419388414329600_camera_0.jpg
-2.43353,3.40726,8.88659,1596419388618333952_camera_0.jpg
-2.10635,-4.03493,8.75772,1596419388819338240_camera_0.jpg
0.64282,-0.124319,9.8057,1596419389020342528_camera_0.jpg
3.46835,-4.16618,8.12125,1596419389224346880_camera_0.jpg
3.7297,-1.22211,8.97389,1596419389425351168_camera_0.jpg
-4.25296,-1.69306,8.64206,1596419389629355520_camera_0.jpg
-2.75064,-2.29145,9.05841,1596419389833359872_camera_0.jpg
4.33307,1.40867,8.56697,1596419390034364160_camera_0.jpg
-4.43613,3.89638,7.88206,1596419390238368512_camera_0.jpg
-0.57328,-4.55872,8.64446,1596419390442372864_camera_0.jpg
-3.25505,-3.00991,8.75527,1596419390646377216_camera_0.jpg
-2.87069,3.44068,8.74834,1596419390850381568_camera_0.jpg
-0.407548,4.64534,8.54186,1596419391051385856_camera_0.jpg
-2.02888,4.33771,8.68649,1596419391255390208_camera_0.jpg
-4.88685,-3.34138,7.91617,1596419391456394496_camera_0.jpg
-1.97679,-0.450908,9.64343,1596419391657398784_camera_0.jpg
-2.14675,3.33813,9.01769,1596419391858403072_camera_0.jpg
-4.5348,0.198894,8.68057,1596419392062407424_camera_0.jpg
-2.51372,1.93222,9.2841,1596419392266411776_camera_0.jpg
-3.76636,1.14689,8.95627,1596419392470416128_camera_0.jpg
0.671518,-2.46832,9.51702,1596419392671420416_camera_0.jpg
2.74787,-4.05027,8.41086,1596419392872424704_camera_0.jpg
-4.59246,2.49741,8.34711,1596419393076429056_camera_0.jpg
-0.479626,-0.124981,9.75893,1596419393280433408_camera_0.jpg
-1.01829,-2.36131,9.36525,1596419393484437760_camera_0.jpg
3.20605,2.19995,8.97425,1596419393688442112_camera_0.jpg
-4.25677,2.43245,8.47544,1596419393892446464_camera_0.jpg
-2.55412,4.07449,8.50115,1596419394096450816_camera_0.jpg
1.75756,-0.666587,9.63005,1596419394297455104_camera_0.jpg
0.326849,-1.46351,9.70901,1596419394498459392_camera_0.jpg
-2.66662,3.65065,8.6329,1596419394699463680_camera_0.jpg
0.0695082,-2.17972,9.46664,1596419394900467968_camera_0.jpg
-2.67067,-1.28966,9.28997,1596419395104472320_camera_0.jpg
-3.71675,-0.654304,9.09829,1596419395308476672_camera_0.jpg
2.91499,-2.016,9.10971,1596419395512481024_camera_0.jpg
-1.36545,-4.22579,8.75093,1596419395713485312_camera_0.jpg
-0.0993298,-3.91593,8.90195,1596419395917489664_camera_0.jpg
-1.3065,-1.12405,9.58437,1596419396121494016_camera_0.jpg
-2.1376,-4.7694,8.32583,1596419396322498304_camera_0.jpg
0.944664,-1.88068,9.5119,1596419396526502656_camera_0.jpg
1.68579,1.57094,9.49295,1596419396730507008_camera_0.jpg
4.27022,-2.07,8.55871,1596419396934511360_camera_0.jpg
-1.60059,3.90371,8.76693,1596419397135515648_camera_0.jpg
0.0444784,0.812862,9.80621,1596419397336519936_camera_0.jpg
-4.85983,0.761939,8.42543,1596419397540524288_camera_0.jpg
3.8416,-0.759196,8.95169,1596419397744528640_camera_0.jpg
1.033,3.17416,9.19707,1596419397948532992_camera_0.jpg
1.01204,1.50253,9.62648,1596419398149537280_camera_0.jpg
-4.212,2.88018,8.26754,1596419398350541568_camera_0.jpg
1.11175,1.72824,9.6139,1596419398551545856_camera_0.jpg
3.82381,2.15543,8.79917,1596419398755550208_camera_0.jpg
2.17774,0.916615,9.52431,1596419398959554560_camera_0.jpg
4.21554,2.20081,8.58813,1596419399160558848_camera_0.jpg
1.54062,-0.779726,9.60313,1596419399364563200_camera_0.jpg
-3.45755,4.23245,8.14999,1596419399565567488_camera_0.jpg
-3.90051,-2.8507,8.56728,1596419399766571776_camera_0.jpg
-2.696,4.01272,8.54319,1596419399967576064_camera_0.jpg
-4.74923,3.43901,7.77744,1596419400171580416_camera_0.jpg
0.444028,-1.74146,9.64935,1596419400372584704_camera_0.jpg
-4.24711,-0.495995,8.74333,1596419400573588992_camera_0.jpg
-3.24643,3.12858,8.68158,1596419400774593280_camera_0.jpg
-3.01729,-1.11927,9.25005,1596419400978597632_camera_0.jpg
-0.887537,-4.7313,8.58958,1596419401182601984_camera_0.jpg
-4.71422,-3.33204,7.84008,1596419401383606272_camera_0.jpg
0.0572453,0.963223,9.7761,1596419401587610624_camera_0.jpg
-2.17774,4.13277,8.69286,1596419401782614784_camera_0.jpg
-0.806398,-3.77554,9.07168,1596419401983619072_camera_0.jpg
-0.10948,4.29508,8.80321,1596419402184623360_camera_0.jpg
2.09787,4.4523,8.42237,1596419402385627648_camera_0.jpg
-3.8012,-3.71361,8.22195,1596419402586631936_camera_0.jpg
2.63975,3.47188,8.77521,1596419402787636224_camera_0.jpg
-1.48977,-1.96832,9.55293,1596419402988640512_camera_0.jpg
1.55665,-1.48953,9.62576,1596419403189644800_camera_0.jpg
1.74364,4.51965,8.63621,1596419403390649088_camera_0.jpg
3.87784,4.37982,7.79153,1596419403591653376_camera_0.jpg
2.4673,1.85453,9.30338,1596419403795657728_camera_0.jpg
-3.647,1.17162,9.01735,1596419403999662080_camera_0.jpg
1.08899,-2.14926,9.53972,1596419404203666432_camera_0.jpg
4.3024,0.564058,8.82614,1596419404407670784_camera_0.jpg
-4.57067,1.51093,8.58187,1596419404608675072_camera_0.jpg
-2.74171,2.03256,9.17727,1596419404812679424_camera_0.jpg
-0.525689,4.58389,8.71402,1596419405013683712_camera_0.jpg
2.16504,0.81748,9.55583,1596419405214688000_camera_0.jpg
-4.37143,3.77232,7.92339,1596419405415692288_camera_0.jpg
-0.650252,4.38419,8.707,1596419405616696576_camera_0.jpg
-2.82736,-0.12457,9.3511,1596419405817700864_camera_0.jpg
-2.44007,3.61555,8.72299,1596419406018705152_camera_0.jpg
-2.32699,-0.122958,9.53804,1596419406219709440_camera_0.jpg
3.06913,0.792758,9.30662,1596419406420713728_camera_0.jpg
-4.05732,1.18564,8.86994,1596419406624718080_camera_0.jpg
1.41579,4.247,8.76074,1596419406825722368_camera_0.jpg
4.15798,4.03685,7.98851,1596419407026726656_camera_0.jpg
1.61961,3.7088,8.90323,1596419407227730944_camera_0.jpg
0.184567,3.9673,8.92293,1596419407428735232_camera_0.jpg
2.35284,3.28314,8.921,1596419407632739584_camera_0.jpg
0.58601,2.24137,9.49907,1596419407833743872_camera_0.jpg
0.753868,3.3818,9.11607,1596419408034748160_camera_0.jpg
4.8681,1.17459,8.4742,1596419408238752512_camera_0.jpg
-0.250299,-1.1533,9.76018,1596419408439756800_camera_0.jpg
1.66278,-1.59213,9.50356,1596419408640761088_camera_0.jpg
-3.62128,-4.09738,8.04363,1596419408841765376_camera_0.jpg
3.23901,2.39961,8.93396,1596419409042769664_camera_0.jpg
3.57152,-1.23103,9.13488,1596419409243773952_camera_0.jpg
2.71157,2.19005,9.18533,1596419409444778240_camera_0.jpg
3.03428,-2.67299,8.97502,1596419409645782528_camera_0.jpg
2.5316,-0.474251,9.43678,1596419409846786816_camera_0.jpg
3.94673,3.27313,8.38856,1596419410047791104_camera_0.jpg
0.842112,-3.53498,9.15686,1596419410251795456_camera_0.jpg
-1.32293,0.684277,9.62479,1596419410452799744_camera_0.jpg
4.49714,0.297448,8.77012,1596419410653804032_camera_0.jpg
-1.82769,4.44239,8.54931,1596419410857808384_camera_0.jpg
0.875592,-2.11135,9.53312,1596419411058812672_camera_0.jpg
-2.93611,4.49632,8.0979,1596419411256816896_camera_0.jpg
-1.64486,1.94867,9.50739,1596419411460821248_camera_0.jpg
2.57821,3.06511,8.97096,1596419411664825600_camera_0.jpg
1.92417,3.87704,8.83649,1596419411868829952_camera_0.jpg
3.67998,1.0504,9.0073,1596419412069834240_camera_0.jpg
1.50754,-1.79385,9.53371,1596419412273838592_camera_0.jpg
-0.424902,-0.268776,9.82485,1596419412474842880_camera_0.jpg
2.1013,-4.12311,8.63492,1596419412675847168_camera_0.jpg
3.92083,-3.68802,8.16181,1596419412879851520_camera_0.jpg
-3.11881,2.09067,9.06343,1596419413080855808_camera_0.jpg
-3.62444,-1.97677,8.97132,1596419413284860160_camera_0.jpg
3.36427,0.581425,9.27255,1596419413485864448_camera_0.jpg
-1.08809,-4.11771,8.80902,1596419413686868736_camera_0.jpg
-4.76976,2.38273,8.25224,1596419413890873088_camera_0.jpg
-1.82933,-3.54692,8.93877,1596419414091877376_camera_0.jpg
0.104525,-3.90842,9.00793,1596419414292881664_camera_0.jpg
0.583283,-0.776673,9.79644,1596419414493885952_camera_0.jpg
-2.16355,-3.9258,8.67034,1596419414694890240_camera_0.jpg
-1.74947,1.54059,9.57357,1596419414898894592_camera_0.jpg
-4.69265,2.61903,8.3333,1596419415102898944_camera_0.jpg
-1.6379,-1.41969,9.59004,1596419415306903296_camera_0.jpg
-4.39426,1.89277,8.64629,1596419415507907584_camera_0.jpg
0.935805,2.03618,9.57793,1596419415708911872_camera_0.jpg
-0.301407,2.41963,9.48951,1596419415912916224_camera_0.jpg
-0.182994,0.885023,9.82379,1596419416116920576_camera_0.jpg
1.70683,-0.766327,9.65324,1596419416317924864_camera_0.jpg
-3.51752,-4.4415,8.02271,1596419416518929152_camera_0.jpg
3.16021,3.83619,8.46402,1596419416722933504_camera_0.jpg
-1.83702,0.483911,9.60733,1596419416923937792_camera_0.jpg
-1.61726,1.40326,9.56865,1596419417127942144_camera_0.jpg
2.0191,3.49415,8.97218,1596419417331946496_camera_0.jpg
-4.70105,-1.15316,8.51623,1596419417535950848_camera_0.jpg
1.27194,-2.8823,9.24707,1596419417739955200_camera_0.jpg
-4.68157,-2.04352,8.40804,1596419417943959552_camera_0.jpg
-1.07665,2.35442,9.50465,1596419418144963840_camera_0.jpg
-2.37335,0.219289,9.51344,1596419418348968192_camera_0.jpg
-4.00509,-3.5202,8.22203,1596419418552972544_camera_0.jpg
-1.9405,4.40074,8.51865,1596419418753976832_camera_0.jpg
3.64769,-3.97293,8.24205,1596419418954981120_camera_0.jpg
-4.2236,-2.89651,8.3283,1596419419158985472_camera_0.jpg
1.03075,-1.24489,9.65949,1596419419359989760_camera_0.jpg
2.87014,2.8903,8.91447,1596419419560994048_camera_0.jpg
-3.83105,-2.16369,8.76205,1596419419764998400_camera_0.jpg
3.23496,-3.58563,8.51656,1596419419969002752_camera_0.jpg
3.33167,-1.20012,9.23531,1596419420173007104_camera_0.jpg
4.68292,0.282163,8.59515,1596419420377011456_camera_0.jpg
1.7712,-4.62459,8.40592,1596419420578015744_camera_0.jpg
3.02144,-4.14182,8.31977,1596419420779020032_camera_0.jpg
0.189715,-4.49674,8.67428,1596419420983024384_camera_0.jpg
-3.9874,4.11984,7.85288,1596419421184028672_camera_0.jpg
4.75661,2.25291,8.37067,1596419421388033024_camera_0.jpg
0.973446,4.5623,8.60709,1596419421589037312_camera_0.jpg
-1.34984,1.85352,9.54037,1596419421790041600_camera_0.jpg
-1.41103,-0.296444,9.72375,1596419421991045888_camera_0.jpg
2.29843,-4.64477,8.32368,1596419422195050240_camera_0.jpg
-4.64132,-2.98966,8.09396,1596419422396054528_camera_0.jpg
-3.43854,4.26344,8.12354,1596419422600058880_camera_0.jpg
3.06779,2.08395,9.04277,1596419422801063168_camera_0.jpg
3.75048,2.52912,8.70479,1596419423005067520_camera_0.jpg
4.78307,1.79871,8.35429,1596419423206071808_camera_0.jpg
3.33917,2.56533,8.8463,1596419423407076096_camera_0.jpg
-2.13747,-1.42116,9.52847,1596419423608080384_camera_0.jpg
0.735486,2.60048,9.46433,1596419423809084672_camera_0.jpg
-1.33614,-3.19843,9.08424,1596419424013089024_camera_0.jpg
-3.42613,-1.66095,8.93764,1596419424217093376_camera_0.jpg
1.1622,-0.328611,9.79916,1596419424418097664_camera_0.jpg
-0.606457,1.5034,9.68276,1596419424622102016_camera_0.jpg
0.974868,-4.23265,8.789,1596419424829106432_camera_0.jpg
4.48847,3.38851,8.10784,1596419425030110720_camera_0.jpg
-4.65974,1.33696,8.55132,1596419425231115008_camera_0.jpg
4.02524,2.37356,8.67343,1596419425432119296_camera_0.jpg
1.93894,-0.751185,9.59762,1596419425636123648_camera_0.jpg
-1.01328,0.119662,9.77274,1596419425837127936_camera_0.jpg
-3.14145,-3.97051,8.41416,1596419426038132224_camera_0.jpg
1.57043,-4.1093,8.77055,1596419426239136512_camera_0.jpg
4.22309,-4.37378,7.64357,1596419426440140800_camera_0.jpg
4.27962,0.367846,8.85152,1596419426641145088_camera_0.jpg
-4.63945,2.40065,8.32244,1596419426842149376_camera_0.jpg
2.00415,1.71449,9.43777,1596419427043153664_camera_0.jpg
2.95984,-3.02516,8.80226,1596419427244157952_camera_0.jpg
-0.938066,-3.04314,9.25458,1596419427445162240_camera_0.jpg
-3.19236,-2.87474,8.79672,1596419427649166592_camera_0.jpg
2.55938,-0.162148,9.49237,1596419427853170944_camera_0.jpg
-4.56332,2.56377,8.3367,1596419428054175232_camera_0.jpg
-0.187957,3.13802,9.28565,1596419428255179520_camera_0.jpg
-0.560852,-4.72221,8.4992,1596419428456183808_camera_0.jpg
-2.84691,-4.32276,8.34441,1596419428657188096_camera_0.jpg
3.51236,-3.94898,8.24007,1596419428861192448_camera_0.jpg
3.24911,-0.131916,9.27606,1596419429065196800_camera_0.jpg
0.828869,-3.91169,9.00474,1596419429269201152_camera_0.jpg
-3.13097,-0.0391942,9.30338,1596419429470205440_camera_0.jpg
-0.44739,-2.43234,9.51526,1596419429671209728_camera_0.jpg
4.12599,-2.31695,8.54592,1596419429872214016_camera_0.jpg
-3.01173,1.35848,9.27737,1596419430073218304_camera_0.jpg
-3.74644,1.42691,8.89001,1596419430277222656_camera_0.jpg
3.78974,0.879688,8.91296,1596419430481227008_camera_0.jpg
1.46179,4.46594,8.56773,1596419430682231296_camera_0.jpg
3.61851,3.57104,8.35255,1596419430886235648_camera_0.jpg
-4.0094,-2.67186,8.47696,1596419431087239936_camera_0.jpg
-1.88655,-4.58315,8.47481,1596419431291244288_camera_0.jpg
-2.77565,2.20256,9.09033,1596419431492248576_camera_0.jpg
-1.14209,-3.11437,9.31091,1596419431696252928_camera_0.jpg
3.3878,4.09402,8.18831,1596419431900257280_camera_0.jpg
2.41732,-0.900868,9.46154,1596419432101261568_camera_0.jpg
2.454,0.326977,9.49045,1596419432305265920_camera_0.jpg
3.84764,2.80966,8.50549,1596419432506270208_camera_0.jpg
-4.65175,1.91659,8.40927,1596419432710274560_camera_0.jpg
4.82387,-4.05157,7.45193,1596419432911278848_camera_0.jpg
2.81526,-1.69449,9.31083,1596419433115283200_camera_0.jpg
-1.13532,-2.04713,9.46338,1596419433319287552_camera_0.jpg
3.06617,1.39117,9.16439,1596419433520291840_camera_0.jpg
3.70101,-2.45091,8.8204,1596419433721296128_camera_0.jpg
3.87969,0.385655,8.94693,1596419433922300416_camera_0.jpg
0.394357,-2.83213,9.40211,1596419434126304768_camera_0.jpg
-1.91164,4.65303,8.43955,1596419434327309056_camera_0.jpg
-1.66656,0.903201,9.56903,1596419434531313408_camera_0.jpg
0.0304564,0.658723,9.72299,1596419434732317696_camera_0.jpg
3.42266,-2.0197,9.07269,1596419434936322048_camera_0.jpg
-2.94974,-0.029748,9.33077,1596419435140326400_camera_0.jpg
-2.04282,-4.54925,8.44969,1596419435341330688_camera_0.jpg
3.94169,3.0584,8.44529,1596419435545335040_camera_0.jpg
-3.98076,4.48139,7.69754,1596419435746339328_camera_0.jpg
0.15979,3.24819,9.27871,1596419435947343616_camera_0.jpg
-3.52202,0.101806,9.13177,1596419436148347904_camera_0.jpg
2.29353,-0.445173,9.58141,1596419436349352192_camera_0.jpg
4.11958,4.18085,7.79864,1596419436550356480_camera_0.jpg
3.77894,1.39803,8.86592,1596419436754360832_camera_0.jpg
-4.72509,3.09571,8.00493,1596419436958365184_camera_0.jpg
-3.85669,4.24149,7.93474,1596419437159369472_camera_0.jpg
2.2265,-2.61685,9.121,1596419437360373760_camera_0.jpg
1.67638,2.50269,9.2832,1596419437564378112_camera_0.jpg
-2.71503,1.33117,9.32497,1596419437765382400_camera_0.jpg
-0.33084,-0.437879,9.90935,1596419437969386752_camera_0.jpg
-4.28344,-1.68077,8.67119,1596419438173391104_camera_0.jpg
3.55237,-0.284571,9.15322,1596419438377395456_camera_0.jpg
-4.05537,1.30547,8.82037,1596419438578399744_camera_0.jpg
-1.16409,1.03288,9.65503,1596419438782404096_camera_0.jpg
3.16566,1.27919,9.18104,1596419438983408384_camera_0.jpg
-4.05745,2.70929,8.46628,1596419439187412736_camera_0.jpg
-3.87943,3.86138,8.18857,1596419439388417024_camera_0.jpg
1.99938,-0.641933,9.59715,1596419439589421312_camera_0.jpg
1.32693,3.0968,9.2168,1596419439790425600_camera_0.jpg
2.84712,-3.98141,8.47121,1596419439994429952_camera_0.jpg
0.790285,4.7153,8.63854,1596419440195434240_camera_0.jpg
-0.988635,2.60722,9.37963,1596419440399438592_camera_0.jpg
-0.799372,0.963447,9.71314,1596419440603442944_camera_0.jpg
2.1126,-2.84854,9.15399,1596419440807447296_camera_0.jpg
-1.92333,-3.94692,8.77045,1596419441008451584_camera_0.jpg
3.56781,-0.841078,9.03957,1596419441212455936_camera_0.jpg
0.44635,0.437142,9.81951,1596419441413460224_camera_0.jpg
3.24594,-3.96561,8.43146,1596419441617464576_camera_0.jpg
4.21931,4.40897,7.68125,1596419441818468864_camera_0.jpg
-0.0299269,4.40376,8.76817,1596419442022473216_camera_0.jpg
-3.44822,-4.0483,8.29831,1596419442226477568_camera_0.jpg
-4.50547,-2.70052,8.32067,1596419442427481856_camera_0.jpg
4.67476,-1.47611,8.51064,1596419442628486144_camera_0.jpg
1.51786,1.25598,9.62549,1596419442829490432_camera_0.jpg
-0.823152,-0.654513,9.7659,1596419443030494720_camera_0.jpg
-3.46988,3.94379,8.17752,1596419443231499008_camera_0.jpg
-1.07503,-4.6633,8.56544,1596419443435503360_camera_0.jpg
-1.42585,4.671,8.55931,1596419443636507648_camera_0.jpg
1.51094,-4.38934,8.62734,1596419443837511936_camera_0.jpg
1.10016,4.55489,8.54044,1596419444038516224_camera_0.jpg
0.95135,-1.48366,9.62373,1596419444242520576_camera_0.jpg
-1.47192,-4.56255,8.58906,1596419444443524864_camera_0.jpg
-2.3839,-0.479819,9.52679,1596419444644529152_camera_0.jpg
-1.03833,1.63811,9.57146,1596419444848533504_camera_0.jpg
0.078491,-3.75033,9.06016,1596419445049537792_camera_0.jpg
-2.76943,-0.211523,9.40431,1596419445250542080_camera_0.jpg
-3.35845,2.20304,8.9617,1596419445451546368_camera_0.jpg
-3.3051,-3.63154,8.46796,1596419445652550656_camera_0.jpg
-0.367309,0.13595,9.76785,1596419445856555008_camera_0.jpg
-3.77654,-1.59661,8.89796,1596419446057559296_camera_0.jpg
-2.2577,1.6353,9.36326,1596419446261563648_camera_0.jpg
-3.79662,0.671001,9.008,1596419446462567936_camera_0.jpg
-1.44087,1.87904,9.42386,1596419446663572224_camera_0.jpg
-3.07989,-1.56112,9.18789,1596419446867576576_camera_0.jpg
4.24839,0.663701,8.76567,1596419447068580864_camera_0.jpg
4.82807,3.4666,7.75856,1596419447269585152_camera_0.jpg
-1.98088,-2.7037,9.21963,1596419447473589504_camera_0.jpg
1.10737,-1.0824,9.68119,1596419447674593792_camera_0.jpg
-2.1793,-4.3147,8.56283,1596419447875598080_camera_0.jpg
-3.54056,-2.87053,8.65819,1596419448076602368_camera_0.jpg
-1.80384,4.48642,8.58143,1596419448280606720_camera_0.jpg
-0.595936,0.338577,9.75851,1596419448481611008_camera_0.jpg
4.12423,2.00468,8.67398,1596419448682615296_camera_0.jpg
-0.431925,4.22694,8.78966,1596419448886619648_camera_0.jpg
4.26553,1.78096,8.61931,1596419449090624000_camera_0.jpg
-0.607844,-3.17462,9.24886,1596419449291628288_camera_0.jpg
-1.0587,3.07508,9.27144,1596419449492632576_camera_0.jpg
2.38722,-2.3249,9.16988,1596419449693636864_camera_0.jpg
-3.84774,3.88922,8.09371,1596419449894641152_camera_0.jpg
0.796685,-1.19946,9.72695,1596419450098645504_camera_0.jpg
-3.11762,1.39401,9.19177,1596419450299649792_camera_0.jpg
-1.66692,4.41958,8.57658,1596419450500654080_camera_0.jpg
-4.2512,-0.83884,8.76744,1596419450701658368_camera_0.jpg
0.379853,1.88715,9.67674,1596419450905662720_camera_0.jpg
2.42278,-3.32476,8.8629,1596419451106667008_camera_0.jpg
1.71892,1.16667,9.65266,1596419451307671296_camera_0.jpg
-2.25405,0.652016,9.46969,1596419451508675584_camera_0.jpg
-2.77183,0.119507,9.35712,1596419451709679872_camera_0.jpg
-4.55404,-2.67411,8.28901,1596419451913684224_camera_0.jpg
-1.73087,4.35681,8.63336,1596419452114688512_camera_0.jpg
1.49997,3.23214,9.10105,1596419452318692864_camera_0.jpg
-2.83869,1.24193,9.28609,1596419452519697152_camera_0.jpg
-0.195603,-4.04735,8.97154,1596419452720701440_camera_0.jpg
-0.187183,4.8237,8.51011,1596419452921705728_camera_0.jpg
-3.11296,-2.92902,8.87355,1596419453122710016_camera_0.jpg
-4.2734,-2.79594,8.41852,1596419453323714304_camera_0.jpg
-0.0914887,-2.77613,9.36376,1596419453524718592_camera_0.jpg
-1.62029,0.824949,9.6108,1596419453728722944_camera_0.jpg
-0.865934,3.61541,9.08558,1596419453929727232_camera_0.jpg
-1.55109,0.224431,9.67869,1596419454133731584_camera_0.jpg
1.42311,0.153696,9.61691,1596419454337735936_camera_0.jpg
-1.21536,0.253202,9.68934,1596419454538740224_camera_0.jpg
-2.44587,-3.80594,8.71614,1596419454742744576_camera_0.jpg
-2.25696,0.410992,9.57838,1596419454943748864_camera_0.jpg
0.110637,-0.237169,9.78381,1596419455147753216_camera_0.jpg
2.39332,-1.41536,9.29001,1596419455348757504_camera_0.jpg
-0.916992,4.28092,8.84979,1596419455549761792_camera_0.jpg
4.58525,-1.25997,8.57379,1596419455753766144_camera_0.jpg
2.80436,1.67254,9.20069,1596419455954770432_camera_0.jpg
-2.21292,-1.9607,9.32722,1596419456155774720_camera_0.jpg
3.5468,-1.54474,9.05233,1596419456359779072_camera_0.jpg
1.41098,-2.48394,9.4317,1596419456560783360_camera_0.jpg
-4.74256,1.5245,8.41839,1596419456764787712_camera_0.jpg
-3.22089,2.33549,9.04676,1596419456965792000_camera_0.jpg
-4.13561,-3.09437,8.29951,1596419457166796288_camera_0.jpg
-3.43647,-1.58645,9.11279,1596419457367800576_camera_0.jpg
0.14366,2.12532,9.6025,1596419457568804864_camera_0.jpg
-4.48653,-3.74793,8.04377,1596419457769809152_camera_0.jpg
2.90195,-3.36514,8.7699,1596419457970813440_camera_0.jpg
-1.04189,4.03836,8.81332,1596419458171817728_camera_0.jpg
0.0244341,2.35188,9.47818,1596419458372822016_camera_0.jpg
-3.79668,1.97098,8.90361,1596419458573826304_camera_0.jpg
-4.49228,-3.57147,7.94128,1596419458777830656_camera_0.jpg
4.07827,2.23101,8.64693,1596419458981835008_camera_0.jpg
-1.03964,-3.95091,8.84309,1596419459182839296_camera_0.jpg
-4.80533,3.00898,7.90039,1596419459386843648_camera_0.jpg
-2.43413,-3.14131,8.92068,1596419459590848000_camera_0.jpg
4.81769,1.48246,8.53067,1596419459791852288_camera_0.jpg
3.66343,3.56455,8.33563,1596419459992856576_camera_0.jpg
-0.41776,-1.26501,9.67935,1596419460193860864_camera_0.jpg
2.20284,0.123384,9.57407,1596419460394865152_camera_0.jpg
-1.02331,0.576221,9.74367,1596419460595869440_camera_0.jpg
4.45358,3.98227,7.80634,1596419460796873728_camera_0.jpg
0.150838,-1.00582,9.79948,1596419461000878080_camera_0.jpg
-3.68948,3.54826,8.35937,1596419461204882432_camera_0.jpg
-2.77354,2.15067,9.17821,1596419461408886784_camera_0.jpg
-1.66499,4.23415,8.66712,1596419461612891136_camera_0.jpg
-4.56727,3.48843,8.06427,1596419461813895424_camera_0.jpg
0.223056,2.05301,9.58636,1596419462014899712_camera_0.jpg
4.82344,-1.06866,8.47341,1596419462215904000_camera_0.jpg
3.94772,-0.412925,8.99316,1596419462416908288_camera_0.jpg
0.740797,4.14411,8.99645,1596419462617912576_camera_0.jpg
0.49197,-4.046,8.84308,1596419462818916864_camera_0.jpg
1.95955,-1.12939,9.5073,1596419463022921216_camera_0.jpg
-3.97746,-1.1934,8.88589,1596419463223925504_camera_0.jpg
1.95301,-0.0904136,9.55861,1596419463424929792_camera_0.jpg
1.30665,-0.317439,9.71956,1596419463628934144_camera_0.jpg
0.618693,-3.08726,9.28999,1596419463832938496_camera_0.jpg
4.62934,-0.956896,8.62861,1596419464036942848_camera_0.jpg
2.03127,-2.07059,9.30228,1596419464240947200_camera_0.jpg
1.91885,-4.16111,8.81099,1596419464441951488_camera_0.jpg
-1.11441,-0.705566,9.6971,1596419464642955776_camera_0.jpg
-0.747038,2.95311,9.275,1596419464843960064_camera_0.jpg
0.454693,-2.55643,9.45418,1596419465044964352_camera_0.jpg
-4.4639,-2.05562,8.52738,1596419465248968704_camera_0.jpg
-2.94468,-2.83715,8.91517,1596419465449972992_camera_0.jpg
-2.14363,2.43414,9.21467,1596419465650977280_camera_0.jpg
3.95468,3.8503,8.0977,1596419465854981632_camera_0.jpg
-1.73585,1.87163,9.53595,1596419466055985920_camera_0.jpg
2.6177,-1.18714,9.37688,1596419466256990208_camera_0.jpg
-4.07629,3.01571,8.35448,1596419466457994496_camera_0.jpg
-1.88808,-2.27987,9.32719,1596419466658998784_camera_0.jpg
-3.84746,-2.29802,8.76167,1596419466860003072_camera_0.jpg
-4.4579,0.38292,8.76252,1596419467061007360_camera_0.jpg
-0.575775,3.02404,9.29746,1596419467265011712_camera_0.jpg
3.65939,0.341206,9.0118,1596419467469016064_camera_0.jpg
-2.19362,2.12004,9.34005,1596419467670020352_camera_0.jpg
1.23081,4.58312,8.59657,1596419467871024640_camera_0.jpg
-4.15758,1.06129,8.80368,1596419468072028928_camera_0.jpg
4.78984,0.684484,8.60651,1596419468273033216_camera_0.jpg
-1.4314,2.00672,9.49814,1596419468474037504_camera_0.jpg
-0.406612,-4.11004,8.88274,1596419468675041792_camera_0.jpg
-4.57562,3.08435,8.11578,1596419468879046144_camera_0.jpg
2.73298,-3.36767,8.76847,1596419469080050432_camera_0.jpg
-0.226134,-4.753,8.51277,1596419469284054784_camera_0.jpg
-2.31569,-4.31253,8.45999,1596419469485059072_camera_0.jpg
-3.89144,-0.867402,8.912,1596419469689063424_camera_0.jpg
-0.453137,3.10368,9.25178,1596419469893067776_camera_0.jpg
2.47336,-2.93629,9.02019,1596419470094072064_camera_0.jpg
2.74826,0.0970016,9.41933,1596419470298076416_camera_0.jpg
3.4986,3.55981,8.41874,1596419470499080704_camera_0.jpg
-3.43806,-0.419039,9.11441,1596419470703085056_camera_0.jpg
3.07891,-2.4558,8.95757,1596419470904089344_camera_0.jpg
-3.71255,3.6388,8.38923,1596419471108093696_camera_0.jpg
3.02338,1.30328,9.09396,1596419471312098048_camera_0.jpg
-3.53786,-1.38013,8.98252,1596419471516102400_camera_0.jpg
-1.9656,2.41102,9.313,1596419471717106688_camera_0.jpg
3.85301,1.35905,8.99048,1596419471918110976_camera_0.jpg
-1.30528,0.909652,9.67195,1596419472122115328_camera_0.jpg
1.09905,1.56976,9.7057,1596419472326119680_camera_0.jpg
3.26682,-0.285883,9.209,1596419472530124032_camera_0.jpg
4.00398,-0.37127,8.96251,1596419472731128320_camera_0.jpg
-3.73484,4.45183,7.93482,1596419472932132608_camera_0.jpg
0.459276,-2.8466,9.34093,1596419473133136896_camera_0.jpg
2.52228,0.631046,9.50605,1596419473334141184_camera_0.jpg
-3.01882,-1.50482,9.2311,1596419473535145472_camera_0.jpg
3.14512,0.294445,9.26692,1596419473739149824_camera_0.jpg
-1.93375,1.23178,9.58595,1596419473943154176_camera_0.jpg
2.78472,1.25326,9.38976,1596419474144158464_camera_0.jpg
4.41711,0.506232,8.69359,1596419474345162752_camera_0.jpg
2.08897,1.37128,9.51319,1596419474549167104_camera_0.jpg
-1.46776,0.442703,9.66059,1596419474750171392_camera_0.jpg
-4.50613,-1.44272,8.65821,1596419474954175744_camera_0.jpg
1.60436,3.27737,9.18187,1596419475158180096_camera_0.jpg
-3.92885,-1.22876,8.92376,1596419475359184384_camera_0.jpg
3.21585,2.26105,8.95273,1596419475560188672_camera_0.jpg
-0.768119,2.8142,9.30174,1596419475764193024_camera_0.jpg
-2.87319,0.760143,9.37766,1596419475968197376_camera_0.jpg
-0.731748,-1.40561,9.65803,1596419476169201664_camera_0.jpg
3.38291,-4.38421,8.21856,1596419476370205952_camera_0.jpg
-4.89198,3.47748,7.75621,1596419476571210240_camera_0.jpg
-1.27722,3.36664,9.11801,1596419476775214592_camera_0.jpg
-1.7856,-1.80621,9.45687,1596419476976218880_camera_0.jpg
0.550433,4.17474,8.81041,1596419477177223168_camera_0.jpg
-3.74651,0.0409231,9.01338,1596419477378227456_camera_0.jpg
-1.31052,-4.24606,8.77896,1596419477579231744_camera_0.jpg
2.09342,3.33277,9.05154,1596419477780236032_camera_0.jpg
1.38441,-2.61805,9.39757,1596419477981240320_camera_0.jpg
3.3094,-0.844756,9.09608,1596419478185244672_camera_0.jpg
3.25163,-2.22853,8.99137,1596419478386248960_camera_0.jpg
4.09801,2.521,8.63787,1596419478590253312_camera_0.jpg
4.71669,-2.3423,8.23591,1596419478794257664_camera_0.jpg
-3.75144,4.29647,8.04325,1596419478995261952_camera_0.jpg
-2.29277,2.92852,9.03727,1596419479199266304_camera_0.jpg
2.00189,3.2661,9.0759,1596419479400270592_camera_0.jpg
3.14091,0.848675,9.16913,1596419479604274944_camera_0.jpg
2.84912,-3.97787,8.52156,1596419479805279232_camera_0.jpg
1.33937,-3.91515,8.85262,1596419480006283520_camera_0.jpg
0.811725,-3.31313,9.20107,1596419480210287872_camera_0.jpg
-3.32418,-3.71072,8.4651,1596419480414292224_camera_0.jpg
-2.25335,2.47008,9.20782,1596419480615296512_camera_0.jpg
-2.572,-1.14412,9.37921,1596419480816300800_camera_0.jpg
-1.7053,-2.19503,9.40059,1596419481017305088_camera_0.jpg
4.0261,-4.03727,7.99834,1596419481218309376_camera_0.jpg
1.26437,4.83014,8.44313,1596419481419313664_camera_0.jpg
2.08098,0.280435,9.54184,1596419481623318016_camera_0.jpg
3.35084,1.3344,9.07492,1596419481827322368_camera_0.jpg
3.05214,-2.2937,9.02168,1596419482028326656_camera_0.jpg
0.0750447,-1.96965,9.60317,1596419482229330944_camera_0.jpg
-0.114857,-3.28966,9.40222,1596419482430335232_camera_0.jpg
-3.11554,-4.48665,8.17786,1596419482634339584_camera_0.jpg
-3.9226,0.348676,9.04797,1596419482838343936_camera_0.jpg
2.92974,1.73024,9.16758,1596419483039348224_camera_0.jpg
-0.801899,3.99712,8.87053,1596419483243352576_camera_0.jpg
4.05485,-2.81866,8.42812,1596419483444356864_camera_0.jpg
-2.41435,-2.29754,9.21743,1596419483645361152_camera_0.jpg
4.93878,0.460422,8.526,1596419483846365440_camera_0.jpg
-4.08648,2.39843,8.62625,1596419484047369728_camera_0.jpg
4.10466,3.73139,8.13124,1596419484248374016_camera_0.jpg
4.65431,3.81495,7.63776,1596419484449378304_camera_0.jpg
-0.703541,0.778207,9.73988,1596419484650382592_camera_0.jpg
-0.669576,-2.55014,9.40973,1596419484854386944_camera_0.jpg
-2.02752,2.51536,9.2362,1596419485055391232_camera_0.jpg
-1.66094,-0.0996716,9.68165,1596419485259395584_camera_0.jpg
-0.0205044,0.912395,9.76265,1596419485463399936_camera_0.jpg
-3.06016,-1.00569,9.25286,1596419485664404224_camera_0.jpg
-3.7596,-3.43501,8.47144,1596419485865408512_camera_0.jpg
-3.00066,-2.69179,9.01865,1596419486066412800_camera_0.jpg
-2.15451,-0.430774,9.59505,1596419486267417088_camera_0.jpg
-2.68461,-0.852987,9.35985,1596419486468421376_camera_0.jpg
-1.8327,-3.06912,9.18938,1596419486669425664_camera_0.jpg
0.250149,1.67072,9.65674,1596419486870429952_camera_0.jpg
0.395823,4.2254,8.92886,1596419487071434240_camera_0.jpg
2.55576,2.20124,9.15637,1596419487272438528_camera_0.jpg
0.932749,3.9786,8.91537,1596419487473442816_camera_0.jpg
-0.227345,0.561278,9.77069,1596419487674447104_camera_0.jpg
-0.35931,-3.59972,9.10564,1596419487878451456_camera_0.jpg
-2.28203,1.77019,9.44428,1596419488079455744_camera_0.jpg
-2.69964,2.74055,9.06007,1596419488280460032_camera_0.jpg
1.91974,-1.52335,9.51543,1596419488481464320_camera_0.jpg
-0.895146,2.39675,9.5764,1596419488682468608_camera_0.jpg
1.31131,2.89375,9.33427,1596419488883472896_camera_0.jpg
0.535999,-3.09946,9.32578,1596419489087477248_camera_0.jpg
4.40085,-2.20709,8.49445,1596419489291481600_camera_0.jpg
-2.77593,-1.90523,9.21637,1596419489495485952_camera_0.jpg
-1.49732,-1.40227,9.61646,1596419489696490240_camera_0.jpg
0.379967,1.02051,9.83526,1596419489897494528_camera_0.jpg
-2.89958,1.91722,9.12599,1596419490101498880_camera_0.jpg
1.31944,4.12328,8.82931,1596419490305503232_camera_0.jpg
-3.26994,0.522161,9.29325,1596419490506507520_camera_0.jpg
3.23189,-0.950891,9.15687,1596419490710511872_camera_0.jpg
2.91823,-1.93563,9.17065,1596419490911516160_camera_0.jpg
1.89124,4.45683,8.57257,1596419491112520448_camera_0.jpg
2.88579,-1.42193,9.19358,1596419491313524736_camera_0.jpg
-0.477469,-3.67457,9.14966,1596419491514529024_camera_0.jpg
0.352681,-3.19182,9.19801,1596419491718533376_camera_0.jpg
-1.91532,0.314451,9.62622,1596419491919537664_camera_0.jpg
-3.01675,-1.37096,9.20839,1596419492120541952_camera_0.jpg
2.412,4.43776,8.39153,1596419492321546240_camera_0.jpg
1.88209,-0.235679,9.65191,1596419492522550528_camera_0.jpg
3.77071,-3.35356,8.41265,1596419492723554816_camera_0.jpg
1.5101,0.857272,9.60997,1596419492924559104_camera_0.jpg
1.96856,-3.55573,8.99633,1596419493128563456_camera_0.jpg
-3.20614,-3.7053,8.51024,1596419493332567808_camera_0.jpg
3.69958,-4.45961,7.91391,1596419493533572096_camera_0.jpg
3.36064,-2.61071,8.79126,1596419493734576384_camera_0.jpg
2.92521,-0.867904,9.38711,1596419493935580672_camera_0.jpg
3.23286,-2.06702,9.00402,1596419494139585024_camera_0.jpg
0.492268,4.56913,8.64567,1596419494340589312_camera_0.jpg
-0.620057,-1.01812,9.79029,1596419494541593600_camera_0.jpg
2.4693,3.11687,9.00985,1596419494742597888_camera_0.jpg
0.471943,-0.344302,9.75094,1596419494946602240_camera_0.jpg
0.162662,4.44555,8.75255,1596419495147606528_camera_0.jpg
4.55282,2.49377,8.31079,1596419495348610816_camera_0.jpg
0.355398,2.18565,9.53315,1596419495549615104_camera_0.jpg
-0.250276,4.44005,8.69844,1596419495753619456_camera_0.jpg
-4.57258,-3.91968,7.7128,1596419495954623744_camera_0.jpg
2.04779,-2.00487,9.4427,1596419496155628032_camera_0.jpg
-2.45853,-1.79331,9.31117,1596419496356632320_camera_0.jpg
-1.75093,3.30208,9.10625,1596419496557636608_camera_0.jpg
-2.2401,-0.252923,9.55295,1596419496761640960_camera_0.jpg
2.52917,-1.01729,9.32451,1596419496962645248_camera_0.jpg
0.551169,1.20849,9.72487,1596419497163649536_camera_0.jpg
4.19709,0.251079,8.88195,1596419497364653824_camera_0.jpg
-2.11789,-2.20742,9.35926,1596419497565658112_camera_0.jpg
0.490927,4.61113,8.58404,1596419497766662400_camera_0.jpg
2.12659,1.26342,9.63565,1596419497967666688_camera_0.jpg
-4.84726,-3.66383,7.74626,1596419498171671040_camera_0.jpg
-3.62204,0.265112,9.08823,1596419498375675392_camera_0.jpg
2.64543,1.80874,9.24789,1596419498576679680_camera_0.jpg
-2.25661,1.54884,9.42304,1596419498777683968_camera_0.jpg
2.03242,2.21756,9.28169,1596419498978688256_camera_0.jpg
2.65334,-0.455719,9.44478,1596419499179692544_camera_0.jpg
4.12229,-1.68243,8.64571,1596419499380696832_camera_0.jpg
-2.1809,2.07808,9.44482,1596419499584701184_camera_0.jpg
3.66759,4.1238,8.05856,1596419499788705536_camera_0.jpg
0.0930762,4.86635,8.49484,1596419499989709824_camera_0.jpg
4.40925,2.67616,8.32466,1596419500190714112_camera_0.jpg
-2.02834,4.79075,8.35078,1596419500391718400_camera_0.jpg
2.98948,2.69075,8.86762,1596419500595722752_camera_0.jpg
2.19835,2.89681,9.09255,1596419500796727040_camera_0.jpg
-1.97887,-2.30893,9.33164,1596419500997731328_camera_0.jpg
-0.526711,-2.55363,9.48836,1596419501201735680_camera_0.jpg
