4.11003,-1.37199,8.83957,1597511929688050432_camera_0.jpg
-0.534183,-3.98971,8.93466,1597511929889054720_camera_0.jpg
-1.10502,3.75175,8.91807,1597511930090059008_camera_0.jpg
1.85893,-1.52461,9.52921,1597511930291063296_camera_0.jpg
-3.66745,1.30924,9.02803,1597511930492067584_camera_0.jpg
1.35735,0.137912,9.6614,1597511930693071872_camera_0.jpg
2.63557,-1.98069,9.16355,1597511930894076160_camera_0.jpg
3.04384,1.86653,9.04356,1597511931098080512_camera_0.jpg
2.4465,-2.15244,9.21186,1597511931299084800_camera_0.jpg
-2.49256,-2.78713,9.02631,1597511931500089088_camera_0.jpg
2.58744,-0.995177,9.3636,1597511931701093376_camera_0.jpg
0.0422721,4.72168,8.60433,1597511931902097664_camera_0.jpg
-2.58789,2.21586,9.20138,1597511932103101952_camera_0.jpg
1.92332,-4.66603,8.46345,1597511932301106176_camera_0.jpg
2.28569,-3.4405,8.85102,1597511932502110464_camera_0.jpg
1.14522,4.65724,8.55302,1597511932703114752_camera_0.jpg
1.46481,-2.47704,9.33492,1597511932901118976_camera_0.jpg
3.95673,3.78107,8.08092,1597511933102123264_camera_0.jpg
-2.89238,-2.79516,8.99396,1597511933303127552_camera_0.jpg
-3.63613,1.87836,8.91873,1597511933504131840_camera_0.jpg
3.50374,2.89119,8.68246,1597511933705136128_camera_0.jpg
-1.59889,-1.01858,9.56215,1597511933906140416_camera_0.jpg
-4.77634,-4.01479,7.50736,1597511934104144640_camera_0.jpg
4.53035,2.2363,8.36934,1597511934302148864_camera_0.jpg
2.53747,-3.06203,8.9103,1597511934503153152_camera_0.jpg
0.0799441,3.88226,8.91988,1597511934704157440_camera_0.jpg
-2.20275,-2.77281,9.10212,1597511934902161664_camera_0.jpg
-3.27779,4.61267,8.05572,1597511935103165952_camera_0.jpg
-3.40362,0.119247,9.13883,1597511935304170240_camera_0.jpg
-4.82267,0.660072,8.44398,1597511935505174528_camera_0.jpg
-3.08795,0.999798,9.27191,1597511935706178816_camera_0.jpg
-4.0167,-2.88047,8.44599,1597511935907183104_camera_0.jpg
-3.92733,2.17697,8.73007,1597511936108187392_camera_0.jpg
-2.29681,4.80634,8.19852,1597511936309191680_camera_0.jpg
1.04126,1.86976,9.59792,1597511936510195968_camera_0.jpg
-0.806239,-1.35789,9.68673,1597511936708200192_camera_0.jpg
-4.01821,-4.07304,8.01882,1597511936909204480_camera_0.jpg
4.65956,0.771652,8.64964,1597511937110208768_camera_0.jpg
-0.106195,2.80744,9.42347,1597511937311213056_camera_0.jpg
-0.560785,-2.24282,9.52792,1597511937512217344_camera_0.jpg
3.74281,1.04762,8.98868,1597511937713221632_camera_0.jpg
1.25854,-1.55823,9.58809,1597511937914225920_camera_0.jpg
-0.973345,-1.82128,9.61488,1597511938115230208_camera_0.jpg
-0.454347,1.55298,9.74896,1597511938316234496_camera_0.jpg
-0.111018,0.727016,9.75351,1597511938517238784_camera_0.jpg
2.15928,-2.60596,9.18529,1597511938718243072_camera_0.jpg
-1.45417,-4.5074,8.49236,1597511938919247360_camera_0.jpg
-3.51662,3.26271,8.59684,1597511939120251648_camera_0.jpg
-3.49199,-4.08946,8.17169,1597511939321255936_camera_0.jpg
0.166233,-0.131899,9.67386,1597511939522260224_camera_0.jpg
-1.33553,1.22746,9.68982,1597511939720264448_camera_0.jpg
-1.25757,-0.311753,9.70928,1597511939921268736_camera_0.jpg
4.6233,3.06278,8.01925,1597511940122273024_camera_0.jpg
-0.951981,4.20249,8.90774,1597511940323277312_camera_0.jpg
0.408792,3.91915,8.98445,1597511940524281600_camera_0.jpg
2.66802,1.50431,9.30141,1597511940725285888_camera_0.jpg
-4.50912,-3.38673,7.99362,1597511940926290176_camera_0.jpg
-3.63925,-3.80211,8.27833,1597511941127294464_camera_0.jpg
-3.84051,0.790257,8.95262,1597511941328298752_camera_0.jpg
4.21049,3.55189,8.15447,1597511941526302976_camera_0.jpg
-0.53867,2.62941,9.35229,1597511941727307264_camera_0.jpg
-2.69892,3.81345,8.63177,1597511941928311552_camera_0.jpg
4.46251,-1.54158,8.57627,1597511942129315840_camera_0.jpg
0.257512,3.23476,9.25176,1597511942330320128_camera_0.jpg
-4.85019,-2.55693,8.13764,1597511942528324352_camera_0.jpg
4.84314,3.90713,7.63186,1597511942729328640_camera_0.jpg
2.8622,4.28231,8.38041,1597511942930332928_camera_0.jpg
2.43453,-1.2772,9.443,1597511943131337216_camera_0.jpg
-0.729487,-1.45048,9.63724,1597511943332341504_camera_0.jpg
-1.69605,-2.17783,9.37378,1597511943533345792_camera_0.jpg
-1.28358,-3.86742,8.9463,1597511943734350080_camera_0.jpg
-0.583591,2.6474,9.48497,1597511943935354368_camera_0.jpg
-2.24501,1.53376,9.44551,1597511944136358656_camera_0.jpg
-4.02366,2.22962,8.68741,1597511944337362944_camera_0.jpg
2.61981,-4.05754,8.63072,1597511944538367232_camera_0.jpg
0.777041,-3.18922,9.28018,1597511944739371520_camera_0.jpg
1.88058,4.4103,8.54675,1597511944940375808_camera_0.jpg
-1.96104,3.84802,8.80851,1597511945141380096_camera_0.jpg
0.167515,2.89412,9.30456,1597511945339384320_camera_0.jpg
3.61558,-4.15766,8.05039,1597511945540388608_camera_0.jpg
1.67127,-3.21405,9.09762,1597511945741392896_camera_0.jpg
1.2068,1.21531,9.69598,1597511945942397184_camera_0.jpg
3.92329,2.90467,8.53785,1597511946143401472_camera_0.jpg
4.56094,-0.0859668,8.68022,1597511946344405760_camera_0.jpg
-1.88454,-3.914,8.78107,1597511946542409984_camera_0.jpg
-3.95713,0.617199,8.87704,1597511946743414272_camera_0.jpg
0.795332,2.19766,9.56294,1597511946944418560_camera_0.jpg
-2.67723,0.482086,9.39358,1597511947145422848_camera_0.jpg
-2.59616,3.58297,8.74811,1597511947346427136_camera_0.jpg
-3.80383,-2.08166,8.81239,1597511947547431424_camera_0.jpg
-4.83556,1.34055,8.45458,1597511947745435648_camera_0.jpg
-0.584488,1.93203,9.63703,1597511947943439872_camera_0.jpg
3.95862,3.25341,8.36951,1597511948144444160_camera_0.jpg
3.10824,3.97146,8.43035,1597511948342448384_camera_0.jpg
-1.14174,3.29382,9.11498,1597511948543452672_camera_0.jpg
-1.71802,3.30729,9.13417,1597511948744456960_camera_0.jpg
-0.875589,0.805331,9.80197,1597511948945461248_camera_0.jpg
-1.32948,-1.65478,9.54636,1597511949146465536_camera_0.jpg
-0.763888,3.52752,9.0674,1597511949347469824_camera_0.jpg
1.30181,-4.35417,8.72425,1597511949548474112_camera_0.jpg
-1.65998,-1.46459,9.56134,1597511949749478400_camera_0.jpg
-2.43025,2.28435,9.22103,1597511949947482624_camera_0.jpg
-2.81392,4.42768,8.2774,1597511950148486912_camera_0.jpg
0.684522,-2.50849,9.42915,1597511950349491200_camera_0.jpg
-0.363729,3.92215,8.99467,1597511950550495488_camera_0.jpg
-0.643629,-1.93381,9.58426,1597511950751499776_camera_0.jpg
4.32003,1.58456,8.60316,1597511950949504000_camera_0.jpg
0.252115,-3.2171,9.30708,1597511951150508288_camera_0.jpg
-0.671855,-4.30792,8.79982,1597511951351512576_camera_0.jpg
0.886659,-4.12767,8.88463,1597511951552516864_camera_0.jpg
3.25476,-1.55283,9.10658,1597511951753521152_camera_0.jpg
3.73466,2.13004,8.74094,1597511951954525440_camera_0.jpg
-3.68864,-0.648926,9.06758,1597511952155529728_camera_0.jpg
-0.373042,4.39093,8.7689,1597511952356534016_camera_0.jpg
-3.47266,0.72886,9.1885,1597511952554538240_camera_0.jpg
-2.10558,-0.94177,9.50484,1597511952755542528_camera_0.jpg
-4.1438,-3.09758,8.45783,1597511952956546816_camera_0.jpg
1.57312,-3.88718,8.85515,1597511953157551104_camera_0.jpg
-3.89946,0.877121,9.00267,1597511953358555392_camera_0.jpg
-2.1506,0.985778,9.42268,1597511953556559616_camera_0.jpg
4.84885,0.304006,8.56368,1597511953754563840_camera_0.jpg
-3.5651,-0.65174,9.0302,1597511953955568128_camera_0.jpg
3.14691,4.41902,8.15921,1597511954153572352_camera_0.jpg
4.20486,-3.49193,8.13151,1597511954354576640_camera_0.jpg
-4.17145,0.0586679,8.84763,1597511954555580928_camera_0.jpg
2.29381,-4.03582,8.64858,1597511954756585216_camera_0.jpg
2.44973,2.35889,9.14901,1597511954957589504_camera_0.jpg
-1.06531,3.9239,8.87107,1597511955158593792_camera_0.jpg
-4.87453,-0.884581,8.43685,1597511955356598016_camera_0.jpg
1.49344,-4.06552,8.76435,1597511955560602368_camera_0.jpg
1.36631,-0.785055,9.67698,1597511955761606656_camera_0.jpg
-2.02962,0.0667616,9.56631,1597511955962610944_camera_0.jpg
-2.27272,4.606,8.35414,1597511956163615232_camera_0.jpg
1.69903,1.45744,9.53127,1597511956361619456_camera_0.jpg
0.302242,0.365833,9.78651,1597511956559623680_camera_0.jpg
0.175671,-3.91293,8.96836,1597511956760627968_camera_0.jpg
-0.123184,-0.840118,9.74371,1597511956961632256_camera_0.jpg
-2.11074,-0.997906,9.50403,1597511957162636544_camera_0.jpg
0.257398,-1.1482,9.73514,1597511957360640768_camera_0.jpg
1.63858,-0.325763,9.6747,1597511957561645056_camera_0.jpg
3.1957,-0.924531,9.25253,1597511957762649344_camera_0.jpg
-0.00112552,-4.35127,8.7626,1597511957963653632_camera_0.jpg
-1.34408,-1.92315,9.53478,1597511958164657920_camera_0.jpg
2.27364,-0.552893,9.45751,1597511958365662208_camera_0.jpg
0.696251,3.87378,8.97446,1597511958566666496_camera_0.jpg
2.7561,-3.8244,8.56164,1597511958773670912_camera_0.jpg
-0.762649,-0.653625,9.78383,1597511958974675200_camera_0.jpg
-2.99505,3.69064,8.60142,1597511959175679488_camera_0.jpg
2.30733,3.35942,8.87032,1597511959376683776_camera_0.jpg
-4.22577,0.171801,8.90063,1597511959574688000_camera_0.jpg
-3.80956,0.742677,9.06349,1597511959775692288_camera_0.jpg
3.16845,1.68925,9.17799,1597511959976696576_camera_0.jpg
-1.81616,-0.172989,9.7517,1597511960174700800_camera_0.jpg
1.99948,-3.1117,9.09212,1597511960375705088_camera_0.jpg
1.6657,0.783475,9.66007,1597511960576709376_camera_0.jpg
-1.13547,2.92415,9.22269,1597511960777713664_camera_0.jpg
-4.63084,2.91736,8.13886,1597511960978717952_camera_0.jpg
-3.34572,1.54214,9.08834,1597511961179722240_camera_0.jpg
1.43049,-1.29912,9.5567,1597511961380726528_camera_0.jpg
1.52243,3.89195,8.86372,1597511961581730816_camera_0.jpg
-2.39072,2.48913,9.18084,1597511961782735104_camera_0.jpg
3.613,-3.9647,8.14779,1597511961983739392_camera_0.jpg
-0.33757,-2.12179,9.56358,1597511962187743744_camera_0.jpg
4.32352,-2.75011,8.35441,1597511962388748032_camera_0.jpg
4.1022,3.74847,8.05811,1597511962589752320_camera_0.jpg
-3.14778,-0.479018,9.32556,1597511962790756608_camera_0.jpg
-2.3803,-3.07842,8.96668,1597511962991760896_camera_0.jpg
0.837904,2.81582,9.4657,1597511963192765184_camera_0.jpg
-0.891902,4.85148,8.4551,1597511963393769472_camera_0.jpg
-2.48074,-2.40591,9.20026,1597511963594773760_camera_0.jpg
-3.75144,2.88168,8.68852,1597511963795778048_camera_0.jpg
-3.2267,-0.182093,9.18542,1597511963996782336_camera_0.jpg
-4.16563,4.44354,7.75569,1597511964197786624_camera_0.jpg
3.09478,-0.814023,9.31124,1597511964401790976_camera_0.jpg
1.51301,3.39339,9.04992,1597511964602795264_camera_0.jpg
-4.13002,3.90467,7.92455,1597511964803799552_camera_0.jpg
-4.05306,-3.99937,8.02723,1597511965004803840_camera_0.jpg
2.93276,1.92535,9.11929,1597511965205808128_camera_0.jpg
0.406115,-0.655661,9.80606,1597511965406812416_camera_0.jpg
-3.9044,0.130516,9.02206,1597511965607816704_camera_0.jpg
4.36503,-1.91727,8.60273,1597511965808820992_camera_0.jpg
-3.72568,-2.42948,8.72564,1597511966009825280_camera_0.jpg
-4.06914,-1.34779,8.79826,1597511966210829568_camera_0.jpg
4.24581,-1.62195,8.67604,1597511966411833856_camera_0.jpg
-3.0174,2.30125,9.02201,1597511966612838144_camera_0.jpg
1.31265,1.57318,9.58737,1597511966813842432_camera_0.jpg
0.198042,-2.75011,9.44031,1597511967011846656_camera_0.jpg
4.59771,1.58222,8.48125,1597511967212850944_camera_0.jpg
-0.248271,1.11445,9.6848,1597511967413855232_camera_0.jpg
0.484882,-1.66615,9.67523,1597511967614859520_camera_0.jpg
-4.76397,-3.84646,7.73626,1597511967812863744_camera_0.jpg
-3.89832,2.30816,8.61585,1597511968013868032_camera_0.jpg
-0.811903,-2.9574,9.32406,1597511968214872320_camera_0.jpg
-4.67632,-2.74624,8.16346,1597511968415876608_camera_0.jpg
-0.0681551,-4.01927,8.92799,1597511968616880896_camera_0.jpg
-4.72801,0.624445,8.55812,1597511968817885184_camera_0.jpg
3.02418,-4.59624,8.05938,1597511969018889472_camera_0.jpg
-3.2475,2.85163,8.84009,1597511969219893760_camera_0.jpg
4.27683,-1.06485,8.82736,1597511969420898048_camera_0.jpg
1.84943,-4.40817,8.62349,1597511969621902336_camera_0.jpg
-1.80495,-4.00903,8.66186,1597511969822906624_camera_0.jpg
-2.27995,-4.49689,8.39549,1597511970023910912_camera_0.jpg
-3.2813,-0.0748895,9.31602,1597511970224915200_camera_0.jpg
1.83033,-2.62382,9.28369,1597511970425919488_camera_0.jpg
0.351003,-4.77405,8.61109,1597511970623923712_camera_0.jpg
0.197078,-4.35886,8.85538,1597511970824928000_camera_0.jpg
0.120143,4.48788,8.66924,1597511971025932288_camera_0.jpg
3.71165,-0.200145,9.03012,1597511971226936576_camera_0.jpg
-0.0714462,-1.19263,9.68596,1597511971430940928_camera_0.jpg
2.28901,-3.85052,8.71591,1597511971631945216_camera_0.jpg
-1.24512,1.3026,9.75442,1597511971832949504_camera_0.jpg
-2.25609,2.69408,9.13616,1597511972033953792_camera_0.jpg
-3.81241,-4.05313,8.09569,1597511972234958080_camera_0.jpg
-2.53481,4.21256,8.46373,1597511972432962304_camera_0.jpg
-3.73752,0.408715,9.07567,1597511972636966656_camera_0.jpg
-2.44136,1.16827,9.4354,1597511972837970944_camera_0.jpg
1.93539,-0.19218,9.59721,1597511973038975232_camera_0.jpg
3.20313,3.5498,8.62622,1597511973239979520_camera_0.jpg
-4.41014,-1.10689,8.7268,1597511973440983808_camera_0.jpg
0.301451,4.50396,8.74797,1597511973641988096_camera_0.jpg
2.86885,-4.38622,8.34099,1597511973842992384_camera_0.jpg
-4.24921,3.56782,8.13712,1597511974043996672_camera_0.jpg
-1.02798,3.35534,9.13476,1597511974245000960_camera_0.jpg
-1.72275,2.2802,9.36054,1597511974446005248_camera_0.jpg
-3.19168,0.26649,9.23502,1597511974647009536_camera_0.jpg
2.87597,-3.07191,8.84093,1597511974848013824_camera_0.jpg
-0.0902096,-3.79406,9.02237,1597511975049018112_camera_0.jpg
-3.39162,-1.19277,9.17021,1597511975250022400_camera_0.jpg
-0.41712,2.00869,9.62255,1597511975451026688_camera_0.jpg
0.663787,-1.58057,9.73518,1597511975652030976_camera_0.jpg
-4.0094,3.32281,8.25969,1597511975853035264_camera_0.jpg
1.97164,-0.422822,9.52427,1597511976054039552_camera_0.jpg
4.41469,-2.07558,8.54437,1597511976252043776_camera_0.jpg
-1.70151,4.16145,8.73836,1597511976453048064_camera_0.jpg
4.49085,3.72152,7.83661,1597511976654052352_camera_0.jpg
4.47206,0.823595,8.68259,1597511976855056640_camera_0.jpg
-0.953735,0.446564,9.76146,1597511977056060928_camera_0.jpg
-0.657607,1.14064,9.69226,1597511977257065216_camera_0.jpg
-2.62865,-0.455558,9.3964,1597511977458069504_camera_0.jpg
2.74039,4.57995,8.27614,1597511977659073792_camera_0.jpg
-0.515863,-4.2861,8.79004,1597511977860078080_camera_0.jpg
-4.51275,3.42247,7.97333,1597511978061082368_camera_0.jpg
2.56805,-3.01169,9.06802,1597511978262086656_camera_0.jpg
-4.07764,-0.924695,8.86922,1597511978463090944_camera_0.jpg
0.362345,-3.6031,9.17081,1597511978664095232_camera_0.jpg
3.91292,-0.770175,8.95955,1597511978865099520_camera_0.jpg
-3.04258,4.66957,8.04557,1597511979066103808_camera_0.jpg
-4.35302,3.11087,8.15175,1597511979267108096_camera_0.jpg
-1.47709,4.28522,8.81059,1597511979465112320_camera_0.jpg
-1.96307,0.907846,9.57263,1597511979666116608_camera_0.jpg
3.56897,3.86417,8.22696,1597511979867120896_camera_0.jpg
-2.83908,-1.88192,9.28771,1597511980068125184_camera_0.jpg
-1.72191,-3.71422,8.97895,1597511980272129536_camera_0.jpg
2.26615,-1.22723,9.42612,1597511980473133824_camera_0.jpg
-0.339961,-2.67519,9.36075,1597511980674138112_camera_0.jpg
2.7181,1.6115,9.23161,1597511980875142400_camera_0.jpg
-2.91487,4.63739,8.20181,1597511981073146624_camera_0.jpg
-3.0264,2.66844,8.99228,1597511981274150912_camera_0.jpg
2.09553,-0.63115,9.63327,1597511981475155200_camera_0.jpg
-1.57428,3.44246,9.02392,1597511981676159488_camera_0.jpg
0.574184,3.7029,9.05551,1597511981877163776_camera_0.jpg
-1.8213,-3.6103,8.97105,1597511982078168064_camera_0.jpg
3.75439,1.02241,8.90742,1597511982279172352_camera_0.jpg
-4.26807,3.73886,8.02435,1597511982477176576_camera_0.jpg
-0.321371,4.09237,8.86425,1597511982678180864_camera_0.jpg
-3.13608,-1.86042,9.14726,1597511982879185152_camera_0.jpg
-3.64766,1.88145,8.8946,1597511983080189440_camera_0.jpg
-0.39075,-1.79613,9.52855,1597511983281193728_camera_0.jpg
4.25519,-2.8059,8.3036,1597511983482198016_camera_0.jpg
-0.97478,-0.524708,9.82759,1597511983683202304_camera_0.jpg
0.0900948,-0.104262,9.89259,1597511983884206592_camera_0.jpg
1.03156,-2.40865,9.47521,1597511984085210880_camera_0.jpg
2.49744,-4.32917,8.39244,1597511984286215168_camera_0.jpg
2.75543,2.68186,9.05231,1597511984487219456_camera_0.jpg
1.70605,-3.99848,8.80152,1597511984688223744_camera_0.jpg
-3.87359,3.06398,8.47679,1597511984889228032_camera_0.jpg
-4.36691,-2.03032,8.49789,1597511985093232384_camera_0.jpg
2.5869,4.10045,8.4793,1597511985291236608_camera_0.jpg
0.628087,2.45593,9.49989,1597511985492240896_camera_0.jpg
-4.12458,-4.43985,7.7453,1597511985693245184_camera_0.jpg
1.83994,3.84499,8.80097,1597511985894249472_camera_0.jpg
-0.148041,0.226144,9.78715,1597511986095253760_camera_0.jpg
2.5228,-1.25967,9.45893,1597511986296258048_camera_0.jpg
-1.67031,1.6237,9.63281,1597511986497262336_camera_0.jpg
3.88577,0.279331,8.94751,1597511986689266432_camera_0.jpg
-4.7377,-1.5362,8.40003,1597511986890270720_camera_0.jpg
-3.02146,2.29006,9.04226,1597511987091275008_camera_0.jpg
-4.2607,-1.16805,8.73457,1597511987292279296_camera_0.jpg
-2.11244,4.58926,8.43835,1597511987493283584_camera_0.jpg
1.92509,-3.04103,9.10613,1597511987694287872_camera_0.jpg
0.962161,3.57294,9.06546,1597511987895292160_camera_0.jpg
-1.27104,-1.6486,9.49214,1597511988096296448_camera_0.jpg
-1.14847,-3.71263,9.00944,1597511988297300736_camera_0.jpg
2.40538,2.91948,9.06667,1597511988498305024_camera_0.jpg
4.04347,1.34241,8.80359,1597511988702309376_camera_0.jpg
-4.259,4.22173,7.86181,1597511988903313664_camera_0.jpg
1.10291,-3.60112,9.02518,1597511989104317952_camera_0.jpg
-0.129365,4.14582,8.92503,1597511989305322240_camera_0.jpg
4.85842,-3.64223,7.73623,1597511989506326528_camera_0.jpg
-2.94735,2.34076,9.11527,1597511989707330816_camera_0.jpg
-2.68324,-2.51285,9.04752,1597511989908335104_camera_0.jpg
-4.41674,-4.30285,7.58836,1597511990109339392_camera_0.jpg
-0.303449,1.58743,9.5841,1597511990310343680_camera_0.jpg
-2.67402,-3.91699,8.55642,1597511990511347968_camera_0.jpg
1.79088,0.264218,9.64234,1597511990712352256_camera_0.jpg
-4.40025,-0.972579,8.65386,1597511990913356544_camera_0.jpg
-3.59912,-4.01384,8.25526,1597511991111360768_camera_0.jpg
4.43712,-3.97418,7.78904,1597511991309364992_camera_0.jpg
-3.3847,-4.13354,8.21334,1597511991510369280_camera_0.jpg
0.985435,-3.60329,9.01495,1597511991711373568_camera_0.jpg
-1.71375,2.00846,9.42958,1597511991912377856_camera_0.jpg
3.20002,4.10947,8.33278,1597511992113382144_camera_0.jpg
-3.52015,-0.922737,9.05516,1597511992314386432_camera_0.jpg
3.65499,-3.95814,8.2174,1597511992515390720_camera_0.jpg
-2.1619,-2.48133,9.26105,1597511992716395008_camera_0.jpg
0.40301,2.68128,9.38891,1597511992914399232_camera_0.jpg
3.70471,-1.03436,9.02867,1597511993115403520_camera_0.jpg
1.73886,-3.84389,8.88823,1597511993316407808_camera_0.jpg
2.84118,-3.54691,8.63344,1597511993517412096_camera_0.jpg
0.149372,3.43322,9.27486,1597511993718416384_camera_0.jpg
3.16372,4.44829,8.10526,1597511993919420672_camera_0.jpg
-2.91237,-4.11214,8.36735,1597511994120424960_camera_0.jpg
4.5077,-1.59872,8.58469,1597511994321429248_camera_0.jpg
3.81933,-0.324899,9.00056,1597511994522433536_camera_0.jpg
4.558,2.74336,8.34533,1597511994723437824_camera_0.jpg
0.796918,4.1429,8.8842,1597511994924442112_camera_0.jpg
4.51901,-0.610162,8.72746,1597511995125446400_camera_0.jpg
-4.73429,-0.881354,8.44815,1597511995326450688_camera_0.jpg
-0.600364,1.53215,9.6983,1597511995524454912_camera_0.jpg
-1.9322,3.39551,8.91333,1597511995725459200_camera_0.jpg
2.60669,1.05777,9.40439,1597511995926463488_camera_0.jpg
-3.01109,3.76765,8.49014,1597511996127467776_camera_0.jpg
-1.85393,2.35177,9.34424,1597511996328472064_camera_0.jpg
4.80768,-2.61643,8.1357,1597511996529476352_camera_0.jpg
-4.32406,-2.37472,8.47749,1597511996730480640_camera_0.jpg
-4.20665,-4.19511,7.78616,1597511996931484928_camera_0.jpg
1.42566,0.321141,9.62362,1597511997132489216_camera_0.jpg
3.39423,-4.45947,8.04749,1597511997333493504_camera_0.jpg
-2.0672,4.22491,8.61805,1597511997534497792_camera_0.jpg
2.26807,-0.636339,9.5293,1597511997735502080_camera_0.jpg
-4.287,-0.712741,8.802,1597511997933506304_camera_0.jpg
-3.91598,-0.0865158,9.06655,1597511998134510592_camera_0.jpg
-4.92133,-4.16531,7.38921,1597511998335514880_camera_0.jpg
2.93547,2.49181,9.00485,1597511998536519168_camera_0.jpg
4.47034,-0.743528,8.68972,1597511998737523456_camera_0.jpg
-0.136595,0.878264,9.73351,1597511998938527744_camera_0.jpg
-1.57075,2.48841,9.34684,1597511999139532032_camera_0.jpg
2.82082,-3.77169,8.61084,1597511999340536320_camera_0.jpg
1.9963,3.63469,8.90084,1597511999541540608_camera_0.jpg
-0.646768,-1.60443,9.68164,1597511999742544896_camera_0.jpg
-2.87162,-4.33961,8.36098,1597511999943549184_camera_0.jpg
0.880847,0.709266,9.67749,1597512000147553536_camera_0.jpg
-0.497333,-1.08628,9.80127,1597512000348557824_camera_0.jpg
-0.302859,3.82257,8.97793,1597512000549562112_camera_0.jpg
-2.79951,3.31046,8.82723,1597512000750566400_camera_0.jpg
-3.30565,3.67215,8.46589,1597512000951570688_camera_0.jpg
0.293127,-2.06143,9.57054,1597512001152574976_camera_0.jpg
1.12268,3.30443,9.06423,1597512001353579264_camera_0.jpg
-1.40207,-2.7863,9.2783,1597512001554583552_camera_0.jpg
2.83655,3.51068,8.67079,1597512001755587840_camera_0.jpg
4.39368,2.53455,8.42273,1597512001953592064_camera_0.jpg
2.95332,-0.011674,9.37925,1597512002154596352_camera_0.jpg
4.80231,2.66398,8.10848,1597512002355600640_camera_0.jpg
1.92993,-3.05101,9.1306,1597512002556604928_camera_0.jpg
-4.46569,1.62213,8.56242,1597512002754609152_camera_0.jpg
1.38323,4.25432,8.76554,1597512002955613440_camera_0.jpg
-0.528397,-1.36475,9.77122,1597512003156617728_camera_0.jpg
-2.96511,-2.88196,8.90823,1597512003357622016_camera_0.jpg
4.52112,0.745942,8.69243,1597512003555626240_camera_0.jpg
2.26097,3.06906,9.05279,1597512003753630464_camera_0.jpg
-2.18304,-4.52561,8.43716,1597512003954634752_camera_0.jpg
-3.81528,-1.36955,8.9494,1597512004155639040_camera_0.jpg
0.631232,4.37081,8.75468,1597512004356643328_camera_0.jpg
-3.09485,3.67517,8.53283,1597512004557647616_camera_0.jpg
-3.87794,-2.94278,8.49208,1597512004758651904_camera_0.jpg
-0.723993,1.52321,9.63825,1597512004956656128_camera_0.jpg
-0.330496,-2.26734,9.58275,1597512005157660416_camera_0.jpg
4.75056,1.29504,8.35272,1597512005358664704_camera_0.jpg
0.630242,-1.59967,9.73188,1597512005559668992_camera_0.jpg
-3.4646,1.14542,9.06493,1597512005760673280_camera_0.jpg
-3.90719,2.93478,8.5169,1597512005961677568_camera_0.jpg
-1.77394,-1.38823,9.57024,1597512006162681856_camera_0.jpg
-0.393591,-2.42445,9.57523,1597512006363686144_camera_0.jpg
-2.98287,0.775727,9.2578,1597512006564690432_camera_0.jpg
-2.3193,2.43193,9.20561,1597512006765694720_camera_0.jpg
-2.65546,-4.30066,8.44403,1597512006966699008_camera_0.jpg
4.15007,-1.33569,8.78372,1597512007167703296_camera_0.jpg
3.92071,-2.07914,8.7088,1597512007368707584_camera_0.jpg
-2.65401,-0.0790519,9.38946,1597512007569711872_camera_0.jpg
-2.47823,-3.68503,8.8173,1597512007770716160_camera_0.jpg
2.17932,1.17825,9.50828,1597512007971720448_camera_0.jpg
2.71453,-0.375957,9.37169,1597512008172724736_camera_0.jpg
1.28794,4.3034,8.71484,1597512008373729024_camera_0.jpg
-0.177036,1.37601,9.73531,1597512008574733312_camera_0.jpg
-0.141596,-4.0135,9.01905,1597512008775737600_camera_0.jpg
0.0620186,-3.36164,9.25685,1597512008976741888_camera_0.jpg
-4.12448,-3.78334,8.05208,1597512009177746176_camera_0.jpg
-3.30928,-3.93936,8.37872,1597512009378750464_camera_0.jpg
-0.330418,4.80174,8.55287,1597512009579754752_camera_0.jpg
-3.27044,-0.330516,9.21466,1597512009780759040_camera_0.jpg
0.340053,0.885476,9.74066,1597512009981763328_camera_0.jpg
0.525519,-4.57072,8.66975,1597512010182767616_camera_0.jpg
3.09606,0.929237,9.25454,1597512010383771904_camera_0.jpg
-2.83456,1.22707,9.28509,1597512010584776192_camera_0.jpg
1.64138,2.7831,9.24222,1597512010785780480_camera_0.jpg
-0.41211,1.10643,9.68354,1597512010983784704_camera_0.jpg
-3.70447,3.35211,8.43096,1597512011184788992_camera_0.jpg
-0.212249,0.637851,9.71525,1597512011385793280_camera_0.jpg
0.0902115,-3.2495,9.29457,1597512011586797568_camera_0.jpg
0.667819,-4.35275,8.80591,1597512011790801920_camera_0.jpg
-1.7032,-0.520773,9.65265,1597512011991806208_camera_0.jpg
0.770372,-0.996456,9.71895,1597512012192810496_camera_0.jpg
-4.27829,0.0898312,8.84016,1597512012393814784_camera_0.jpg
2.91235,4.37858,8.19832,1597512012594819072_camera_0.jpg
1.25313,-4.78457,8.47642,1597512012792823296_camera_0.jpg
-1.55461,-0.204315,9.64488,1597512012993827584_camera_0.jpg
4.49943,-4.22822,7.54775,1597512013194831872_camera_0.jpg
2.29317,1.17531,9.37296,1597512013395836160_camera_0.jpg
1.07914,1.55518,9.57623,1597512013596840448_camera_0.jpg
0.618663,3.54211,9.14621,1597512013797844736_camera_0.jpg
-1.09185,-1.03306,9.64909,1597512013998849024_camera_0.jpg
0.332856,-1.29055,9.72271,1597512014199853312_camera_0.jpg
-0.0804407,3.67478,8.95158,1597512014400857600_camera_0.jpg
-0.123793,-2.58591,9.45841,1597512014601861888_camera_0.jpg
-1.16193,3.97661,8.8363,1597512014802866176_camera_0.jpg
-4.71906,2.77575,8.21455,1597512015003870464_camera_0.jpg
3.06575,2.91215,8.81203,1597512015204874752_camera_0.jpg
-2.16303,-0.0445346,9.49049,1597512015405879040_camera_0.jpg
-1.29836,-2.25442,9.39536,1597512015606883328_camera_0.jpg
4.08981,-3.96318,7.93581,1597512015807887616_camera_0.jpg
-3.92915,-3.01226,8.52899,1597512016008891904_camera_0.jpg
-0.685804,2.31541,9.44518,1597512016209896192_camera_0.jpg
2.75409,2.61243,9.13153,1597512016410900480_camera_0.jpg
1.8352,3.24898,9.06286,1597512016611904768_camera_0.jpg
1.38809,1.04547,9.56901,1597512016812909056_camera_0.jpg
-1.04622,-4.00857,8.92999,1597512017010913280_camera_0.jpg
-1.26561,0.828701,9.76637,1597512017211917568_camera_0.jpg
2.92785,2.96286,8.91513,1597512017412921856_camera_0.jpg
-3.21046,0.525428,9.25166,1597512017613926144_camera_0.jpg
3.61385,2.86434,8.63142,1597512017814930432_camera_0.jpg
2.67576,-1.89729,9.25363,1597512018015934720_camera_0.jpg
1.9794,3.93875,8.80621,1597512018216939008_camera_0.jpg
4.21296,4.11561,7.84978,1597512018417943296_camera_0.jpg
-0.0032265,2.05752,9.65287,1597512018618947584_camera_0.jpg
-1.23454,2.20968,9.44948,1597512018816951808_camera_0.jpg
-2.31067,-0.693721,9.41059,1597512019017956096_camera_0.jpg
-1.44681,1.26363,9.719,1597512019218960384_camera_0.jpg
1.54848,4.3969,8.61443,1597512019419964672_camera_0.jpg
-4.04778,-0.626386,8.95782,1597512019620968960_camera_0.jpg
3.74463,-0.588458,9.07425,1597512019821973248_camera_0.jpg
4.63304,-3.34641,7.99476,1597512020022977536_camera_0.jpg
-1.57308,-4.50685,8.60502,1597512020223981824_camera_0.jpg
-0.0260865,3.94531,8.94331,1597512020424986112_camera_0.jpg
3.4751,0.516613,9.1258,1597512020625990400_camera_0.jpg
-4.16894,-2.69448,8.53347,1597512020826994688_camera_0.jpg
-4.69433,1.36174,8.54871,1597512021027998976_camera_0.jpg
-2.01816,-2.65385,9.19048,1597512021226003200_camera_0.jpg
-2.50045,0.369259,9.47072,1597512021427007488_camera_0.jpg
-1.16739,3.45949,9.13776,1597512021625011712_camera_0.jpg
0.826093,-0.847876,9.7564,1597512021826016000_camera_0.jpg
-0.80874,3.44527,9.15246,1597512022027020288_camera_0.jpg
1.44452,2.33182,9.39722,1597512022231024640_camera_0.jpg
-2.02448,3.09213,9.06511,1597512022429028864_camera_0.jpg
-3.75032,3.14751,8.49886,1597512022630033152_camera_0.jpg
4.85867,-3.96775,7.49295,1597512022831037440_camera_0.jpg
2.12091,0.186943,9.51892,1597512023032041728_camera_0.jpg
-0.338074,2.83099,9.49549,1597512023230045952_camera_0.jpg
3.63575,2.89662,8.6458,1597512023431050240_camera_0.jpg
1.42254,-3.75832,8.95913,1597512023632054528_camera_0.jpg
0.0916692,-0.65662,9.81377,1597512023833058816_camera_0.jpg
0.579347,-3.91782,8.9688,1597512024034063104_camera_0.jpg
-1.43245,4.33217,8.66549,1597512024235067392_camera_0.jpg
-1.01031,-1.14668,9.66929,1597512024436071680_camera_0.jpg
0.739683,-2.66439,9.37264,1597512024637075968_camera_0.jpg
-0.110493,-0.952581,9.72587,1597512024838080256_camera_0.jpg
-3.07301,1.74489,9.21297,1597512025039084544_camera_0.jpg
-1.12047,1.75215,9.60654,1597512025240088832_camera_0.jpg
-1.06077,0.924423,9.6651,1597512025441093120_camera_0.jpg
3.98279,3.06662,8.44599,1597512025639097344_camera_0.jpg
-0.440043,-4.34638,8.87353,1597512025840101632_camera_0.jpg
3.72711,0.628552,9.05832,1597512026041105920_camera_0.jpg
-0.770739,3.94465,8.95156,1597512026242110208_camera_0.jpg
2.70158,2.36378,9.15005,1597512026443114496_camera_0.jpg
4.45496,-1.78749,8.55429,1597512026644118784_camera_0.jpg
0.581645,0.410132,9.70729,1597512026845123072_camera_0.jpg
3.72462,-3.44776,8.43741,1597512027043127296_camera_0.jpg
0.294285,-1.78883,9.65053,1597512027244131584_camera_0.jpg
-1.47356,3.29552,9.14108,1597512027445135872_camera_0.jpg
-2.31902,1.14124,9.50229,1597512027646140160_camera_0.jpg
-4.13695,-2.91802,8.45835,1597512027847144448_camera_0.jpg
3.01403,-2.88668,8.87436,1597512028048148736_camera_0.jpg
2.30214,3.56625,8.84092,1597512028249153024_camera_0.jpg
3.45603,0.394724,9.19994,1597512028450157312_camera_0.jpg
2.30766,-1.65105,9.41944,1597512028651161600_camera_0.jpg
2.33505,4.19881,8.58705,1597512028852165888_camera_0.jpg
-2.41268,4.68433,8.27514,1597512029050170112_camera_0.jpg
-3.88601,2.41824,8.6438,1597512029251174400_camera_0.jpg
-1.00386,-2.72428,9.3109,1597512029452178688_camera_0.jpg
-4.19962,2.71576,8.40531,1597512029653182976_camera_0.jpg
-3.92837,0.146821,8.9755,1597512029854187264_camera_0.jpg
3.84523,-3.52172,8.26334,1597512030055191552_camera_0.jpg
3.81271,-2.32033,8.73964,1597512030256195840_camera_0.jpg
0.0654798,-4.80641,8.47495,1597512030457200128_camera_0.jpg
-1.45242,0.715479,9.7284,1597512030658204416_camera_0.jpg
-1.58708,1.88697,9.46859,1597512030859208704_camera_0.jpg
3.46499,4.49388,8.03222,1597512031060212992_camera_0.jpg
-0.524041,-2.7753,9.37219,1597512031261217280_camera_0.jpg
-3.43449,-3.18109,8.68506,1597512031459221504_camera_0.jpg
1.78928,0.836589,9.61227,1597512031660225792_camera_0.jpg
-0.209001,-2.5904,9.40202,1597512031858230016_camera_0.jpg
2.79451,3.68369,8.64077,1597512032059234304_camera_0.jpg
-1.31704,-4.56101,8.62986,1597512032260238592_camera_0.jpg
-4.80301,-3.47797,7.87157,1597512032461242880_camera_0.jpg
3.24875,-0.499403,9.22004,1597512032662247168_camera_0.jpg
4.33954,-0.367588,8.77817,1597512032863251456_camera_0.jpg
-2.5112,-1.4932,9.40957,1597512033061255680_camera_0.jpg
-4.23694,-4.04843,7.86517,1597512033259259904_camera_0.jpg
0.511562,4.51135,8.70252,1597512033460264192_camera_0.jpg
4.60624,-3.87085,7.782,1597512033658268416_camera_0.jpg
1.20294,-3.66416,9.01038,1597512033859272704_camera_0.jpg
-0.858919,-4.55876,8.62206,1597512034060276992_camera_0.jpg
-4.67633,4.13989,7.58152,1597512034261281280_camera_0.jpg
0.422002,2.94017,9.25605,1597512034462285568_camera_0.jpg
1.67402,4.56168,8.4813,1597512034663289856_camera_0.jpg
2.20731,-0.234165,9.61197,1597512034861294080_camera_0.jpg
-4.71487,-0.82259,8.52148,1597512035062298368_camera_0.jpg
-0.642196,-2.22135,9.48078,1597512035260302592_camera_0.jpg
3.32845,-2.23868,8.96231,1597512035461306880_camera_0.jpg
-0.725487,-3.8163,9.006,1597512035662311168_camera_0.jpg
4.86192,0.88484,8.50026,1597512035863315456_camera_0.jpg
4.39995,-0.426535,8.7232,1597512036064319744_camera_0.jpg
4.60808,-1.44763,8.51919,1597512036265324032_camera_0.jpg
1.46677,2.08434,9.49348,1597512036469328384_camera_0.jpg
3.30487,-0.971522,9.16932,1597512036670332672_camera_0.jpg
-0.370968,4.36628,8.77357,1597512036871336960_camera_0.jpg
-4.04419,-4.21247,7.92602,1597512037072341248_camera_0.jpg
-3.47881,4.388,8.10789,1597512037270345472_camera_0.jpg
2.4582,-1.68489,9.33033,1597512037468349696_camera_0.jpg
-0.840696,1.56781,9.63078,1597512037666353920_camera_0.jpg
-4.32592,-3.70484,8.04513,1597512037867358208_camera_0.jpg
4.66734,-2.20567,8.36091,1597512038068362496_camera_0.jpg
-3.83188,4.09715,7.99344,1597512038269366784_camera_0.jpg
1.73194,2.66369,9.34158,1597512038467371008_camera_0.jpg
-1.9142,3.17396,9.08143,1597512038668375296_camera_0.jpg
2.91097,-0.586786,9.38919,1597512038866379520_camera_0.jpg
0.227781,-0.483601,9.8365,1597512039064383744_camera_0.jpg
0.734047,3.02271,9.35476,1597512039265388032_camera_0.jpg
2.38662,4.38761,8.45242,1597512039466392320_camera_0.jpg
1.51706,-0.768862,9.71761,1597512039667396608_camera_0.jpg
1.99034,0.739859,9.5733,1597512039871400960_camera_0.jpg
-0.831332,-3.95533,8.95316,1597512040072405248_camera_0.jpg
-2.79576,0.0753203,9.42355,1597512040273409536_camera_0.jpg
-3.24458,-3.57879,8.58948,1597512040474413824_camera_0.jpg
-0.35272,4.71251,8.64272,1597512040672418048_camera_0.jpg
-1.77556,-2.26034,9.36379,1597512040873422336_camera_0.jpg
0.421837,4.64451,8.62331,1597512041074426624_camera_0.jpg
-3.92632,0.938543,9.00204,1597512041272430848_camera_0.jpg
3.30272,-0.672314,9.18398,1597512041470435072_camera_0.jpg
3.00919,4.29619,8.39389,1597512041671439360_camera_0.jpg
4.03967,-1.93489,8.71419,1597512041872443648_camera_0.jpg
1.34688,-3.99751,8.85819,1597512042073447936_camera_0.jpg
4.51792,-0.190703,8.58224,1597512042274452224_camera_0.jpg
2.48495,-3.38283,8.9422,1597512042475456512_camera_0.jpg
0.943388,2.28819,9.49871,1597512042676460800_camera_0.jpg
-0.706661,-4.5313,8.58688,1597512042874465024_camera_0.jpg
4.82265,-2.61607,8.10372,1597512043075469312_camera_0.jpg
-1.69139,-0.604196,9.67996,1597512043273473536_camera_0.jpg
-1.35847,-1.50936,9.66579,1597512043474477824_camera_0.jpg
1.43362,-0.725317,9.66487,1597512043675482112_camera_0.jpg
0.822583,0.245351,9.71605,1597512043876486400_camera_0.jpg
4.33918,-0.0408035,8.8292,1597512044077490688_camera_0.jpg
-0.936034,3.30727,9.21445,1597512044278494976_camera_0.jpg
0.428448,4.19145,8.7851,1597512044479499264_camera_0.jpg
1.73741,2.46648,9.33903,1597512044680503552_camera_0.jpg
4.05546,0.929133,8.89581,1597512044878507776_camera_0.jpg
-4.34903,-2.35663,8.46114,1597512045079512064_camera_0.jpg
-3.62271,-4.35335,8.04041,1597512045280516352_camera_0.jpg
-2.01963,-4.49854,8.41967,1597512045478520576_camera_0.jpg
2.66313,-0.753388,9.48757,1597512045679524864_camera_0.jpg
-1.12754,1.46827,9.64999,1597512045880529152_camera_0.jpg
-0.509057,1.22963,9.74844,1597512046081533440_camera_0.jpg
-1.66641,4.12759,8.78103,1597512046282537728_camera_0.jpg
2.49997,4.35605,8.44499,1597512046483542016_camera_0.jpg
-1.04935,-0.280575,9.75924,1597512046684546304_camera_0.jpg
-2.94393,-1.59517,9.1611,1597512046885550592_camera_0.jpg
4.14293,3.59915,8.13514,1597512047086554880_camera_0.jpg
-3.82653,-2.44139,8.66739,1597512047284559104_camera_0.jpg
-2.96141,-3.87727,8.45484,1597512047485563392_camera_0.jpg
-2.86335,4.26271,8.34888,1597512047686567680_camera_0.jpg
1.38738,-0.971619,9.61705,1597512047887571968_camera_0.jpg
2.92837,-1.63775,9.17327,1597512048088576256_camera_0.jpg
3.19546,3.87756,8.48429,1597512048289580544_camera_0.jpg
3.74074,-1.33729,8.99595,1597512048490584832_camera_0.jpg
4.73916,-2.14075,8.22937,1597512048691589120_camera_0.jpg
3.03128,-2.21903,9.05925,1597512048892593408_camera_0.jpg
-3.37206,-0.196731,9.2525,1597512049093597696_camera_0.jpg
0.810323,2.10564,9.51341,1597512049291601920_camera_0.jpg
0.259215,0.691986,9.83102,1597512049492606208_camera_0.jpg
-0.265421,4.60067,8.6248,1597512049693610496_camera_0.jpg
-4.03454,2.82859,8.41768,1597512049891614720_camera_0.jpg
-1.13855,-3.60601,8.99028,1597512050092619008_camera_0.jpg
-3.39087,-0.100716,9.15905,1597512050293623296_camera_0.jpg
4.79467,0.910843,8.50129,1597512050494627584_camera_0.jpg
-4.28528,-4.16123,7.84699,1597512050695631872_camera_0.jpg
4.49658,2.54766,8.35659,1597512050896636160_camera_0.jpg
-2.2515,-4.53377,8.40069,1597512051094640384_camera_0.jpg
2.03654,-4.63178,8.37411,1597512051292644608_camera_0.jpg
-1.03004,-0.675279,9.73944,1597512051493648896_camera_0.jpg
0.329507,1.39007,9.76625,1597512051697653248_camera_0.jpg
3.46458,1.20955,9.05658,1597512051895657472_camera_0.jpg
3.04196,-3.72562,8.59293,1597512052096661760_camera_0.jpg
2.73226,-0.946957,9.34626,1597512052294665984_camera_0.jpg
-3.91514,2.20843,8.7083,1597512052495670272_camera_0.jpg
-2.79596,-0.306061,9.30706,1597512052696674560_camera_0.jpg
-4.40523,4.04271,7.7848,1597512052897678848_camera_0.jpg
-1.51515,-3.21879,9.13244,1597512053098683136_camera_0.jpg
3.58353,3.04185,8.59474,1597512053299687424_camera_0.jpg
0.268733,2.84349,9.3805,1597512053500691712_camera_0.jpg
0.339436,-0.784035,9.81885,1597512053698695936_camera_0.jpg
-0.139824,-0.251866,9.78079,1597512053899700224_camera_0.jpg
2.41819,-2.56158,9.21298,1597512054100704512_camera_0.jpg
1.7168,3.83067,8.91685,1597512054301708800_camera_0.jpg
0.135382,-2.29613,9.46632,1597512054502713088_camera_0.jpg
0.718845,2.34611,9.53033,1597512054703717376_camera_0.jpg
0.891035,1.38783,9.64768,1597512054904721664_camera_0.jpg
-4.75508,-2.40476,8.30907,1597512055105725952_camera_0.jpg
-0.585443,4.08769,8.90174,1597512055306730240_camera_0.jpg
3.62774,2.74725,8.72464,1597512055507734528_camera_0.jpg
4.0098,-3.95247,8.1123,1597512055705738752_camera_0.jpg
0.798973,-4.45279,8.63226,1597512055903742976_camera_0.jpg
-2.52493,1.94417,9.26402,1597512056107747328_camera_0.jpg
-4.13279,-3.03082,8.41708,1597512056308751616_camera_0.jpg
1.14032,0.281052,9.82169,1597512056506755840_camera_0.jpg
1.32836,-2.11619,9.48317,1597512056704760064_camera_0.jpg
-4.20849,-3.31645,8.25755,1597512056905764352_camera_0.jpg
3.0738,-3.01288,8.77738,1597512057106768640_camera_0.jpg
3.01028,0.674095,9.27967,1597512057307772928_camera_0.jpg
-3.43725,-3.07521,8.59585,1597512057508777216_camera_0.jpg
0.460197,-0.594823,9.81928,1597512057709781504_camera_0.jpg
4.68071,-1.82686,8.39319,1597512057910785792_camera_0.jpg
3.16169,3.33005,8.68875,1597512058108790016_camera_0.jpg
-3.74759,-1.68994,8.86436,1597512058306794240_camera_0.jpg
-0.297982,-3.34655,9.28511,1597512058504798464_camera_0.jpg
-3.88801,-2.41307,8.73026,1597512058705802752_camera_0.jpg
-0.655578,4.80633,8.55885,1597512058906807040_camera_0.jpg
-4.39525,3.86831,7.80121,1597512059107811328_camera_0.jpg
0.204117,-1.93162,9.61068,1597512059305815552_camera_0.jpg
-3.53789,4.46691,7.98256,1597512059506819840_camera_0.jpg
-3.34223,-2.31802,8.83406,1597512059710824192_camera_0.jpg
-2.39758,0.855991,9.50429,1597512059908828416_camera_0.jpg
-0.750487,-0.412501,9.82609,1597512060109832704_camera_0.jpg
4.72804,-1.48677,8.49338,1597512060310836992_camera_0.jpg
1.81068,2.07964,9.38684,1597512060511841280_camera_0.jpg
-1.54314,2.09134,9.57483,1597512060712845568_camera_0.jpg
-4.79496,2.31107,8.21571,1597512060910849792_camera_0.jpg
-0.10978,-4.38807,8.76212,1597512061108854016_camera_0.jpg
-3.53657,-3.08055,8.48101,1597512061309858304_camera_0.jpg
1.27062,1.83574,9.53853,1597512061510862592_camera_0.jpg
3.6985,2.05317,8.87638,1597512061711866880_camera_0.jpg
2.72762,-3.91193,8.55199,1597512061909871104_camera_0.jpg
0.112146,-0.886607,9.78699,1597512062110875392_camera_0.jpg
0.443654,-3.35299,9.27409,1597512062311879680_camera_0.jpg
-0.306239,-1.29963,9.77531,1597512062512883968_camera_0.jpg
3.20144,2.38481,8.95677,1597512062713888256_camera_0.jpg
-4.68419,4.03805,7.52615,1597512062914892544_camera_0.jpg
-1.57952,-0.405648,9.69141,1597512063115896832_camera_0.jpg
1.5528,-1.31904,9.64371,1597512063316901120_camera_0.jpg
2.01303,-1.54841,9.44173,1597512063517905408_camera_0.jpg
-3.57198,-2.10338,8.84568,1597512063718909696_camera_0.jpg
-1.1837,2.22329,9.42796,1597512063919913984_camera_0.jpg
-3.53176,3.74179,8.3427,1597512064120918272_camera_0.jpg
-3.63574,4.00136,8.2091,1597512064321922560_camera_0.jpg
-1.06598,4.15729,8.71717,1597512064519926784_camera_0.jpg
2.9412,-0.917958,9.35798,1597512064720931072_camera_0.jpg
4.37355,-4.01856,7.80543,1597512064921935360_camera_0.jpg
-3.57292,-4.42848,7.94328,1597512065122939648_camera_0.jpg
-4.02055,-4.49854,7.75536,1597512065323943936_camera_0.jpg
-2.4377,0.414017,9.46802,1597512065524948224_camera_0.jpg
1.25284,-3.97607,8.93798,1597512065725952512_camera_0.jpg
-0.837699,1.7076,9.62779,1597512065926956800_camera_0.jpg
-4.21166,1.49289,8.756,1597512066127961088_camera_0.jpg
-1.47459,-4.01787,8.83212,1597512066328965376_camera_0.jpg
-2.69979,0.564025,9.40809,1597512066529969664_camera_0.jpg
0.149825,-0.357865,9.79443,1597512066730973952_camera_0.jpg
-4.00781,1.14564,8.91829,1597512066931978240_camera_0.jpg
1.50745,-4.27542,8.67144,1597512067132982528_camera_0.jpg
-2.12196,-0.958021,9.47027,1597512067330986752_camera_0.jpg
-2.03912,-3.84535,8.74682,1597512067531991040_camera_0.jpg
0.298698,3.75919,9.0396,1597512067732995328_camera_0.jpg
-2.84258,-3.2845,8.69828,1597512067933999616_camera_0.jpg
-0.886319,0.0497608,9.76596,1597512068132003840_camera_0.jpg
-4.8819,3.03702,8.08855,1597512068333008128_camera_0.jpg
-0.301232,-3.65402,9.05529,1597512068534012416_camera_0.jpg
-3.25509,-0.94608,9.25595,1597512068735016704_camera_0.jpg
-0.103879,4.8757,8.52109,1597512068945021184_camera_0.jpg
3.4803,-0.295337,9.13666,1597512069146025472_camera_0.jpg
-1.68376,-2.15941,9.41442,1597512069347029760_camera_0.jpg
-2.01448,1.78453,9.48378,1597512069548034048_camera_0.jpg
3.04762,-0.859129,9.36776,1597512069746038272_camera_0.jpg
-2.79835,-2.95941,8.89894,1597512069947042560_camera_0.jpg
2.18587,3.49224,8.90746,1597512070148046848_camera_0.jpg
-3.76511,-1.81723,8.84318,1597512070349051136_camera_0.jpg
-0.472535,-4.02922,8.95656,1597512070550055424_camera_0.jpg
2.83783,-3.62355,8.60283,1597512070751059712_camera_0.jpg
-1.81083,3.43729,8.99438,1597512070952064000_camera_0.jpg
4.34894,-3.97506,7.82289,1597512071150068224_camera_0.jpg
-4.32896,-3.55433,7.99917,1597512071351072512_camera_0.jpg
-2.00731,4.76372,8.30477,1597512071552076800_camera_0.jpg
4.83773,-2.70537,8.07646,1597512071753081088_camera_0.jpg
3.50474,1.39267,9.0554,1597512071954085376_camera_0.jpg
3.53511,0.944966,9.04294,1597512072152089600_camera_0.jpg
2.32665,-0.251867,9.52222,1597512072353093888_camera_0.jpg
-4.27039,-1.17757,8.74287,1597512072554098176_camera_0.jpg
1.54069,0.69172,9.68195,1597512072755102464_camera_0.jpg
-1.67055,-3.00692,9.19564,1597512072956106752_camera_0.jpg
0.151517,4.57685,8.59801,1597512073157111040_camera_0.jpg
-2.87499,-3.13118,8.83951,1597512073358115328_camera_0.jpg
3.34184,-3.90593,8.21155,1597512073559119616_camera_0.jpg
2.12781,3.13019,9.00913,1597512073760123904_camera_0.jpg
3.66968,-4.36448,7.97823,1597512073961128192_camera_0.jpg
0.518834,2.6796,9.40865,1597512074162132480_camera_0.jpg
-2.45627,-2.47623,9.20171,1597512074363136768_camera_0.jpg
0.293023,0.97979,9.76215,1597512074564141056_camera_0.jpg
4.34767,-1.33463,8.64749,1597512074765145344_camera_0.jpg
-4.64126,-1.94563,8.40431,1597512074966149632_camera_0.jpg
-2.67914,3.60303,8.74893,1597512075164153856_camera_0.jpg
-0.0209591,3.54941,9.18571,1597512075365158144_camera_0.jpg
4.88759,2.22391,8.29711,1597512075566162432_camera_0.jpg
-2.24497,-4.38211,8.56997,1597512075767166720_camera_0.jpg
-1.95934,2.96126,9.07145,1597512075968171008_camera_0.jpg
1.61998,2.03955,9.41211,1597512076169175296_camera_0.jpg
3.9815,1.61004,8.81378,1597512076370179584_camera_0.jpg
4.4942,1.8979,8.47877,1597512076571183872_camera_0.jpg
3.25113,-4.07072,8.28335,1597512076772188160_camera_0.jpg
4.43269,-0.670115,8.76772,1597512076973192448_camera_0.jpg
-0.633984,-0.166865,9.78598,1597512077174196736_camera_0.jpg
-0.834395,-4.11239,8.91677,1597512077375201024_camera_0.jpg
0.279182,-1.44965,9.68791,1597512077576205312_camera_0.jpg
-2.77626,-1.94158,9.24746,1597512077777209600_camera_0.jpg
0.403613,-3.29906,9.23222,1597512077975213824_camera_0.jpg
2.96307,0.3371,9.30219,1597512078176218112_camera_0.jpg
-3.10654,2.65767,8.9762,1597512078377222400_camera_0.jpg
1.31395,-1.74487,9.50317,1597512078578226688_camera_0.jpg
0.195851,3.69338,9.07378,1597512078779230976_camera_0.jpg
1.47839,3.86982,8.90591,1597512078980235264_camera_0.jpg
2.32671,-3.48617,8.82893,1597512079181239552_camera_0.jpg
4.47844,2.86479,8.09761,1597512079382243840_camera_0.jpg
-2.26609,-0.545962,9.55372,1597512079583248128_camera_0.jpg
3.02767,3.64134,8.68598,1597512079784252416_camera_0.jpg
-1.65184,-2.19128,9.4388,1597512079985256704_camera_0.jpg
-1.11583,-2.23101,9.33607,1597512080186260992_camera_0.jpg
-0.316635,-4.15327,8.8974,1597512080387265280_camera_0.jpg
3.62199,2.57919,8.75109,1597512080588269568_camera_0.jpg
1.8244,2.41267,9.27599,1597512080789273856_camera_0.jpg
-4.71469,-2.18184,8.31129,1597512080990278144_camera_0.jpg
2.02309,-3.99962,8.62249,1597512081194282496_camera_0.jpg
0.28133,2.30029,9.54283,1597512081395286784_camera_0.jpg
-0.291938,2.53937,9.44413,1597512081596291072_camera_0.jpg
-4.09425,-2.386,8.57113,1597512081797295360_camera_0.jpg
-3.45324,-3.55699,8.46514,1597512081998299648_camera_0.jpg
3.0526,-1.87498,9.08705,1597512082199303936_camera_0.jpg
0.596828,1.62143,9.68575,1597512082400308224_camera_0.jpg
4.87268,-1.89298,8.25138,1597512082598312448_camera_0.jpg
-3.99208,-2.32757,8.78733,1597512082799316736_camera_0.jpg
4.75413,2.01027,8.34092,1597512082997320960_camera_0.jpg
3.44008,3.30561,8.56932,1597512083198325248_camera_0.jpg
0.902645,2.84638,9.38526,1597512083399329536_camera_0.jpg
4.49925,-0.203369,8.68324,1597512083600333824_camera_0.jpg
-1.32644,-2.11629,9.52911,1597512083798338048_camera_0.jpg
4.91944,-3.90254,7.60504,1597512083999342336_camera_0.jpg
-4.60016,-0.0229652,8.6368,1597512084197346560_camera_0.jpg
2.50791,3.53948,8.80949,1597512084395350784_camera_0.jpg
3.0409,4.51005,8.2239,1597512084596355072_camera_0.jpg
-3.207,2.95572,8.78488,1597512084794359296_camera_0.jpg
1.91943,-4.28001,8.67185,1597512084995363584_camera_0.jpg
2.36172,-1.32441,9.38988,1597512085196367872_camera_0.jpg
2.99405,0.292429,9.34501,1597512085397372160_camera_0.jpg
-2.20986,-4.3943,8.45523,1597512085598376448_camera_0.jpg
-1.17048,-3.15872,9.21145,1597512085799380736_camera_0.jpg
-3.91287,-1.61825,8.84638,1597512086000385024_camera_0.jpg
2.02095,-4.57915,8.45887,1597512086201389312_camera_0.jpg
-4.04056,-3.10205,8.32694,1597512086402393600_camera_0.jpg
-4.66468,0.226827,8.62292,1597512086603397888_camera_0.jpg
0.371383,-0.560973,9.72311,1597512086804402176_camera_0.jpg
3.61832,-0.132652,9.09571,1597512087005406464_camera_0.jpg
0.561253,-2.79482,9.3617,1597512087206410752_camera_0.jpg
4.538,-3.50277,7.91404,1597512087407415040_camera_0.jpg
3.75814,-0.370411,9.02663,1597512087605419264_camera_0.jpg
2.94732,-3.95618,8.45978,1597512087803423488_camera_0.jpg
-3.08108,-4.4476,8.11235,1597512088004427776_camera_0.jpg
-1.78514,-2.20636,9.25426,1597512088205432064_camera_0.jpg
2.95982,2.13567,9.13877,1597512088403436288_camera_0.jpg
-3.36679,-3.88963,8.28744,1597512088601440512_camera_0.jpg
-2.80074,3.17637,8.84193,1597512088802444800_camera_0.jpg
1.43484,1.71418,9.55124,1597512089003449088_camera_0.jpg
-1.39338,0.999017,9.64675,1597512089204453376_camera_0.jpg
-3.22075,-4.50661,8.10573,1597512089405457664_camera_0.jpg
4.42672,2.17162,8.48267,1597512089606461952_camera_0.jpg
1.16416,-4.26507,8.75748,1597512089807466240_camera_0.jpg
3.26856,-3.14093,8.65112,1597512090008470528_camera_0.jpg
1.42446,2.55611,9.39397,1597512090206474752_camera_0.jpg
-3.93445,1.7284,8.7982,1597512090407479040_camera_0.jpg
2.85978,-3.69028,8.76413,1597512090608483328_camera_0.jpg
3.00844,3.94586,8.4656,1597512090809487616_camera_0.jpg
-0.747121,-0.509252,9.83148,1597512091010491904_camera_0.jpg
4.01408,-4.15158,7.94715,1597512091208496128_camera_0.jpg
-0.908999,2.27021,9.55152,1597512091406500352_camera_0.jpg
1.8171,-3.38923,9.02422,1597512091607504640_camera_0.jpg
-1.01569,-0.286106,9.8356,1597512091808508928_camera_0.jpg
1.43119,2.09334,9.45137,1597512092009513216_camera_0.jpg
2.34234,-1.22123,9.4089,1597512092207517440_camera_0.jpg
3.41664,-3.29709,8.52108,1597512092408521728_camera_0.jpg
0.756167,3.15701,9.27532,1597512092609526016_camera_0.jpg
0.871535,4.1292,8.87419,1597512092813530368_camera_0.jpg
2.35531,0.463035,9.5593,1597512093014534656_camera_0.jpg
-0.314082,-0.264421,9.84603,1597512093215538944_camera_0.jpg
-4.60393,3.71332,7.78851,1597512093413543168_camera_0.jpg
1.30653,4.05916,8.84998,1597512093617547520_camera_0.jpg
1.05622,0.802,9.64416,1597512093818551808_camera_0.jpg
0.177554,4.91455,8.49804,1597512094019556096_camera_0.jpg
3.84466,2.69121,8.66181,1597512094220560384_camera_0.jpg
-2.05847,4.03706,8.68863,1597512094421564672_camera_0.jpg
-3.30478,3.40142,8.50626,1597512094622568960_camera_0.jpg
1.07178,-0.833166,9.69838,1597512094823573248_camera_0.jpg
-1.05618,-3.2783,9.2166,1597512095024577536_camera_0.jpg
-2.70027,-2.34615,9.09312,1597512095225581824_camera_0.jpg
3.8526,-1.08961,9.02668,1597512095426586112_camera_0.jpg
2.91493,4.50478,8.20049,1597512095624590336_camera_0.jpg
3.74501,-1.48925,8.92192,1597512095825594624_camera_0.jpg
2.66096,-2.19502,9.15346,1597512096026598912_camera_0.jpg
4.07422,-3.95857,7.94632,1597512096227603200_camera_0.jpg
-3.40094,-2.10604,8.95266,1597512096428607488_camera_0.jpg
3.96638,-0.526336,9.01413,1597512096629611776_camera_0.jpg
-0.719366,-0.666297,9.84838,1597512096830616064_camera_0.jpg
-4.87951,2.05946,8.26612,1597512097031620352_camera_0.jpg
3.36735,2.69255,8.84005,1597512097232624640_camera_0.jpg
0.547152,-3.40517,9.18311,1597512097433628928_camera_0.jpg
0.0671737,0.796175,9.80795,1597512097634633216_camera_0.jpg
-2.76097,-1.50502,9.2725,1597512097835637504_camera_0.jpg
-3.27755,-1.51557,9.06285,1597512098036641792_camera_0.jpg
-1.42349,-3.06609,9.19018,1597512098237646080_camera_0.jpg
-1.58921,-3.37678,9.05136,1597512098438650368_camera_0.jpg
3.54483,-0.225443,9.12061,1597512098639654656_camera_0.jpg
-4.01771,1.13969,8.88168,1597512098840658944_camera_0.jpg
-1.06856,1.40266,9.61723,1597512099041663232_camera_0.jpg
1.49547,-0.470976,9.72527,1597512099242667520_camera_0.jpg
-3.52592,1.89997,9.02863,1597512099443671808_camera_0.jpg
4.10925,3.8712,8.01032,1597512099641676032_camera_0.jpg
4.71725,2.8011,8.12467,1597512099842680320_camera_0.jpg
3.55524,0.299114,9.15375,1597512100043684608_camera_0.jpg
-1.26404,-1.90535,9.62376,1597512100244688896_camera_0.jpg
-2.0056,2.5593,9.21842,1597512100445693184_camera_0.jpg
-2.03719,-2.00335,9.37608,1597512100646697472_camera_0.jpg
2.12216,-2.02253,9.42736,1597512100847701760_camera_0.jpg
2.11046,-3.86979,8.76002,1597512101048706048_camera_0.jpg
-2.84359,2.19374,9.15677,1597512101246710272_camera_0.jpg
-2.99877,-0.248615,9.31879,1597512101447714560_camera_0.jpg
1.20298,-1.53472,9.68957,1597512101648718848_camera_0.jpg
0.794433,-1.41604,9.55111,1597512101849723136_camera_0.jpg
0.880369,3.76551,9.09194,1597512102047727360_camera_0.jpg
1.47563,-2.25532,9.44167,1597512102245731584_camera_0.jpg
2.07386,2.55598,9.22704,1597512102446735872_camera_0.jpg
-0.449509,-1.86517,9.58298,1597512102647740160_camera_0.jpg
-2.42609,2.88609,9.09939,1597512102848744448_camera_0.jpg
-1.19271,3.60273,9.05274,1597512103049748736_camera_0.jpg
-4.20361,-0.838313,8.81832,1597512103250753024_camera_0.jpg
-3.91739,-3.52118,8.19777,1597512103451757312_camera_0.jpg
-2.15417,2.47341,9.23259,1597512103652761600_camera_0.jpg
4.02026,-2.37816,8.66159,1597512103853765888_camera_0.jpg
4.76252,3.51852,7.78768,1597512104054770176_camera_0.jpg
0.882679,3.83427,8.91258,1597512104255774464_camera_0.jpg
3.11363,-0.197372,9.35946,1597512104456778752_camera_0.jpg
0.272933,-1.68257,9.6509,1597512104657783040_camera_0.jpg
-3.28753,1.30349,9.19638,1597512104858787328_camera_0.jpg
4.81537,-2.64402,8.1682,1597512105059791616_camera_0.jpg
-1.31138,3.84295,8.93578,1597512105260795904_camera_0.jpg
1.75686,-0.902963,9.57907,1597512105461800192_camera_0.jpg
-4.54798,3.0285,8.06032,1597512105662804480_camera_0.jpg
1.33185,3.47407,9.16084,1597512105863808768_camera_0.jpg
-1.55856,-4.86344,8.3191,1597512106064813056_camera_0.jpg
-2.53279,-0.19488,9.52596,1597512106265817344_camera_0.jpg
-2.06849,4.00429,8.69185,1597512106466821632_camera_0.jpg
-0.601917,3.21905,9.19682,1597512106667825920_camera_0.jpg
-1.85466,-4.24789,8.67495,1597512106868830208_camera_0.jpg
0.509766,2.66662,9.44641,1597512107069834496_camera_0.jpg
-0.388402,0.916559,9.81045,1597512107270838784_camera_0.jpg
-4.41081,-2.06248,8.53085,1597512107471843072_camera_0.jpg
3.40417,-2.65319,8.84824,1597512107669847296_camera_0.jpg
2.6092,-2.26198,9.138,1597512107870851584_camera_0.jpg
-4.52674,-2.30024,8.38628,1597512108071855872_camera_0.jpg
-0.563235,-1.95545,9.63439,1597512108272860160_camera_0.jpg
2.04141,4.26174,8.641,1597512108473864448_camera_0.jpg
-2.26584,-3.29023,8.97056,1597512108674868736_camera_0.jpg
2.22238,-1.18218,9.50537,1597512108875873024_camera_0.jpg
0.430734,-2.16149,9.5169,1597512109076877312_camera_0.jpg
2.16555,3.51768,8.85189,1597512109274881536_camera_0.jpg
-0.462821,1.23848,9.69638,1597512109472885760_camera_0.jpg
0.165624,-3.44631,9.13522,1597512109673890048_camera_0.jpg
1.12807,-4.23874,8.77772,1597512109874894336_camera_0.jpg
-1.79792,-0.853722,9.6259,1597512110072898560_camera_0.jpg
-2.15307,0.022751,9.6535,1597512110273902848_camera_0.jpg
-4.25228,0.153598,8.8343,1597512110474907136_camera_0.jpg
-0.290525,0.480114,9.8061,1597512110675911424_camera_0.jpg
-3.82837,-2.81176,8.63209,1597512110879915776_camera_0.jpg
-3.35069,-1.28491,9.0824,1597512111080920064_camera_0.jpg
-0.158204,4.66592,8.62932,1597512111281924352_camera_0.jpg
2.61782,0.616077,9.41527,1597512111482928640_camera_0.jpg
-3.36406,-3.49251,8.49232,1597512111680932864_camera_0.jpg
4.87729,-0.559686,8.44616,1597512111881937152_camera_0.jpg
-2.17941,-1.62903,9.43494,1597512112082941440_camera_0.jpg
-4.8178,3.99199,7.49893,1597512112283945728_camera_0.jpg
0.771161,2.7548,9.34526,1597512112484950016_camera_0.jpg
-3.04384,-2.82859,8.82801,1597512112685954304_camera_0.jpg
2.692,-3.31367,8.76635,1597512112886958592_camera_0.jpg
4.33709,2.1914,8.43702,1597512113087962880_camera_0.jpg
2.40322,0.647353,9.51777,1597512113288967168_camera_0.jpg
-4.67111,-3.31768,7.94211,1597512113486971392_camera_0.jpg
2.67854,4.13693,8.51684,1597512113687975680_camera_0.jpg
-2.25066,-3.38742,8.9022,1597512113888979968_camera_0.jpg
1.14626,-0.610219,9.71554,1597512114089984256_camera_0.jpg
4.74612,2.9579,8.04628,1597512114290988544_camera_0.jpg
3.32985,-3.90841,8.35486,1597512114491992832_camera_0.jpg
0.400243,1.89846,9.63179,1597512114692997120_camera_0.jpg
0.0809264,1.92035,9.57071,1597512114894001408_camera_0.jpg
4.3781,-0.879874,8.70107,1597512115095005696_camera_0.jpg
1.11597,1.8939,9.59642,1597512115296009984_camera_0.jpg
-0.328059,-1.06088,9.76347,1597512115497014272_camera_0.jpg
-0.0148748,-2.14076,9.53489,1597512115698018560_camera_0.jpg
1.53979,-2.52832,9.37356,1597512115899022848_camera_0.jpg
-2.97172,0.816544,9.34548,1597512116097027072_camera_0.jpg
-4.68684,0.243925,8.58741,1597512116298031360_camera_0.jpg
2.77174,3.47965,8.68612,1597512116499035648_camera_0.jpg
3.72596,-2.53688,8.68815,1597512116703040000_camera_0.jpg
-3.02765,-4.32038,8.30313,1597512116904044288_camera_0.jpg
-0.844863,-0.541854,9.75001,1597512117105048576_camera_0.jpg
2.49564,-0.642879,9.40622,1597512117306052864_camera_0.jpg
-0.330765,0.555507,9.77945,1597512117507057152_camera_0.jpg
-1.88136,0.32893,9.70231,1597512117708061440_camera_0.jpg
4.27214,-3.84893,7.93126,1597512117906065664_camera_0.jpg
-4.34836,-3.02102,8.21521,1597512118104069888_camera_0.jpg
3.16523,2.18236,8.95739,1597512118302074112_camera_0.jpg
4.07579,0.401953,8.89291,1597512118500078336_camera_0.jpg
0.00174537,-0.889965,9.74802,1597512118698082560_camera_0.jpg
1.69664,-2.87387,9.23944,1597512118899086848_camera_0.jpg
-4.10398,-1.65132,8.75621,1597512119103091200_camera_0.jpg
-4.05366,2.97107,8.45966,1597512119304095488_camera_0.jpg
-3.3718,1.86263,9.09897,1597512119505099776_camera_0.jpg
-2.87884,1.12926,9.28369,1597512119709104128_camera_0.jpg
3.37129,3.7404,8.39216,1597512119910108416_camera_0.jpg
0.0308939,0.229028,9.81132,1597512120111112704_camera_0.jpg
-1.74151,-1.71083,9.46706,1597512120309116928_camera_0.jpg
1.20012,-1.59249,9.58558,1597512120507121152_camera_0.jpg
4.37676,3.90325,7.83385,1597512120708125440_camera_0.jpg
4.52832,2.63524,8.26243,1597512120909129728_camera_0.jpg
-0.553507,0.755621,9.73145,1597512121110134016_camera_0.jpg
1.4764,-4.28208,8.75953,1597512121311138304_camera_0.jpg
4.33209,3.75672,7.89997,1597512121512142592_camera_0.jpg
2.78812,0.2015,9.39724,1597512121713146880_camera_0.jpg
-1.43442,-3.62997,8.93281,1597512121914151168_camera_0.jpg
3.73223,2.40743,8.78282,1597512122115155456_camera_0.jpg
2.71949,-0.861027,9.41945,1597512122316159744_camera_0.jpg
-3.29919,0.262471,9.25922,1597512122517164032_camera_0.jpg
-4.66285,2.24858,8.33174,1597512122718168320_camera_0.jpg
-1.45725,2.00367,9.48308,1597512122919172608_camera_0.jpg
-0.562863,3.17831,9.26376,1597512123120176896_camera_0.jpg
3.49535,-3.65976,8.41066,1597512123321181184_camera_0.jpg
-4.54686,-3.82225,7.79499,1597512123519185408_camera_0.jpg
-3.69844,0.527525,9.06869,1597512123720189696_camera_0.jpg
1.10872,-2.25496,9.48718,1597512123921193984_camera_0.jpg
-4.85478,3.1739,7.97131,1597512124122198272_camera_0.jpg
-2.86214,-2.96797,9.00473,1597512124323202560_camera_0.jpg
-2.59244,-2.36967,9.11875,1597512124524206848_camera_0.jpg
-0.379441,-1.83097,9.63942,1597512124725211136_camera_0.jpg
1.38663,1.3507,9.61674,1597512124923215360_camera_0.jpg
-4.72857,-0.305984,8.66103,1597512125121219584_camera_0.jpg
-2.40907,3.8143,8.81362,1597512125319223808_camera_0.jpg
-2.10038,-2.22603,9.33563,1597512125520228096_camera_0.jpg
-0.211712,-3.27874,9.20533,1597512125721232384_camera_0.jpg
-0.114507,4.30362,8.72964,1597512125919236608_camera_0.jpg
1.37583,2.76499,9.29713,1597512126120240896_camera_0.jpg
-0.0483107,2.74933,9.38568,1597512126321245184_camera_0.jpg
4.17627,-2.5477,8.50071,1597512126522249472_camera_0.jpg
1.78095,4.16673,8.62788,1597512126723253760_camera_0.jpg
0.669187,-2.35011,9.42348,1597512126924258048_camera_0.jpg
-2.25946,-4.38709,8.46935,1597512127125262336_camera_0.jpg
-3.88984,-4.29,7.79623,1597512127326266624_camera_0.jpg
-4.3723,-4.20477,7.7033,1597512127527270912_camera_0.jpg
0.951312,2.09349,9.56085,1597512127728275200_camera_0.jpg
-0.615766,-0.614661,9.78909,1597512127929279488_camera_0.jpg
-1.9156,-1.32366,9.51248,1597512128130283776_camera_0.jpg
-4.61591,-1.51279,8.69143,1597512128331288064_camera_0.jpg
-2.41423,-3.09038,8.91054,1597512128532292352_camera_0.jpg
2.43206,-1.83672,9.23522,1597512128733296640_camera_0.jpg
4.74075,-3.53302,7.77921,1597512128934300928_camera_0.jpg
-4.60428,3.43555,7.96506,1597512129135305216_camera_0.jpg
-0.231476,3.97743,8.98344,1597512129336309504_camera_0.jpg
1.31245,4.3015,8.68064,1597512129537313792_camera_0.jpg
-2.45291,3.52687,8.79955,1597512129738318080_camera_0.jpg
-3.75236,3.69671,8.24661,1597512129939322368_camera_0.jpg
-4.44702,1.45711,8.56834,1597512130140326656_camera_0.jpg
