-0.670595,4.47786,8.7276,2020-10-07-11-33-15_camera_0.jpg
2.12025,3.73887,8.80336,2020-10-07-11-33-15_camera_1.jpg
-0.3586,1.66776,9.65787,2020-10-07-11-33-15_camera_2.jpg
1.92874,0.426319,9.59816,2020-10-07-11-33-15_camera_3.jpg
2.28897,4.37132,8.45266,2020-10-07-11-33-15_camera_4.jpg
-1.50607,3.77545,8.88184,2020-10-07-11-33-15_camera_5.jpg
-0.0914588,4.20442,8.86746,2020-10-07-11-33-15_camera_6.jpg
1.91674,1.76697,9.4649,2020-10-07-11-33-15_camera_7.jpg
0.501184,-1.48139,9.64829,2020-10-07-11-33-15_camera_8.jpg
2.68273,-1.29598,9.31472,2020-10-07-11-33-15_camera_9.jpg
2.73216,1.14039,9.29747,2020-10-07-11-33-15_camera_10.jpg
3.43424,1.81411,8.96928,2020-10-07-11-33-15_camera_11.jpg
3.09591,3.80862,8.46316,2020-10-07-11-33-15_camera_12.jpg
0.684916,3.53898,9.08058,2020-10-07-11-33-15_camera_13.jpg
-2.13357,2.97645,9.11726,2020-10-07-11-33-15_camera_14.jpg
-1.64004,2.81539,9.25624,2020-10-07-11-33-15_camera_15.jpg
1.02153,5.44141,8.10533,2020-10-07-11-33-15_camera_16.jpg
-0.861577,-2.68644,9.40415,2020-10-07-11-33-15_camera_17.jpg
-1.16567,3.49006,9.12695,2020-10-07-11-33-15_camera_18.jpg
3.47281,4.12977,8.23268,2020-10-07-11-33-15_camera_19.jpg
-0.816739,3.97454,8.92002,2020-10-07-11-33-15_camera_20.jpg
4.59162,4.84122,7.28778,2020-10-07-11-33-15_camera_21.jpg
4.33312,5.46578,6.85961,2020-10-07-11-33-15_camera_22.jpg
0.709564,4.97423,8.3624,2020-10-07-11-33-15_camera_23.jpg
0.480009,-2.29421,9.5395,2020-10-07-11-33-15_camera_24.jpg
-1.46243,-3.48755,9.00059,2020-10-07-11-33-15_camera_25.jpg
-0.294004,-4.85166,8.45527,2020-10-07-11-33-15_camera_26.jpg
0.688782,2.15535,9.54896,2020-10-07-11-33-15_camera_27.jpg
-1.34537,2.32891,9.39933,2020-10-07-11-33-15_camera_28.jpg
3.29431,3.63838,8.48492,2020-10-07-11-33-15_camera_29.jpg
3.71453,2.26635,8.76409,2020-10-07-11-33-15_camera_30.jpg
-0.843018,2.59939,9.41596,2020-10-07-11-33-15_camera_31.jpg
-0.97145,-1.298,9.63895,2020-10-07-11-33-15_camera_32.jpg
1.44459,3.85141,8.85553,2020-10-07-11-33-15_camera_33.jpg
3.36815,4.89105,7.78273,2020-10-07-11-33-15_camera_34.jpg
-1.45656,4.76177,8.40977,2020-10-07-11-33-15_camera_35.jpg
3.29726,4.9987,7.76886,2020-10-07-11-33-15_camera_36.jpg
0.126365,4.00599,8.95589,2020-10-07-11-33-15_camera_37.jpg
4.65661,2.37897,8.35826,2020-10-07-11-33-15_camera_38.jpg
-1.90102,4.30408,8.64506,2020-10-07-11-33-15_camera_39.jpg
-2.04987,4.93698,8.28212,2020-10-07-11-33-15_camera_40.jpg
-3.08516,0.142815,9.33009,2020-10-07-11-33-15_camera_41.jpg
0.85446,0.781829,9.73792,2020-10-07-11-33-15_camera_42.jpg
0.523231,4.12078,8.89446,2020-10-07-11-33-15_camera_43.jpg
3.77128,0.447386,9.05777,2020-10-07-11-33-15_camera_44.jpg
1.68295,-4.09637,8.76516,2020-10-07-11-33-15_camera_45.jpg
-1.64708,-3.84286,8.79766,2020-10-07-11-33-15_camera_46.jpg
-4.4813,-0.507033,8.82141,2020-10-07-11-33-15_camera_47.jpg
3.70147,2.69539,8.66213,2020-10-07-11-33-15_camera_48.jpg
-1.69443,-3.91363,8.84627,2020-10-07-11-33-15_camera_49.jpg
3.66585,-2.20005,8.80198,2020-10-07-11-33-15_camera_50.jpg
2.85606,3.14617,8.81722,2020-10-07-11-33-15_camera_51.jpg
2.70166,4.35115,8.31908,2020-10-07-11-33-15_camera_52.jpg
-0.41955,5.01416,8.47207,2020-10-07-11-33-15_camera_53.jpg
-1.52337,5.24761,8.20418,2020-10-07-11-33-15_camera_54.jpg
2.18197,3.96162,8.69005,2020-10-07-11-33-15_camera_55.jpg
0.0798223,-2.33181,9.51233,2020-10-07-11-33-15_camera_56.jpg
3.21659,-1.16007,9.20753,2020-10-07-11-33-15_camera_57.jpg
-0.353351,4.91216,8.48948,2020-10-07-11-33-15_camera_58.jpg
3.86214,-2.54503,8.71537,2020-10-07-11-33-15_camera_59.jpg
5.85367,-2.21947,7.6288,2020-10-07-11-33-15_camera_60.jpg
-1.09892,-4.03323,8.83785,2020-10-07-11-33-15_camera_61.jpg
1.10524,1.55494,9.57865,2020-10-07-11-33-15_camera_62.jpg
4.08754,1.26011,8.80679,2020-10-07-11-33-15_camera_63.jpg
0.327295,-0.903312,9.75779,2020-10-07-11-33-15_camera_64.jpg
-2.32216,-2.67386,9.14705,2020-10-07-11-33-15_camera_65.jpg
-2.82608,0.261187,9.32886,2020-10-07-11-33-15_camera_66.jpg
0.322141,2.90948,9.36929,2020-10-07-11-33-15_camera_67.jpg
0.684819,5.4406,8.03732,2020-10-07-11-33-15_camera_68.jpg
0.442979,3.49465,9.15728,2020-10-07-11-33-15_camera_69.jpg
2.22718,2.25717,9.26331,2020-10-07-11-33-15_camera_70.jpg
-1.75042,3.77409,8.88892,2020-10-07-11-33-15_camera_71.jpg
0.0317455,5.98464,7.82629,2020-10-07-11-33-15_camera_72.jpg
2.86922,2.94302,8.83216,2020-10-07-11-33-15_camera_73.jpg
1.37498,-0.589454,9.6966,2020-10-07-11-33-15_camera_74.jpg
0.435763,-5.53466,8.10432,2020-10-07-11-33-15_camera_75.jpg
3.71917,-5.10326,7.51926,2020-10-07-11-33-15_camera_76.jpg
-0.556409,-5.71842,7.9034,2020-10-07-11-33-15_camera_77.jpg
-2.22104,5.66055,7.62319,2020-10-07-11-33-15_camera_78.jpg
1.96401,0.342381,9.58489,2020-10-07-11-33-15_camera_79.jpg
2.64991,3.92752,8.58267,2020-10-07-11-33-15_camera_80.jpg
-1.27122,4.9514,8.37409,2020-10-07-11-33-15_camera_81.jpg
2.51474,6.26806,7.28204,2020-10-07-11-33-15_camera_82.jpg
-1.65717,5.50217,7.94778,2020-10-07-11-33-15_camera_83.jpg
-1.20972,3.4315,8.99914,2020-10-07-11-33-15_camera_84.jpg
2.49491,3.79739,8.65208,2020-10-07-11-33-15_camera_85.jpg
-0.261231,5.29753,8.19841,2020-10-07-11-33-15_camera_86.jpg
-4.34459,-3.81499,7.94253,2020-10-07-11-33-15_camera_87.jpg
-0.540766,3.28217,9.19671,2020-10-07-11-33-15_camera_88.jpg
-3.02319,3.303,8.68793,2020-10-07-11-33-15_camera_89.jpg
2.30667,4.3077,8.55045,2020-10-07-11-33-15_camera_90.jpg
-3.29714,-3.29408,8.60112,2020-10-07-11-33-15_camera_91.jpg
2.84232,1.75449,9.24163,2020-10-07-11-33-15_camera_92.jpg
3.53415,2.5944,8.72555,2020-10-07-11-33-15_camera_93.jpg
-3.62512,2.53669,8.78142,2020-10-07-11-33-15_camera_94.jpg
1.61734,4.818,8.38789,2020-10-07-11-33-15_camera_95.jpg
-2.01196,4.90625,8.34102,2020-10-07-11-33-15_camera_96.jpg
-3.01856,-0.226238,9.28945,2020-10-07-11-33-15_camera_97.jpg
-3.56066,-4.16497,7.95965,2020-10-07-11-33-15_camera_98.jpg
1.56802,-1.51924,9.5124,2020-10-07-11-33-15_camera_99.jpg
1.21096,4.21662,8.6962,2020-10-07-11-33-15_camera_100.jpg
2.98358,-3.20618,8.79026,2020-10-07-11-33-15_camera_101.jpg
-2.34243,-3.86575,8.68166,2020-10-07-11-33-15_camera_102.jpg
0.0542697,4.0905,8.97284,2020-10-07-11-33-15_camera_103.jpg
-1.38466,-3.31257,9.10405,2020-10-07-11-33-15_camera_104.jpg
3.34455,-4.25745,8.14131,2020-10-07-11-33-15_camera_105.jpg
3.96194,-1.88869,8.71831,2020-10-07-11-33-15_camera_106.jpg
-2.69368,-0.442057,9.4145,2020-10-07-11-33-15_camera_107.jpg
2.7089,2.40504,9.08786,2020-10-07-11-33-15_camera_108.jpg
-2.10986,4.98289,8.17045,2020-10-07-11-33-15_camera_109.jpg
2.90339,5.3806,7.70195,2020-10-07-11-33-15_camera_110.jpg
0.435905,2.05858,9.5448,2020-10-07-11-33-15_camera_111.jpg
-1.03475,3.84905,8.97383,2020-10-07-11-33-15_camera_112.jpg
2.99791,1.71072,9.19564,2020-10-07-11-33-15_camera_113.jpg
-2.863,4.23517,8.35991,2020-10-07-11-33-15_camera_114.jpg
0.482129,1.31141,9.69116,2020-10-07-11-33-15_camera_115.jpg
-3.02928,-2.84182,8.84947,2020-10-07-11-33-15_camera_116.jpg
-0.84208,4.18532,8.79287,2020-10-07-11-33-15_camera_117.jpg
2.50532,4.33006,8.41232,2020-10-07-11-33-15_camera_118.jpg
-1.80858,-0.257258,9.6364,2020-10-07-11-33-15_camera_119.jpg
3.06142,1.19346,9.23466,2020-10-07-11-33-15_camera_120.jpg
3.89782,1.15785,8.8909,2020-10-07-11-33-15_camera_121.jpg
0.304153,4.28684,8.83762,2020-10-07-11-33-15_camera_122.jpg
-0.626048,-4.40626,8.72843,2020-10-07-11-33-15_camera_123.jpg
2.44059,-3.87534,8.62015,2020-10-07-11-33-15_camera_124.jpg
2.20822,3.47841,8.86109,2020-10-07-11-33-15_camera_125.jpg
0.468509,5.23831,8.32016,2020-10-07-11-33-15_camera_126.jpg
-2.82,4.28381,8.38193,2020-10-07-11-33-15_camera_127.jpg
0.0364284,3.10587,9.26846,2020-10-07-11-33-15_camera_128.jpg
1.24816,0.429701,9.71542,2020-10-07-11-33-15_camera_129.jpg
2.94269,4.4834,8.29612,2020-10-07-11-33-15_camera_130.jpg
-2.68924,-1.60342,9.30858,2020-10-07-11-33-15_camera_131.jpg
1.16376,2.8199,9.31424,2020-10-07-11-33-15_camera_132.jpg
3.60867,-2.17052,8.9075,2020-10-07-11-33-15_camera_133.jpg
0.30745,-3.23178,9.2409,2020-10-07-11-33-15_camera_134.jpg
2.48949,5.05767,8.0433,2020-10-07-11-33-15_camera_135.jpg
-2.01678,4.16303,8.64388,2020-10-07-11-33-15_camera_136.jpg
3.48483,4.33277,8.0744,2020-10-07-11-33-15_camera_137.jpg
-0.353149,-2.20221,9.50925,2020-10-07-11-33-15_camera_138.jpg
-2.45869,3.62526,8.72864,2020-10-07-11-33-15_camera_139.jpg
-4.30903,2.67517,8.40114,2020-10-07-11-33-15_camera_140.jpg
3.7721,3.71609,8.31639,2020-10-07-11-33-15_camera_141.jpg
3.70152,-2.56135,8.70742,2020-10-07-11-33-15_camera_142.jpg
2.30224,1.89558,9.34591,2020-10-07-11-33-15_camera_143.jpg
-0.398676,4.0811,8.88406,2020-10-07-11-33-15_camera_144.jpg
-1.11407,-3.75991,8.96517,2020-10-07-11-33-15_camera_145.jpg
2.83606,-3.70325,8.66029,2020-10-07-11-33-15_camera_146.jpg
-1.70161,-5.485,8.14668,2020-10-07-11-33-15_camera_147.jpg
1.2381,4.5059,8.66689,2020-10-07-11-33-15_camera_148.jpg
-2.09955,4.02545,8.68154,2020-10-07-11-33-15_camera_149.jpg
3.08026,4.42071,8.19083,2020-10-07-11-33-15_camera_150.jpg
-0.51492,5.70165,7.95253,2020-10-07-11-33-15_camera_151.jpg
-2.07671,-2.76891,9.12427,2020-10-07-11-33-15_camera_152.jpg
-0.25001,-4.70976,8.49135,2020-10-07-11-33-15_camera_153.jpg
4.20933,-5.00468,7.24097,2020-10-07-11-33-15_camera_154.jpg
0.596093,3.97073,8.97945,2020-10-07-11-33-15_camera_155.jpg
4.41584,3.72613,7.92756,2020-10-07-11-33-15_camera_156.jpg
-3.09822,0.852362,9.25435,2020-10-07-11-33-15_camera_157.jpg
-2.0377,4.27154,8.51984,2020-10-07-11-33-15_camera_158.jpg
2.81044,3.68033,8.57278,2020-10-07-11-33-15_camera_159.jpg
1.43986,-2.45087,9.40619,2020-10-07-11-33-15_camera_160.jpg
3.57272,-1.72339,8.94535,2020-10-07-11-33-15_camera_161.jpg
2.77399,-3.07395,8.86091,2020-10-07-11-33-15_camera_162.jpg
1.39888,-5.11804,8.30392,2020-10-07-11-33-15_camera_163.jpg
-0.369497,4.16234,8.88423,2020-10-07-11-33-15_camera_164.jpg
2.83742,4.12624,8.47604,2020-10-07-11-33-15_camera_165.jpg
4.29866,-2.74808,8.35154,2020-10-07-11-33-15_camera_166.jpg
-1.61938,-3.00879,9.16503,2020-10-07-11-33-15_camera_167.jpg
-0.0795256,1.58999,9.67789,2020-10-07-11-33-15_camera_168.jpg
2.56406,-4.30887,8.49277,2020-10-07-11-33-15_camera_169.jpg
3.86484,-4.4609,7.8919,2020-10-07-11-33-15_camera_170.jpg
-0.216585,-2.60539,9.44091,2020-10-07-11-33-15_camera_171.jpg
-0.198259,-4.67877,8.6414,2020-10-07-11-33-15_camera_172.jpg
1.84501,4.01961,8.83391,2020-10-07-11-33-15_camera_173.jpg
0.37201,-0.272243,9.77428,2020-10-07-11-33-15_camera_174.jpg
0.367514,2.45065,9.50146,2020-10-07-11-33-15_camera_175.jpg
0.563251,-1.06664,9.72813,2020-10-07-11-33-15_camera_176.jpg
2.99775,-1.45003,9.21823,2020-10-07-11-33-15_camera_177.jpg
-0.735888,1.22729,9.7037,2020-10-07-11-33-15_camera_178.jpg
3.41145,2.22923,8.93327,2020-10-07-11-33-15_camera_179.jpg
-2.27449,3.21952,8.95204,2020-10-07-11-33-15_camera_180.jpg
-1.48447,3.35307,9.04287,2020-10-07-11-33-15_camera_181.jpg
-3.63112,-0.526784,9.10476,2020-10-07-11-33-15_camera_182.jpg
2.28356,1.44238,9.395,2020-10-07-11-33-15_camera_183.jpg
3.18739,1.77567,9.13496,2020-10-07-11-33-15_camera_184.jpg
1.24769,3.83126,8.92623,2020-10-07-11-33-15_camera_185.jpg
4.11782,0.472052,8.91762,2020-10-07-11-33-15_camera_186.jpg
0.711959,2.98002,9.32684,2020-10-07-11-33-15_camera_187.jpg
-2.30987,-3.27309,8.89597,2020-10-07-11-33-15_camera_188.jpg
-0.140806,0.456843,9.77827,2020-10-07-11-33-15_camera_189.jpg
0.112749,2.19164,9.54384,2020-10-07-11-33-15_camera_190.jpg
3.09557,4.18998,8.24952,2020-10-07-11-33-15_camera_191.jpg
0.544486,3.56274,9.15051,2020-10-07-11-33-15_camera_192.jpg
3.40893,4.12466,8.19857,2020-10-07-11-33-15_camera_193.jpg
-0.605244,4.07914,8.80165,2020-10-07-11-33-15_camera_194.jpg
-2.53152,-4.42494,8.52338,2020-10-07-11-33-15_camera_195.jpg
4.84074,-2.41244,8.12738,2020-10-07-11-33-15_camera_196.jpg
0.933588,-3.20384,9.26575,2020-10-07-11-33-15_camera_197.jpg
-1.27855,2.98467,9.2698,2020-10-07-11-33-15_camera_198.jpg
1.29224,4.23592,8.71813,2020-10-07-11-33-15_camera_199.jpg
-2.15473,3.25204,9.00399,2020-10-07-11-33-15_camera_200.jpg
-3.11283,-3.14063,8.76948,2020-10-07-11-33-15_camera_201.jpg
1.80199,-2.92799,9.18106,2020-10-07-11-33-15_camera_202.jpg
2.53301,-2.02119,9.21358,2020-10-07-11-33-15_camera_203.jpg
4.2566,-1.85268,8.62543,2020-10-07-11-33-15_camera_204.jpg
-3.70465,-0.478052,9.06703,2020-10-07-11-33-15_camera_205.jpg
-3.12464,-2.38871,8.97068,2020-10-07-11-33-15_camera_206.jpg
0.41686,0.988742,9.73497,2020-10-07-11-33-15_camera_207.jpg
-0.125533,-1.75152,9.61513,2020-10-07-11-33-15_camera_208.jpg
2.67084,-2.88397,9.02649,2020-10-07-11-33-15_camera_209.jpg
-1.23248,-3.17089,9.1644,2020-10-07-11-33-15_camera_210.jpg
-0.297694,3.70522,9.09072,2020-10-07-11-33-15_camera_211.jpg
1.05434,0.642824,9.69713,2020-10-07-11-33-15_camera_212.jpg
-2.16732,2.73504,9.23937,2020-10-07-11-33-15_camera_213.jpg
1.32254,2.26301,9.40104,2020-10-07-11-33-15_camera_214.jpg
0.788276,-2.31284,9.51026,2020-10-07-11-33-15_camera_215.jpg
3.52765,0.136109,9.17822,2020-10-07-11-33-15_camera_216.jpg
0.0580334,-0.339753,9.7852,2020-10-07-11-33-15_camera_217.jpg
-0.10781,2.34598,9.4804,2020-10-07-11-33-15_camera_218.jpg
-2.40252,0.746644,9.52766,2020-10-07-11-33-15_camera_219.jpg
-1.28827,3.82988,8.9492,2020-10-07-11-33-15_camera_220.jpg
1.7057,3.45807,9.0014,2020-10-07-11-33-15_camera_221.jpg
3.30721,-3.02701,8.68515,2020-10-07-11-33-15_camera_222.jpg
-1.77698,-2.89969,9.23996,2020-10-07-11-33-15_camera_223.jpg
0.576591,3.15279,9.26803,2020-10-07-11-33-15_camera_224.jpg
1.008,5.193,8.2869,2020-10-07-11-33-15_camera_225.jpg
3.31185,4.81696,7.84156,2020-10-07-11-33-15_camera_226.jpg
-1.40187,-0.507098,9.69218,2020-10-07-11-33-15_camera_227.jpg
-2.25179,-2.6048,9.14638,2020-10-07-11-33-15_camera_228.jpg
-0.894013,2.88388,9.31719,2020-10-07-11-33-15_camera_229.jpg
3.19863,1.17884,9.19002,2020-10-07-11-33-15_camera_230.jpg
0.461834,4.00802,8.91865,2020-10-07-11-33-15_camera_231.jpg
4.18857,3.01116,8.36358,2020-10-07-11-33-15_camera_232.jpg
0.741305,5.03758,8.40344,2020-10-07-11-33-15_camera_233.jpg
-3.15925,-2.7232,8.88634,2020-10-07-11-33-15_camera_234.jpg
-1.60729,3.42682,8.97259,2020-10-07-11-33-15_camera_235.jpg
-0.902861,1.38697,9.64584,2020-10-07-11-33-15_camera_236.jpg
0.838157,0.338279,9.7441,2020-10-07-11-33-15_camera_237.jpg
2.22113,-1.16356,9.50386,2020-10-07-11-33-15_camera_238.jpg
1.09159,1.34181,9.65234,2020-10-07-11-33-15_camera_239.jpg
1.09877,3.00551,9.25162,2020-10-07-11-33-15_camera_240.jpg
-0.542976,-3.01549,9.3279,2020-10-07-11-33-15_camera_241.jpg
-0.183408,0.240135,9.77288,2020-10-07-11-33-15_camera_242.jpg
0.662924,2.90115,9.29333,2020-10-07-11-33-15_camera_243.jpg
-1.73296,-2.93472,9.20325,2020-10-07-11-33-15_camera_244.jpg
3.13681,3.14139,8.69288,2020-10-07-11-33-15_camera_245.jpg
1.03946,3.51581,9.06241,2020-10-07-11-33-15_camera_246.jpg
2.95384,-2.46231,8.95527,2020-10-07-11-33-15_camera_247.jpg
-0.0404873,1.49365,9.68624,2020-10-07-11-33-15_camera_248.jpg
1.76753,-0.822231,9.58967,2020-10-07-11-33-15_camera_249.jpg
2.97616,-2.15919,9.09199,2020-10-07-11-33-15_camera_250.jpg
-0.6945,3.61675,9.15717,2020-10-07-11-33-15_camera_251.jpg
0.318378,2.14978,9.56556,2020-10-07-11-33-15_camera_252.jpg
1.34623,3.13079,9.15623,2020-10-07-11-33-15_camera_253.jpg
-2.11824,-0.166617,9.54919,2020-10-07-11-33-15_camera_254.jpg
0.482798,3.44665,9.16536,2020-10-07-11-33-15_camera_255.jpg
0.455636,3.97363,8.8805,2020-10-07-11-33-15_camera_256.jpg
0.380687,3.31618,9.22963,2020-10-07-11-33-15_camera_257.jpg
3.19674,0.965298,9.2781,2020-10-07-11-33-15_camera_258.jpg
-2.53859,-4.19443,8.40914,2020-10-07-11-33-15_camera_259.jpg
-1.41854,-0.593749,9.67779,2020-10-07-11-33-15_camera_260.jpg
-1.24801,3.18435,9.18763,2020-10-07-11-33-15_camera_261.jpg
-2.33073,1.41412,9.38845,2020-10-07-11-33-15_camera_262.jpg
1.41252,1.84206,9.49294,2020-10-07-11-33-15_camera_263.jpg
-0.267521,-0.897369,9.74846,2020-10-07-11-33-15_camera_264.jpg
-0.346808,3.55333,9.12333,2020-10-07-11-33-15_camera_265.jpg
2.41289,3.44693,8.84403,2020-10-07-11-33-15_camera_266.jpg
-0.533927,3.00026,9.32231,2020-10-07-11-33-15_camera_267.jpg
-0.192254,0.213887,9.79013,2020-10-07-11-33-15_camera_268.jpg
2.33643,-1.56073,9.39696,2020-10-07-11-33-15_camera_269.jpg
-1.47516,-2.99468,9.1946,2020-10-07-11-33-15_camera_270.jpg
0.817761,3.48645,9.12605,2020-10-07-11-33-15_camera_271.jpg
-0.576806,4.83039,8.45631,2020-10-07-11-33-15_camera_272.jpg
1.51215,0.853988,9.61878,2020-10-07-11-33-15_camera_273.jpg
-2.74472,0.20962,9.42175,2020-10-07-11-33-15_camera_274.jpg
1.46606,2.06499,9.47486,2020-10-07-11-33-15_camera_275.jpg
1.41214,-3.94344,8.91197,2020-10-07-11-33-15_camera_276.jpg
3.43594,-3.56138,8.47695,2020-10-07-11-33-15_camera_277.jpg
-0.0148702,4.59397,8.61424,2020-10-07-11-33-15_camera_278.jpg
3.17443,4.83368,7.9867,2020-10-07-11-33-15_camera_279.jpg
0.321632,4.78559,8.59257,2020-10-07-11-33-15_camera_280.jpg
-2.77451,-2.92447,8.96648,2020-10-07-11-33-15_camera_281.jpg
0.174677,1.45279,9.68918,2020-10-07-11-33-15_camera_282.jpg
2.20159,2.85503,9.09959,2020-10-07-11-33-15_camera_283.jpg
0.535268,3.07728,9.25488,2020-10-07-11-33-15_camera_284.jpg
-1.5256,-3.49497,9.05752,2020-10-07-11-33-15_camera_285.jpg
-1.41201,3.98366,8.82057,2020-10-07-11-33-15_camera_286.jpg
2.02028,4.81669,8.34858,2020-10-07-11-33-15_camera_287.jpg
1.19971,3.75085,8.91918,2020-10-07-11-33-15_camera_288.jpg
4.02931,2.25558,8.66153,2020-10-07-11-33-15_camera_289.jpg
4.30239,-0.600215,8.7373,2020-10-07-11-33-15_camera_290.jpg
1.54374,2.68618,9.29104,2020-10-07-11-33-15_camera_291.jpg
-2.32959,0.531037,9.47695,2020-10-07-11-33-15_camera_292.jpg
-3.20726,-3.13609,8.76622,2020-10-07-11-33-15_camera_293.jpg
2.65425,3.46749,8.72929,2020-10-07-11-33-15_camera_294.jpg
-1.41686,4.79448,8.41166,2020-10-07-11-33-15_camera_295.jpg
2.948,1.45292,9.22573,2020-10-07-11-33-15_camera_296.jpg
4.95938,-1.72881,8.28519,2020-10-07-11-33-15_camera_297.jpg
4.13756,-3.80174,8.01951,2020-10-07-11-33-15_camera_298.jpg
-0.22652,-4.589,8.62978,2020-10-07-11-33-15_camera_299.jpg
4.65408,-4.00306,7.54735,2020-10-07-11-33-15_camera_300.jpg
1.11496,-3.30244,9.17845,2020-10-07-11-33-15_camera_301.jpg
-0.0440109,2.30494,9.51703,2020-10-07-11-33-15_camera_302.jpg
-1.48874,2.66284,9.32779,2020-10-07-11-33-15_camera_303.jpg
-0.713934,4.31019,8.79928,2020-10-07-11-33-15_camera_304.jpg
2.52248,2.80768,9.0415,2020-10-07-11-33-15_camera_305.jpg
-3.33601,1.20376,9.10827,2020-10-07-11-33-15_camera_306.jpg
-0.250246,2.32816,9.51478,2020-10-07-11-33-15_camera_307.jpg
2.17698,2.34101,9.24665,2020-10-07-11-33-15_camera_308.jpg
-1.2287,3.14251,9.25227,2020-10-07-11-33-15_camera_309.jpg
-0.0864283,2.09906,9.5524,2020-10-07-11-33-15_camera_310.jpg
-0.611975,2.82693,9.3405,2020-10-07-11-33-15_camera_311.jpg
-0.0444807,3.88321,9.02586,2020-10-07-11-33-15_camera_312.jpg
1.04482,-0.798554,9.72238,2020-10-07-11-33-15_camera_313.jpg
0.259187,0.776686,9.75246,2020-10-07-11-33-15_camera_314.jpg
-0.304229,2.13224,9.55132,2020-10-07-11-33-15_camera_315.jpg
2.80548,2.53496,9.05213,2020-10-07-11-33-15_camera_316.jpg
0.535904,3.07766,9.30964,2020-10-07-11-33-15_camera_317.jpg
2.70926,2.80229,8.93622,2020-10-07-11-33-15_camera_318.jpg
-0.349888,3.90785,9.08923,2020-10-07-11-33-15_camera_319.jpg
-2.75868,-2.12486,9.1399,2020-10-07-11-33-15_camera_320.jpg
0.0415286,3.03855,9.30718,2020-10-07-11-33-15_camera_321.jpg
-1.55823,-1.55417,9.50317,2020-10-07-11-33-15_camera_322.jpg
1.85006,-1.5883,9.51806,2020-10-07-11-33-15_camera_323.jpg
-0.814193,-2.75124,9.39825,2020-10-07-11-33-15_camera_324.jpg
-0.816624,1.06163,9.71949,2020-10-07-11-33-15_camera_325.jpg
0.979253,0.861245,9.7043,2020-10-07-11-33-15_camera_326.jpg
-0.570783,3.87004,8.99466,2020-10-07-11-33-15_camera_327.jpg
-2.2161,-3.65748,8.83333,2020-10-07-11-33-15_camera_328.jpg
1.21129,-2.79874,9.28434,2020-10-07-11-33-15_camera_329.jpg
3.41289,1.70507,9.00429,2020-10-07-11-33-15_camera_330.jpg
2.69622,4.61779,8.22174,2020-10-07-11-33-15_camera_331.jpg
3.74089,2.09671,8.83891,2020-10-07-11-33-15_camera_332.jpg
1.67754,0.616213,9.63906,2020-10-07-11-33-15_camera_333.jpg
0.730657,2.2877,9.47148,2020-10-07-11-33-15_camera_334.jpg
-0.588865,1.76068,9.60407,2020-10-07-11-33-15_camera_335.jpg
2.2025,2.52021,9.21045,2020-10-07-11-33-15_camera_336.jpg
1.11563,1.90999,9.51692,2020-10-07-11-33-15_camera_337.jpg
2.45463,-0.499183,9.5244,2020-10-07-11-33-15_camera_338.jpg
-0.738801,3.57634,9.08297,2020-10-07-11-33-15_camera_339.jpg
2.80963,2.02038,9.13577,2020-10-07-11-33-15_camera_340.jpg
0.275854,3.83094,9.03346,2020-10-07-11-33-15_camera_341.jpg
3.13858,3.78171,8.54612,2020-10-07-11-33-15_camera_342.jpg
-1.82279,-2.87968,9.21413,2020-10-07-11-33-15_camera_343.jpg
1.44629,0.220484,9.70141,2020-10-07-11-33-15_camera_344.jpg
2.74762,0.458257,9.3535,2020-10-07-11-33-15_camera_345.jpg
2.4553,-2.11765,9.23982,2020-10-07-11-33-15_camera_346.jpg
0.280836,3.72752,9.07665,2020-10-07-11-33-15_camera_347.jpg
-2.84818,-3.74327,8.60888,2020-10-07-11-33-15_camera_348.jpg
0.378118,-0.645006,9.782,2020-10-07-11-33-15_camera_349.jpg
-2.84022,-1.39086,9.29865,2020-10-07-11-33-15_camera_350.jpg
-2.00533,3.62027,8.87685,2020-10-07-11-33-15_camera_351.jpg
1.25231,-0.302823,9.71256,2020-10-07-11-33-15_camera_352.jpg
-1.55248,-0.00448504,9.68228,2020-10-07-11-33-15_camera_353.jpg
-3.11874,-1.68108,9.16955,2020-10-07-11-33-15_camera_354.jpg
-0.984715,2.08805,9.48302,2020-10-07-11-33-15_camera_355.jpg
0.734732,1.32368,9.63229,2020-10-07-11-33-15_camera_356.jpg
2.80707,0.0307283,9.39934,2020-10-07-11-33-15_camera_357.jpg
0.34004,1.55885,9.6774,2020-10-07-11-33-15_camera_358.jpg
2.75216,-2.30882,9.15229,2020-10-07-11-33-15_camera_359.jpg
0.386885,-4.28593,8.80505,2020-10-07-11-33-15_camera_360.jpg
-1.60201,-4.5054,8.49528,2020-10-07-11-33-15_camera_361.jpg
3.16229,-2.16236,9.02069,2020-10-07-11-33-15_camera_362.jpg
-2.36765,1.50056,9.41988,2020-10-07-11-33-15_camera_363.jpg
-1.18077,4.49023,8.70062,2020-10-07-11-33-15_camera_364.jpg
3.02282,4.34454,8.31061,2020-10-07-11-33-15_camera_365.jpg
-3.19429,0.261976,9.26397,2020-10-07-11-33-15_camera_366.jpg
-2.65139,-1.88428,9.21572,2020-10-07-11-33-15_camera_367.jpg
-0.811152,2.22479,9.49281,2020-10-07-11-33-15_camera_368.jpg
-1.68989,0.762126,9.61399,2020-10-07-11-33-15_camera_369.jpg
0.908151,3.20731,9.25258,2020-10-07-11-33-15_camera_370.jpg
3.41171,1.95954,8.87956,2020-10-07-11-33-15_camera_371.jpg
-1.17504,-3.53002,9.06168,2020-10-07-11-33-15_camera_372.jpg
0.961645,3.91339,8.80672,2020-10-07-11-33-15_camera_373.jpg
-1.31597,3.84693,8.88135,2020-10-07-11-33-15_camera_374.jpg
-0.778503,4.3705,8.71094,2020-10-07-11-33-15_camera_375.jpg
2.40047,1.81181,9.34861,2020-10-07-11-33-15_camera_376.jpg
4.48412,0.64031,8.68848,2020-10-07-11-33-15_camera_377.jpg
1.17222,2.45754,9.4138,2020-10-07-11-33-15_camera_378.jpg
0.0655697,4.08576,8.89075,2020-10-07-11-33-15_camera_379.jpg
-3.2346,-3.51539,8.59237,2020-10-07-11-33-15_camera_380.jpg
0.253601,2.12803,9.5642,2020-10-07-11-33-15_camera_381.jpg
0.428551,4.3498,8.73538,2020-10-07-11-33-15_camera_382.jpg
-2.73099,-4.11052,8.4483,2020-10-07-11-33-15_camera_383.jpg
-1.05741,1.56367,9.62397,2020-10-07-11-33-15_camera_384.jpg
-2.24597,3.18828,9.02433,2020-10-07-11-33-15_camera_385.jpg
1.02277,0.0115975,9.74676,2020-10-07-11-33-15_camera_386.jpg
1.25472,2.72055,9.31585,2020-10-07-11-33-15_camera_387.jpg
-1.87913,1.05411,9.55664,2020-10-07-11-33-15_camera_388.jpg
-1.7795,-4.49609,8.50367,2020-10-07-11-33-15_camera_389.jpg
-3.25241,-2.81979,8.77205,2020-10-07-11-33-15_camera_390.jpg
-1.17057,3.81695,8.97134,2020-10-07-11-33-15_camera_391.jpg
-1.23343,2.37732,9.43166,2020-10-07-11-33-15_camera_392.jpg
-1.15859,-3.27989,9.14653,2020-10-07-11-33-15_camera_393.jpg
0.53365,3.5424,9.08305,2020-10-07-11-33-15_camera_394.jpg
0.536662,2.36476,9.49809,2020-10-07-11-33-15_camera_395.jpg
0.278758,3.35493,9.14061,2020-10-07-11-33-15_camera_396.jpg
2.44086,4.48762,8.36578,2020-10-07-11-33-15_camera_397.jpg
-2.16214,-0.618014,9.51904,2020-10-07-11-33-15_camera_398.jpg
1.18249,5.19225,8.21343,2020-10-07-11-33-15_camera_399.jpg
-3.45029,1.99517,8.98392,2020-10-07-11-33-15_camera_400.jpg
0.9595,2.33317,9.46435,2020-10-07-11-33-15_camera_401.jpg
-0.593186,-3.54696,9.13638,2020-10-07-11-33-15_camera_402.jpg
-2.03559,4.90504,8.19596,2020-10-07-11-33-15_camera_403.jpg
0.0111289,1.48427,9.68406,2020-10-07-11-33-15_camera_404.jpg
-2.10513,-3.17263,8.99323,2020-10-07-11-33-15_camera_405.jpg
3.85245,-2.31693,8.75201,2020-10-07-11-33-15_camera_406.jpg
2.05783,3.97625,8.65783,2020-10-07-11-33-15_camera_407.jpg
0.394761,4.61785,8.65313,2020-10-07-11-33-15_camera_408.jpg
0.746124,4.05031,8.88047,2020-10-07-11-33-15_camera_409.jpg
3.09713,3.37031,8.59198,2020-10-07-11-33-15_camera_410.jpg
-0.580895,4.38569,8.77788,2020-10-07-11-33-15_camera_411.jpg
-2.5001,2.81011,9.09481,2020-10-07-11-33-15_camera_412.jpg
0.819761,1.09602,9.70549,2020-10-07-11-33-15_camera_413.jpg
2.97843,-2.79832,8.92335,2020-10-07-11-33-15_camera_414.jpg
-0.987782,2.71357,9.31737,2020-10-07-11-33-15_camera_415.jpg
0.0444394,3.54679,9.10207,2020-10-07-11-33-15_camera_416.jpg
2.49869,0.365699,9.47801,2020-10-07-11-33-15_camera_417.jpg
1.04346,4.12022,8.81688,2020-10-07-11-33-15_camera_418.jpg
3.54454,4.28293,8.07261,2020-10-07-11-33-15_camera_419.jpg
0.980782,3.05013,9.26096,2020-10-07-11-33-15_camera_420.jpg
3.18704,0.135983,9.25467,2020-10-07-11-33-15_camera_421.jpg
1.288,-2.93133,9.28418,2020-10-07-11-33-15_camera_422.jpg
0.377018,1.2117,9.74386,2020-10-07-11-33-15_camera_423.jpg
0.104841,2.89184,9.35849,2020-10-07-11-33-15_camera_424.jpg
0.0904674,3.69356,9.07912,2020-10-07-11-33-15_camera_425.jpg
2.90232,3.71831,8.57656,2020-10-07-11-33-15_camera_426.jpg
-1.6119,-1.68606,9.52779,2020-10-07-11-33-15_camera_427.jpg
-0.0740338,3.76772,9.05598,2020-10-07-11-33-15_camera_428.jpg
-3.64922,1.95805,8.84834,2020-10-07-11-33-15_camera_429.jpg
-1.6504,4.8601,8.39078,2020-10-07-11-33-15_camera_430.jpg
2.73313,4.11576,8.4404,2020-10-07-11-33-15_camera_431.jpg
0.0646355,-3.35153,9.17614,2020-10-07-11-33-15_camera_432.jpg
2.13302,2.38671,9.24277,2020-10-07-11-33-15_camera_433.jpg
2.12578,-0.433994,9.51821,2020-10-07-11-33-15_camera_434.jpg
-3.12619,-3.47245,8.55331,2020-10-07-11-33-15_camera_435.jpg
-1.41026,4.78168,8.45739,2020-10-07-11-33-15_camera_436.jpg
-0.382734,0.947944,9.75811,2020-10-07-11-33-15_camera_437.jpg
-2.16741,-2.28588,9.25032,2020-10-07-11-33-15_camera_438.jpg
-0.117813,1.08131,9.74142,2020-10-07-11-33-15_camera_439.jpg
-1.00435,3.42073,9.20636,2020-10-07-11-33-15_camera_440.jpg
2.04665,-1.12182,9.537,2020-10-07-11-33-15_camera_441.jpg
3.59387,0.00321218,9.12171,2020-10-07-11-33-15_camera_442.jpg
-0.31431,1.87356,9.61781,2020-10-07-11-33-15_camera_443.jpg
-0.98576,-2.53979,9.43225,2020-10-07-11-33-15_camera_444.jpg
2.21741,-2.72858,9.15801,2020-10-07-11-33-15_camera_445.jpg
-1.02693,-3.17327,9.20257,2020-10-07-11-33-15_camera_446.jpg
-2.84689,2.53519,9.04976,2020-10-07-11-33-15_camera_447.jpg
1.10364,3.54085,9.04195,2020-10-07-11-33-15_camera_448.jpg
1.82293,-1.84756,9.40136,2020-10-07-11-33-15_camera_449.jpg
3.30724,-2.0324,9.03899,2020-10-07-11-33-15_camera_450.jpg
-0.895724,-3.18789,9.19468,2020-10-07-11-33-15_camera_451.jpg
0.68276,2.91075,9.30408,2020-10-07-11-33-15_camera_452.jpg
-1.07821,-1.43272,9.62834,2020-10-07-11-33-15_camera_453.jpg
3.69986,0.702494,9.03494,2020-10-07-11-33-15_camera_454.jpg
0.232767,3.86712,9.02079,2020-10-07-11-33-15_camera_455.jpg
2.95644,4.07763,8.44959,2020-10-07-11-33-15_camera_456.jpg
-0.925147,3.23124,9.27649,2020-10-07-11-33-15_camera_457.jpg
2.31788,3.95494,8.62295,2020-10-07-11-33-15_camera_458.jpg
2.43406,-0.265851,9.53506,2020-10-07-11-33-15_camera_459.jpg
3.48369,-2.14731,8.89138,2020-10-07-11-33-15_camera_460.jpg
4.67933,-3.49116,7.98664,2020-10-07-11-33-15_camera_461.jpg
-2.46069,2.95334,8.99808,2020-10-07-11-33-15_camera_462.jpg
0.433238,1.21487,9.71219,2020-10-07-11-33-15_camera_463.jpg
1.52523,-4.45457,8.6194,2020-10-07-11-33-15_camera_464.jpg
-0.491467,-4.61383,8.61237,2020-10-07-11-33-15_camera_465.jpg
-0.0142504,-0.943132,9.75404,2020-10-07-11-33-15_camera_466.jpg
0.293218,1.62501,9.64023,2020-10-07-11-33-15_camera_467.jpg
0.330534,4.12243,8.98606,2020-10-07-11-33-15_camera_468.jpg
-0.885957,3.75701,9.05022,2020-10-07-11-33-15_camera_469.jpg
2.09692,3.04213,9.08031,2020-10-07-11-33-15_camera_470.jpg
2.14499,-3.12131,8.97415,2020-10-07-11-33-15_camera_471.jpg
-1.65534,-0.581431,9.6323,2020-10-07-11-33-15_camera_472.jpg
0.288004,2.51589,9.46594,2020-10-07-11-33-15_camera_473.jpg
-1.77374,1.65803,9.50393,2020-10-07-11-33-15_camera_474.jpg
-0.176453,5.04366,8.34453,2020-10-07-11-33-15_camera_475.jpg
2.00409,1.79987,9.40334,2020-10-07-11-33-15_camera_476.jpg
-1.50936,-1.34291,9.5966,2020-10-07-11-33-15_camera_477.jpg
0.628095,1.63178,9.6454,2020-10-07-11-33-15_camera_478.jpg
-1.23115,5.67014,7.83969,2020-10-07-11-33-15_camera_479.jpg
-0.541473,2.35222,9.47251,2020-10-07-11-33-15_camera_480.jpg
0.671551,-2.12032,9.54376,2020-10-07-11-33-15_camera_481.jpg
2.5526,-2.66687,9.06315,2020-10-07-11-33-15_camera_482.jpg
-0.43082,-1.04173,9.70245,2020-10-07-11-33-15_camera_483.jpg
-0.686866,1.73881,9.61638,2020-10-07-11-33-15_camera_484.jpg
-1.78852,-2.5914,9.28138,2020-10-07-11-33-15_camera_485.jpg
2.86934,-4.11726,8.4553,2020-10-07-11-33-15_camera_486.jpg
-2.3929,-2.5489,9.14464,2020-10-07-11-33-15_camera_487.jpg
2.3146,3.56398,8.84546,2020-10-07-11-33-15_camera_488.jpg
-0.915229,2.46749,9.4409,2020-10-07-11-33-15_camera_489.jpg
2.5172,-2.0023,9.25093,2020-10-07-11-33-15_camera_490.jpg
-2.14686,-3.28498,9.00086,2020-10-07-11-33-15_camera_491.jpg
-1.69491,3.75403,8.87432,2020-10-07-11-33-15_camera_492.jpg
1.83725,4.49709,8.49845,2020-10-07-11-33-15_camera_493.jpg
-1.00357,-3.24651,9.16253,2020-10-07-11-33-15_camera_494.jpg
2.57191,-2.59513,9.07357,2020-10-07-11-33-15_camera_495.jpg
-2.98069,-0.232262,9.32344,2020-10-07-11-33-15_camera_496.jpg
-2.47627,-2.90296,9.00567,2020-10-07-11-33-15_camera_497.jpg
-0.398927,5.13849,8.3298,2020-10-07-11-33-15_camera_498.jpg
2.95078,4.86024,8.09376,2020-10-07-11-33-15_camera_499.jpg
-0.874106,4.25622,8.75881,2020-10-07-11-33-15_camera_500.jpg
-2.19108,-3.2731,8.97624,2020-10-07-11-33-15_camera_501.jpg
-1.52146,2.72644,9.31432,2020-10-07-11-33-15_camera_502.jpg
1.18237,2.94336,9.29181,2020-10-07-11-33-15_camera_503.jpg
-2.59723,3.12359,8.96749,2020-10-07-11-33-15_camera_504.jpg
1.87986,1.55623,9.47104,2020-10-07-11-33-15_camera_505.jpg
-2.1915,-3.14401,9.00834,2020-10-07-11-33-15_camera_506.jpg
-0.534451,-0.240323,9.77161,2020-10-07-11-33-15_camera_507.jpg
-1.50463,2.12157,9.47177,2020-10-07-11-33-15_camera_508.jpg
0.162134,3.791,9.0411,2020-10-07-11-33-15_camera_509.jpg
2.47268,4.0212,8.59811,2020-10-07-11-33-15_camera_510.jpg
0.0292644,0.881705,9.75181,2020-10-07-11-33-15_camera_511.jpg
2.01721,0.681332,9.54542,2020-10-07-11-33-15_camera_512.jpg
-0.124236,2.41766,9.49168,2020-10-07-11-33-15_camera_513.jpg
-0.509911,0.553795,9.76827,2020-10-07-11-33-15_camera_514.jpg
-0.379017,-2.41547,9.47869,2020-10-07-11-33-15_camera_515.jpg
0.199597,5.12686,8.33376,2020-10-07-11-33-15_camera_516.jpg
2.83584,3.67073,8.61218,2020-10-07-11-33-15_camera_517.jpg
-1.764,-1.15816,9.55772,2020-10-07-11-33-15_camera_518.jpg
-0.0461244,3.41723,9.15882,2020-10-07-11-33-15_camera_519.jpg
2.38271,4.02486,8.55841,2020-10-07-11-33-15_camera_520.jpg
-0.449344,4.89054,8.64815,2020-10-07-11-33-15_camera_521.jpg
-1.05459,5.4178,8.23741,2020-10-07-11-33-15_camera_522.jpg
0.598021,0.212757,9.75665,2020-10-07-11-33-15_camera_523.jpg
1.71719,-3.63811,8.86731,2020-10-07-11-33-15_camera_524.jpg
-0.451814,0.094101,9.78074,2020-10-07-11-33-15_camera_525.jpg
-1.56422,-2.07199,9.44882,2020-10-07-11-33-15_camera_526.jpg
3.59152,-0.581759,9.04004,2020-10-07-11-33-15_camera_527.jpg
1.16345,0.657065,9.70893,2020-10-07-11-33-15_camera_528.jpg
-0.647495,2.12264,9.52208,2020-10-07-11-33-15_camera_529.jpg
-0.135271,-1.29785,9.71941,2020-10-07-11-33-15_camera_530.jpg
-0.71613,2.79471,9.37865,2020-10-07-11-33-15_camera_531.jpg
-0.421017,1.9422,9.57116,2020-10-07-11-33-15_camera_532.jpg
-2.03051,-2.06313,9.41599,2020-10-07-11-33-15_camera_533.jpg
-1.92257,-1.4999,9.52355,2020-10-07-11-33-15_camera_534.jpg
-0.389102,2.44513,9.46635,2020-10-07-11-33-15_camera_535.jpg
-0.117989,4.60925,8.64094,2020-10-07-11-33-15_camera_536.jpg
3.20835,4.17894,8.30374,2020-10-07-11-33-15_camera_537.jpg
-0.738515,3.72803,9.0003,2020-10-07-11-33-15_camera_538.jpg
-1.62647,-4.19396,8.7324,2020-10-07-11-33-15_camera_539.jpg
0.974373,-4.28047,8.78563,2020-10-07-11-33-15_camera_540.jpg
-2.44673,-3.76544,8.68214,2020-10-07-11-33-15_camera_541.jpg
0.248134,2.14336,9.57601,2020-10-07-11-33-15_camera_542.jpg
1.77408,0.890225,9.61023,2020-10-07-11-33-15_camera_543.jpg
1.63944,-2.61058,9.28406,2020-10-07-11-33-15_camera_544.jpg
2.61601,3.51096,8.7919,2020-10-07-11-33-15_camera_545.jpg
1.94363,3.69308,8.8801,2020-10-07-11-33-15_camera_546.jpg
2.39338,-1.81514,9.29998,2020-10-07-11-33-15_camera_547.jpg
0.63407,2.45038,9.49964,2020-10-07-11-33-15_camera_548.jpg
-1.06479,2.70623,9.33228,2020-10-07-11-33-15_camera_549.jpg
1.65375,-1.82819,9.48414,2020-10-07-11-33-15_camera_550.jpg
0.914847,5.56699,8.04414,2020-10-07-11-33-15_camera_551.jpg
-0.115015,0.87672,9.7617,2020-10-07-11-33-15_camera_552.jpg
0.396811,-2.70419,9.37045,2020-10-07-11-33-15_camera_553.jpg
-1.65323,4.99767,8.17483,2020-10-07-11-33-15_camera_554.jpg
1.92816,-3.87252,8.78701,2020-10-07-11-33-15_camera_555.jpg
3.60144,-3.42347,8.37981,2020-10-07-11-33-15_camera_556.jpg
-1.09639,-4.73132,8.53603,2020-10-07-11-33-15_camera_557.jpg
-0.646923,2.44413,9.44088,2020-10-07-11-33-15_camera_558.jpg
1.35717,2.9182,9.28569,2020-10-07-11-33-15_camera_559.jpg
-1.14756,4.64714,8.49171,2020-10-07-11-33-15_camera_560.jpg
2.19974,4.23238,8.55862,2020-10-07-11-33-15_camera_561.jpg
0.890423,-3.02819,9.23585,2020-10-07-11-33-15_camera_562.jpg
-2.18745,-4.22797,8.54765,2020-10-07-11-33-15_camera_563.jpg
-0.751568,1.02194,9.7088,2020-10-07-11-33-15_camera_564.jpg
3.42276,1.2423,9.14589,2020-10-07-11-33-15_camera_565.jpg
-0.105452,-1.91512,9.60441,2020-10-07-11-33-15_camera_566.jpg
3.12326,-0.565666,9.29634,2020-10-07-11-33-15_camera_567.jpg
0.845812,4.6901,8.49599,2020-10-07-11-33-15_camera_568.jpg
3.01594,4.58593,8.1012,2020-10-07-11-33-15_camera_569.jpg
4.03854,-2.88269,8.44107,2020-10-07-11-33-15_camera_570.jpg
3.06466,-3.12215,8.78539,2020-10-07-11-33-15_camera_571.jpg
0.353425,2.08991,9.55335,2020-10-07-11-33-15_camera_572.jpg
-2.16462,-1.29611,9.4414,2020-10-07-11-33-15_camera_573.jpg
0.0997227,4.60144,8.70057,2020-10-07-11-33-15_camera_574.jpg
-0.87772,1.55067,9.64411,2020-10-07-11-33-15_camera_575.jpg
2.58447,2.65339,9.05043,2020-10-07-11-33-15_camera_576.jpg
1.27518,3.8624,8.92009,2020-10-07-11-33-15_camera_577.jpg
2.50831,-2.40544,9.1502,2020-10-07-11-33-15_camera_578.jpg
3.50753,-4.20059,8.13707,2020-10-07-11-33-15_camera_579.jpg
0.228063,1.3303,9.6984,2020-10-07-11-33-15_camera_580.jpg
0.493062,3.45508,9.18037,2020-10-07-11-33-15_camera_581.jpg
-1.07337,-3.30192,9.2031,2020-10-07-11-33-15_camera_582.jpg
2.83213,-4.13859,8.45077,2020-10-07-11-33-15_camera_583.jpg
-1.02643,-4.27649,8.80927,2020-10-07-11-33-15_camera_584.jpg
-0.120391,3.25662,9.18799,2020-10-07-11-33-15_camera_585.jpg
2.81814,3.28091,8.8036,2020-10-07-11-33-15_camera_586.jpg
0.822082,4.227,8.87677,2020-10-07-11-33-15_camera_587.jpg
2.41053,-1.0021,9.44256,2020-10-07-11-33-15_camera_588.jpg
2.20522,-2.91303,9.11764,2020-10-07-11-33-15_camera_589.jpg
3.80785,-3.21294,8.46764,2020-10-07-11-33-15_camera_590.jpg
-0.80359,-1.61112,9.61371,2020-10-07-11-33-15_camera_591.jpg
-0.3617,-3.0209,9.29143,2020-10-07-11-33-15_camera_592.jpg
2.58081,3.70592,8.65639,2020-10-07-11-33-15_camera_593.jpg
-0.343022,-1.30152,9.71204,2020-10-07-11-33-15_camera_594.jpg
-0.321128,4.67999,8.66802,2020-10-07-11-33-15_camera_595.jpg
2.28631,5.24079,7.97991,2020-10-07-11-33-15_camera_596.jpg
-2.38606,4.8606,8.18671,2020-10-07-11-33-15_camera_597.jpg
-0.927572,0.949746,9.70412,2020-10-07-11-33-15_camera_598.jpg
-0.248434,-2.44135,9.47121,2020-10-07-11-33-15_camera_599.jpg
-2.38363,-3.45053,8.8318,2020-10-07-11-33-15_camera_600.jpg
2.01567,-3.46294,8.89713,2020-10-07-11-33-15_camera_601.jpg
-1.26915,4.17178,8.74333,2020-10-07-11-33-15_camera_602.jpg
2.2265,2.76671,9.12666,2020-10-07-11-33-15_camera_603.jpg
4.81354,-0.361203,8.58531,2020-10-07-11-33-15_camera_604.jpg
2.90362,-2.73714,8.88466,2020-10-07-11-33-15_camera_605.jpg
0.202512,-5.69126,8.0253,2020-10-07-11-33-15_camera_606.jpg
0.213309,-2.04482,9.53503,2020-10-07-11-33-15_camera_607.jpg
-0.425186,2.81816,9.37915,2020-10-07-11-33-15_camera_608.jpg
2.64937,3.03402,8.93588,2020-10-07-11-33-15_camera_609.jpg
0.122961,3.37146,9.20263,2020-10-07-11-33-15_camera_610.jpg
-1.67705,-2.73675,9.24901,2020-10-07-11-33-15_camera_611.jpg
-1.81277,-4.23657,8.59758,2020-10-07-11-33-15_camera_612.jpg
-3.84651,-0.686889,8.99243,2020-10-07-11-33-15_camera_613.jpg
-1.47481,3.63728,8.9958,2020-10-07-11-33-15_camera_614.jpg
1.80774,4.26392,8.62472,2020-10-07-11-33-15_camera_615.jpg
2.59851,-0.709734,9.4418,2020-10-07-11-33-15_camera_616.jpg
3.95773,-0.802147,8.92021,2020-10-07-11-33-15_camera_617.jpg
-2.86661,-2.56344,9.01522,2020-10-07-11-33-15_camera_618.jpg
-1.37725,-4.29171,8.67042,2020-10-07-11-33-15_camera_619.jpg
-0.329789,4.88286,8.44688,2020-10-07-11-33-15_camera_620.jpg
2.89104,1.19317,9.27321,2020-10-07-11-33-15_camera_621.jpg
-0.360716,0.0544148,9.80704,2020-10-07-11-33-15_camera_622.jpg
-2.97329,-0.0553433,9.34031,2020-10-07-11-33-15_camera_623.jpg
-0.410576,3.01697,9.31257,2020-10-07-11-33-15_camera_624.jpg
2.67022,0.6515,9.42414,2020-10-07-11-33-15_camera_625.jpg
0.093574,-3.80851,9.02393,2020-10-07-11-33-15_camera_626.jpg
-2.77205,-2.05647,9.15438,2020-10-07-11-33-15_camera_627.jpg
0.863857,5.45641,8.21043,2020-10-07-11-33-15_camera_628.jpg
3.27736,4.5129,8.04752,2020-10-07-11-33-15_camera_629.jpg
-2.31555,4.79482,8.18758,2020-10-07-11-33-15_camera_630.jpg
1.18563,0.595466,9.69343,2020-10-07-11-33-15_camera_631.jpg
0.457027,3.69651,9.06375,2020-10-07-11-33-15_camera_632.jpg
0.276135,5.93101,7.79097,2020-10-07-11-33-15_camera_633.jpg
3.02814,4.68251,8.01453,2020-10-07-11-33-15_camera_634.jpg
-0.571378,5.92155,7.80297,2020-10-07-11-33-15_camera_635.jpg
3.50281,-3.09495,8.61893,2020-10-07-11-33-15_camera_636.jpg
4.62665,-3.60865,7.81332,2020-10-07-11-33-15_camera_637.jpg
-0.180865,-4.47205,8.69818,2020-10-07-11-33-15_camera_638.jpg
-0.957506,-0.195466,9.74436,2020-10-07-11-33-15_camera_639.jpg
-0.230681,3.97646,8.9684,2020-10-07-11-33-15_camera_640.jpg
0.0109692,-3.36242,9.14825,2020-10-07-11-33-15_camera_641.jpg
2.63801,-3.90237,8.59154,2020-10-07-11-33-15_camera_642.jpg
4.26171,-4.76063,7.47039,2020-10-07-11-33-15_camera_643.jpg
-2.20899,-4.201,8.50591,2020-10-07-11-33-15_camera_644.jpg
-2.18402,-3.13024,8.98892,2020-10-07-11-33-15_camera_645.jpg
-0.851755,3.66189,9.03069,2020-10-07-11-33-15_camera_646.jpg
3.22174,3.24862,8.66383,2020-10-07-11-33-15_camera_647.jpg
2.70291,-3.47923,8.78016,2020-10-07-11-33-15_camera_648.jpg
2.12984,4.32876,8.56159,2020-10-07-11-33-15_camera_649.jpg
-0.950498,-2.51041,9.40453,2020-10-07-11-33-15_camera_650.jpg
1.11279,5.26338,8.14903,2020-10-07-11-33-15_camera_651.jpg
-4.76541,-1.45893,8.42036,2020-10-07-11-33-15_camera_652.jpg
-1.71176,-5.71362,7.77018,2020-10-07-11-33-15_camera_653.jpg
-1.16464,4.67084,8.74432,2020-10-07-11-33-15_camera_654.jpg
-1.28248,-3.10476,9.20039,2020-10-07-11-33-15_camera_655.jpg
3.54425,-3.66455,8.32674,2020-10-07-11-33-15_camera_656.jpg
-1.63998,3.50826,9.01492,2020-10-07-11-33-15_camera_657.jpg
-1.71736,-4.14245,8.79651,2020-10-07-11-33-15_camera_658.jpg
-1.78345,-5.21142,8.05536,2020-10-07-11-33-15_camera_659.jpg
-0.325235,5.13242,8.34718,2020-10-07-11-33-15_camera_660.jpg
2.66126,5.0534,7.9862,2020-10-07-11-33-15_camera_661.jpg
-3.22492,5.19203,7.61794,2020-10-07-11-33-15_camera_662.jpg
-1.09278,3.82175,8.97439,2020-10-07-11-33-15_camera_663.jpg
0.579554,0.680307,9.74493,2020-10-07-11-33-15_camera_664.jpg
-1.44742,-2.43472,9.39821,2020-10-07-11-33-15_camera_665.jpg
3.49417,-3.78777,8.31069,2020-10-07-11-33-15_camera_666.jpg
2.27981,1.21097,9.42611,2020-10-07-11-33-15_camera_667.jpg
0.240642,-1.16747,9.73781,2020-10-07-11-33-15_camera_668.jpg
1.64144,2.51724,9.27897,2020-10-07-11-33-15_camera_669.jpg
-0.487783,1.39132,9.69505,2020-10-07-11-33-15_camera_670.jpg
0.131527,2.81031,9.38605,2020-10-07-11-33-15_camera_671.jpg
-1.80723,3.86421,8.74375,2020-10-07-11-33-15_camera_672.jpg
1.90949,0.336911,9.61664,2020-10-07-11-33-15_camera_673.jpg
-4.24347,-3.37423,8.17055,2020-10-07-11-33-15_camera_674.jpg
1.16438,2.69175,9.3487,2020-10-07-11-33-15_camera_675.jpg
-0.196923,-1.38312,9.67575,2020-10-07-11-33-15_camera_676.jpg
1.68624,0.70219,9.62922,2020-10-07-11-33-15_camera_677.jpg
-0.59846,4.60181,8.672,2020-10-07-11-33-15_camera_678.jpg
3.87178,3.79743,8.24088,2020-10-07-11-33-15_camera_679.jpg
0.970167,1.37818,9.66002,2020-10-07-11-33-15_camera_680.jpg
-1.8558,-2.20075,9.39006,2020-10-07-11-33-15_camera_681.jpg
-3.42166,-2.73047,8.74222,2020-10-07-11-33-15_camera_682.jpg
3.0081,0.661041,9.28765,2020-10-07-11-33-15_camera_683.jpg
-0.382291,4.07691,8.92516,2020-10-07-11-33-15_camera_684.jpg
0.0456428,-3.20738,9.25422,2020-10-07-11-33-15_camera_685.jpg
3.57801,-3.13127,8.51893,2020-10-07-11-33-15_camera_686.jpg
-0.396868,3.65874,9.07343,2020-10-07-11-33-15_camera_687.jpg
-0.555776,-3.15506,9.2483,2020-10-07-11-33-15_camera_688.jpg
3.30083,-3.07728,8.65285,2020-10-07-11-33-15_camera_689.jpg
-1.41332,-4.3893,8.60202,2020-10-07-11-33-15_camera_690.jpg
-2.34113,5.88922,7.48134,2020-10-07-11-33-15_camera_691.jpg
1.24375,4.10839,8.78543,2020-10-07-11-33-15_camera_692.jpg
-0.436343,2.93993,9.27207,2020-10-07-11-33-15_camera_693.jpg
-2.28387,3.7918,8.73368,2020-10-07-11-33-15_camera_694.jpg
-0.577995,3.44881,9.17884,2020-10-07-11-33-15_camera_695.jpg
-1.0675,4.66651,8.48975,2020-10-07-11-33-15_camera_696.jpg
-0.897881,-2.99744,9.31694,2020-10-07-11-33-15_camera_697.jpg
-0.496955,3.30566,9.21216,2020-10-07-11-33-15_camera_698.jpg
-2.35535,-0.988661,9.45285,2020-10-07-11-33-15_camera_699.jpg
-2.91193,-2.52215,8.99901,2020-10-07-11-33-15_camera_700.jpg
-0.0259182,0.241049,9.77498,2020-10-07-11-33-15_camera_701.jpg
2.76344,1.35426,9.28821,2020-10-07-11-33-15_camera_702.jpg
1.65156,2.88542,9.20985,2020-10-07-11-33-15_camera_703.jpg
1.21735,3.42839,9.06362,2020-10-07-11-33-15_camera_704.jpg
3.13865,0.0425291,9.28655,2020-10-07-11-33-15_camera_705.jpg
0.995517,3.00839,9.25045,2020-10-07-11-33-15_camera_706.jpg
-3.56274,-1.11057,9.28916,2020-10-07-11-33-15_camera_707.jpg
0.43838,5.24422,8.30375,2020-10-07-11-33-15_camera_708.jpg
3.09763,4.51053,8.09271,2020-10-07-11-33-15_camera_709.jpg
2.26005,3.49596,8.80544,2020-10-07-11-33-15_camera_710.jpg
-0.848651,-0.139955,9.75247,2020-10-07-11-33-15_camera_711.jpg
-2.55594,-1.81742,9.2842,2020-10-07-11-33-15_camera_712.jpg
2.99287,-1.17956,9.23289,2020-10-07-11-33-15_camera_713.jpg
1.7768,3.73123,8.8997,2020-10-07-11-33-15_camera_714.jpg
-0.129324,5.13598,8.36293,2020-10-07-11-33-15_camera_715.jpg
1.00995,3.48973,9.08987,2020-10-07-11-33-15_camera_716.jpg
-1.05939,4.71011,8.54735,2020-10-07-11-33-15_camera_717.jpg
-0.448618,0.491419,9.7749,2020-10-07-11-33-15_camera_718.jpg
-1.84195,-1.66486,9.46952,2020-10-07-11-33-15_camera_719.jpg
1.93113,3.43999,8.96449,2020-10-07-11-33-15_camera_720.jpg
-0.84665,4.22831,8.82155,2020-10-07-11-33-15_camera_721.jpg
-0.446826,2.66559,9.40644,2020-10-07-11-33-15_camera_722.jpg
-2.3958,-1.48682,9.37174,2020-10-07-11-33-15_camera_723.jpg
1.72326,0.66298,9.6348,2020-10-07-11-33-15_camera_724.jpg
0.0214648,2.35175,9.49828,2020-10-07-11-33-15_camera_725.jpg
-2.03057,-2.01492,9.36827,2020-10-07-11-33-15_camera_726.jpg
-2.75078,-1.7976,9.24937,2020-10-07-11-33-15_camera_727.jpg
-2.20222,-3.85862,8.77237,2020-10-07-11-33-15_camera_728.jpg
-4.74395,-2.66755,8.1851,2020-10-07-11-33-15_camera_729.jpg
0.397114,0.996414,9.72871,2020-10-07-11-33-15_camera_730.jpg
1.49212,2.89759,9.23868,2020-10-07-11-33-15_camera_731.jpg
3.66313,1.71192,8.91545,2020-10-07-11-33-15_camera_732.jpg
1.986,-2.57597,9.26028,2020-10-07-11-33-15_camera_733.jpg
-0.832275,-2.96057,9.31868,2020-10-07-11-33-15_camera_734.jpg
-0.580505,0.918581,9.74059,2020-10-07-11-33-15_camera_735.jpg
-0.0524794,0.320458,9.7979,2020-10-07-11-33-15_camera_736.jpg
2.80493,-0.791938,9.36492,2020-10-07-11-33-15_camera_737.jpg
-1.61263,3.57382,8.9257,2020-10-07-11-33-15_camera_738.jpg
-0.745379,3.38212,9.17561,2020-10-07-11-33-15_camera_739.jpg
2.65961,0.283659,9.40776,2020-10-07-11-33-15_camera_740.jpg
0.241791,-3.21316,9.25965,2020-10-07-11-33-15_camera_741.jpg
0.0996916,-4.45641,8.6911,2020-10-07-11-33-15_camera_742.jpg
0.864583,3.58966,9.05053,2020-10-07-11-33-15_camera_743.jpg
3.54675,3.89067,8.31157,2020-10-07-11-33-15_camera_744.jpg
0.158727,1.80949,9.64977,2020-10-07-11-33-15_camera_745.jpg
-2.46212,-0.111462,9.48068,2020-10-07-11-33-15_camera_746.jpg
4.86225,3.61531,8.0026,2020-10-07-11-33-15_camera_747.jpg
-4.89511,2.4225,8.0168,2020-10-07-11-33-15_camera_748.jpg
-4.4037,0.819966,8.6324,2020-10-07-11-33-15_camera_749.jpg
-2.25272,1.75707,9.36919,2020-10-07-11-33-15_camera_750.jpg
2.42115,3.79157,8.72854,2020-10-07-11-33-15_camera_751.jpg
-0.592353,-0.433383,9.76475,2020-10-07-11-33-15_camera_752.jpg
0.987739,3.84165,8.98476,2020-10-07-11-33-15_camera_753.jpg
-1.13637,4.72612,8.51828,2020-10-07-11-33-15_camera_754.jpg
-1.92695,-1.86258,9.42205,2020-10-07-11-33-15_camera_755.jpg
1.72783,-1.96303,9.50854,2020-10-07-11-33-15_camera_756.jpg
-1.8889,-0.446982,9.60868,2020-10-07-11-33-15_camera_757.jpg
-0.246363,2.79503,9.42839,2020-10-07-11-33-15_camera_758.jpg
1.03567,-1.38155,9.64299,2020-10-07-11-33-15_camera_759.jpg
2.98615,-1.29324,9.19541,2020-10-07-11-33-15_camera_760.jpg
-1.49677,-1.07026,9.62168,2020-10-07-11-33-15_camera_761.jpg
0.653536,3.95331,8.94169,2020-10-07-11-33-15_camera_762.jpg
0.986634,0.728842,9.71165,2020-10-07-11-33-15_camera_763.jpg
1.82519,4.91545,8.30082,2020-10-07-11-33-15_camera_764.jpg
0.712177,1.03739,9.73191,2020-10-07-11-33-15_camera_765.jpg
-0.789876,1.7592,9.60967,2020-10-07-11-33-15_camera_766.jpg
1.61564,0.277573,9.70333,2020-10-07-11-33-15_camera_767.jpg
2.11588,-4.26544,8.4895,2020-10-07-11-33-15_camera_768.jpg
-1.29631,1.78667,9.54921,2020-10-07-11-33-15_camera_769.jpg
-0.22954,1.75314,9.63221,2020-10-07-11-33-15_camera_770.jpg
0.403589,3.09651,9.27408,2020-10-07-14-45-30_camera_0.jpg
0.986913,4.7243,8.49316,2020-10-07-14-45-30_camera_1.jpg
-0.61657,-1.48839,9.6918,2020-10-07-14-45-30_camera_2.jpg
2.35739,-0.0924727,9.514,2020-10-07-14-45-30_camera_3.jpg
0.896854,4.72645,8.51031,2020-10-07-14-45-30_camera_4.jpg
2.55427,1.05197,9.40096,2020-10-07-14-45-30_camera_5.jpg
-2.25772,1.44029,9.43455,2020-10-07-14-45-30_camera_6.jpg
-0.829528,2.23767,9.50919,2020-10-07-14-45-30_camera_7.jpg
1.71049,1.6243,9.4972,2020-10-07-14-45-30_camera_8.jpg
-0.182289,-1.66318,9.63818,2020-10-07-14-45-30_camera_9.jpg
1.72079,2.24837,9.39275,2020-10-07-14-45-30_camera_10.jpg
3.36131,2.56584,8.89771,2020-10-07-14-45-30_camera_11.jpg
-1.17816,3.59298,9.07266,2020-10-07-14-45-30_camera_12.jpg
-0.0997536,2.42373,9.49298,2020-10-07-14-45-30_camera_13.jpg
-0.934039,-2.02013,9.49064,2020-10-07-14-45-30_camera_14.jpg
0.653507,-2.12322,9.54722,2020-10-07-14-45-30_camera_15.jpg
-0.099937,3.42792,9.16978,2020-10-07-14-45-30_camera_16.jpg
1.75219,3.08328,9.13474,2020-10-07-14-45-30_camera_17.jpg
1.33258,-2.93075,9.22109,2020-10-07-14-45-30_camera_18.jpg
-1.55599,-3.48171,9.04665,2020-10-07-14-45-30_camera_19.jpg
3.01699,0.886776,9.29442,2020-10-07-14-45-30_camera_20.jpg
3.89007,2.70397,8.57952,2020-10-07-14-45-30_camera_21.jpg
4.67663,-2.31595,8.2837,2020-10-07-14-45-30_camera_22.jpg
2.43033,-4.22707,8.47029,2020-10-07-14-45-30_camera_23.jpg
4.15626,-5.08626,7.34204,2020-10-07-14-45-30_camera_24.jpg
1.5059,-2.47284,9.32234,2020-10-07-14-45-30_camera_25.jpg
0.191674,2.2281,9.6029,2020-10-07-14-45-30_camera_26.jpg
-0.366003,0.237665,9.79679,2020-10-07-14-45-30_camera_27.jpg
-2.60152,0.365276,9.43702,2020-10-07-14-45-30_camera_28.jpg
-2.40469,-1.96858,9.31699,2020-10-07-14-45-30_camera_29.jpg
-2.37896,3.08623,9.03405,2020-10-07-14-45-30_camera_30.jpg
-1.73074,2.27269,9.40563,2020-10-07-14-45-30_camera_31.jpg
0.765969,0.643164,9.75644,2020-10-07-14-45-30_camera_32.jpg
1.65349,0.940678,9.63141,2020-10-07-14-45-30_camera_33.jpg
2.23502,3.10283,9.07821,2020-10-07-14-45-30_camera_34.jpg
0.0300405,3.9661,8.9404,2020-10-07-14-45-30_camera_35.jpg
4.17042,3.39522,8.21227,2020-10-07-14-45-30_camera_36.jpg
-0.309624,3.00123,9.31957,2020-10-07-14-45-30_camera_37.jpg
3.095,1.57107,9.17841,2020-10-07-14-45-30_camera_38.jpg
-0.209447,0.410408,9.77106,2020-10-07-14-45-30_camera_39.jpg
-0.24956,-3.41663,9.25385,2020-10-07-14-45-30_camera_40.jpg
-0.0447246,2.40035,9.45054,2020-10-07-14-45-30_camera_41.jpg
2.15414,3.50985,8.90141,2020-10-07-14-45-30_camera_42.jpg
1.3667,1.20799,9.62459,2020-10-07-14-45-30_camera_43.jpg
3.62666,0.663968,9.06434,2020-10-07-14-45-30_camera_44.jpg
2.17459,-4.9192,8.15842,2020-10-07-14-45-30_camera_45.jpg
-0.549966,-4.83474,8.44235,2020-10-07-14-45-30_camera_46.jpg
-3.70505,-2.14533,8.78772,2020-10-07-14-45-30_camera_47.jpg
-1.4424,4.13939,8.77208,2020-10-07-14-45-30_camera_48.jpg
1.18254,4.54851,8.60205,2020-10-07-14-45-30_camera_49.jpg
2.58461,1.10273,9.38211,2020-10-07-14-45-30_camera_50.jpg
1.52548,2.96785,9.27038,2020-10-07-14-45-30_camera_51.jpg
-0.0136842,1.79353,9.64099,2020-10-07-14-45-30_camera_52.jpg
2.49415,-0.56227,9.49474,2020-10-07-14-45-30_camera_53.jpg
4.71906,1.16929,8.48642,2020-10-07-14-45-30_camera_54.jpg
1.53286,2.81237,9.30013,2020-10-07-14-45-30_camera_55.jpg
0.357864,1.01797,9.74475,2020-10-07-14-45-30_camera_56.jpg
0.532466,0.0404709,9.77798,2020-10-07-14-45-30_camera_57.jpg
-1.47394,0.0220444,9.67311,2020-10-07-14-45-30_camera_58.jpg
-1.11337,1.27286,9.64609,2020-10-07-14-45-30_camera_59.jpg
0.471049,-1.39751,9.70436,2020-10-07-14-45-30_camera_60.jpg
0.132015,0.0530458,9.79769,2020-10-07-14-45-30_camera_61.jpg
-0.30884,0.589581,9.77873,2020-10-07-14-45-30_camera_62.jpg
2.39085,0.0473324,9.48489,2020-10-07-14-45-30_camera_63.jpg
-0.3715,1.33861,9.71908,2020-10-07-14-45-30_camera_64.jpg
0.349838,0.0924496,9.80614,2020-10-07-14-45-30_camera_65.jpg
-0.403406,-0.0984989,9.79853,2020-10-07-14-45-30_camera_66.jpg
2.6064,0.714446,9.42102,2020-10-07-14-45-30_camera_67.jpg
0.303709,1.39438,9.70243,2020-10-07-14-45-30_camera_68.jpg
0.769724,4.45139,8.73995,2020-10-07-14-45-30_camera_69.jpg
-0.516078,-2.02904,9.54904,2020-10-07-14-45-30_camera_70.jpg
1.05318,-2.1279,9.50389,2020-10-07-14-45-30_camera_71.jpg
-2.31874,-1.96989,9.34272,2020-10-07-14-45-30_camera_72.jpg
-1.01527,-0.254217,9.73145,2020-10-07-14-45-30_camera_73.jpg
1.47184,3.93331,8.83747,2020-10-07-14-45-30_camera_74.jpg
1.17292,0.941494,9.70414,2020-10-07-14-45-30_camera_75.jpg
0.363415,4.14004,8.88124,2020-10-07-14-45-30_camera_76.jpg
-1.68463,1.29293,9.57451,2020-10-07-14-45-30_camera_77.jpg
-2.4914,-3.06652,8.93515,2020-10-07-14-45-30_camera_78.jpg
1.11749,-0.173506,9.68605,2020-10-07-14-45-30_camera_79.jpg
0.225201,3.73682,9.16686,2020-10-07-14-45-30_camera_80.jpg
-0.45573,0.290551,9.78328,2020-10-07-14-45-30_camera_81.jpg
-1.46753,-1.56352,9.56551,2020-10-07-14-45-30_camera_82.jpg
-1.09807,1.28333,9.65751,2020-10-07-14-45-30_camera_83.jpg
1.25232,-0.075304,9.70563,2020-10-07-14-45-30_camera_84.jpg
1.50277,3.41759,9.07237,2020-10-07-14-45-30_camera_85.jpg
0.653256,0.139104,9.78064,2020-10-07-14-45-30_camera_86.jpg
-0.682482,0.960012,9.71976,2020-10-07-14-45-30_camera_87.jpg
-0.19564,2.06091,9.59212,2020-10-07-14-45-30_camera_88.jpg
-0.697669,-0.640442,9.73652,2020-10-07-14-45-30_camera_89.jpg
0.205081,3.57661,9.08384,2020-10-07-14-45-30_camera_90.jpg
2.33091,2.67344,9.08141,2020-10-07-14-45-30_camera_91.jpg
0.000235633,4.1681,8.89218,2020-10-07-14-45-30_camera_92.jpg
-1.70367,2.65682,9.2179,2020-10-07-14-45-30_camera_93.jpg
3.17701,-1.54964,9.10171,2020-10-07-14-45-30_camera_94.jpg
0.835296,2.71899,9.35143,2020-10-07-14-45-30_camera_95.jpg
0.859765,2.55988,9.43104,2020-10-07-14-45-30_camera_96.jpg
0.374763,-2.36332,9.50021,2020-10-07-14-45-30_camera_97.jpg
-0.677328,1.42889,9.69711,2020-10-07-14-45-30_camera_98.jpg
1.35226,1.19479,9.61459,2020-10-07-14-45-30_camera_99.jpg
2.62054,1.20759,9.39531,2020-10-07-14-45-30_camera_100.jpg
2.36164,3.56556,8.77313,2020-10-07-14-45-30_camera_101.jpg
0.25841,0.382794,9.78505,2020-10-07-14-45-30_camera_102.jpg
0.263573,3.27659,9.21465,2020-10-07-14-45-30_camera_103.jpg
1.70267,0.500683,9.64737,2020-10-07-14-45-30_camera_104.jpg
-0.0807756,0.942556,9.76281,2020-10-07-14-45-30_camera_105.jpg
0.0746867,2.84997,9.3556,2020-10-07-14-45-30_camera_106.jpg
2.21238,3.62117,8.82781,2020-10-07-14-45-30_camera_107.jpg
-0.504023,4.44322,8.71012,2020-10-07-14-45-30_camera_108.jpg
-0.161603,1.80713,9.62232,2020-10-07-14-45-30_camera_109.jpg
-0.217596,0.186716,9.78939,2020-10-07-14-45-30_camera_110.jpg
-0.665343,-4.20661,8.826,2020-10-07-14-45-30_camera_111.jpg
1.75212,-4.19254,8.67162,2020-10-07-14-45-30_camera_112.jpg
-2.67893,-3.31777,8.81108,2020-10-07-14-45-30_camera_113.jpg
-0.667311,0.389146,9.75918,2020-10-07-14-45-30_camera_114.jpg
-1.53296,3.57223,8.97012,2020-10-07-14-45-30_camera_115.jpg
0.289267,0.871819,9.76219,2020-10-07-14-45-30_camera_116.jpg
2.88147,1.02261,9.28588,2020-10-07-14-45-30_camera_117.jpg
-0.194688,-1.94686,9.60569,2020-10-07-14-45-30_camera_118.jpg
1.08635,3.08823,9.20431,2020-10-07-14-45-30_camera_119.jpg
3.20052,3.39312,8.5556,2020-10-07-14-45-30_camera_120.jpg
-0.254126,1.98152,9.5787,2020-10-07-14-45-30_camera_121.jpg
2.89627,0.729152,9.34769,2020-10-07-14-45-30_camera_122.jpg
-1.43536,-3.93692,8.89033,2020-10-07-14-45-30_camera_123.jpg
1.52608,-4.11469,8.75724,2020-10-07-14-45-30_camera_124.jpg
-1.29266,1.64996,9.58366,2020-10-07-14-45-30_camera_125.jpg
-0.549827,1.03153,9.73772,2020-10-07-14-45-30_camera_126.jpg
0.758368,4.35726,8.69698,2020-10-07-14-45-30_camera_127.jpg
3.37984,1.84848,9.00489,2020-10-07-14-45-30_camera_128.jpg
-3.49022,1.12815,9.0575,2020-10-07-14-45-30_camera_129.jpg
-3.04296,-3.12934,8.85786,2020-10-07-14-45-30_camera_130.jpg
1.98847,1.92033,9.39433,2020-10-07-14-45-30_camera_131.jpg
-0.0892807,3.1242,9.27273,2020-10-07-14-45-30_camera_132.jpg
1.84848,1.56022,9.46791,2020-10-07-14-45-30_camera_133.jpg
-0.664175,0.549461,9.78179,2020-10-07-14-45-30_camera_134.jpg
-1.27611,-3.6936,8.99642,2020-10-07-14-45-30_camera_135.jpg
-3.89988,-2.65745,8.59831,2020-10-07-14-45-30_camera_136.jpg
-2.69645,0.230838,9.40177,2020-10-07-14-45-30_camera_137.jpg
-1.18044,2.96023,9.29154,2020-10-07-14-45-30_camera_138.jpg
0.364244,2.61724,9.43516,2020-10-07-14-45-30_camera_139.jpg
1.09622,5.22012,8.17136,2020-10-07-14-45-30_camera_140.jpg
3.39035,5.04065,7.6315,2020-10-07-14-45-30_camera_141.jpg
4.63176,3.06188,8.10981,2020-10-07-14-45-30_camera_142.jpg
3.15177,-3.27918,8.69432,2020-10-07-14-45-30_camera_143.jpg
5.17084,-2.86811,7.81198,2020-10-07-14-45-30_camera_144.jpg
-0.927608,-3.42297,9.1355,2020-10-07-14-45-30_camera_145.jpg
-2.85823,0.102789,9.35149,2020-10-07-14-45-30_camera_146.jpg
-1.21646,3.96809,8.87998,2020-10-07-14-45-30_camera_147.jpg
0.52379,3.32429,9.23648,2020-10-07-14-45-30_camera_148.jpg
-1.78113,4.62626,8.44258,2020-10-07-14-45-30_camera_149.jpg
2.62311,4.6932,8.24925,2020-10-07-14-45-30_camera_150.jpg
4.89931,5.31634,6.63292,2020-10-07-14-45-30_camera_151.jpg
2.92089,-1.30284,9.24394,2020-10-07-14-45-30_camera_152.jpg
4.38654,-1.10702,8.66858,2020-10-07-14-45-30_camera_153.jpg
4.79763,-3.46801,7.72412,2020-10-07-14-45-30_camera_154.jpg
1.81502,-4.45619,8.52431,2020-10-07-14-45-30_camera_155.jpg
-0.933159,-4.00029,8.8485,2020-10-07-14-45-30_camera_156.jpg
-2.6902,0.799406,9.37984,2020-10-07-14-45-30_camera_157.jpg
4.32832,2.31841,8.48354,2020-10-07-14-45-30_camera_158.jpg
4.36848,-2.16654,8.5406,2020-10-07-14-45-30_camera_159.jpg
2.36478,0.689883,9.47523,2020-10-07-14-45-30_camera_160.jpg
-1.80192,1.62806,9.52901,2020-10-07-14-45-30_camera_161.jpg
-2.33121,4.10114,8.67799,2020-10-07-14-45-30_camera_162.jpg
1.39799,3.13362,9.22108,2020-10-07-14-45-30_camera_163.jpg
2.8921,2.76147,8.87494,2020-10-07-14-45-30_camera_164.jpg
-0.58567,3.20645,9.24503,2020-10-07-14-45-30_camera_165.jpg
-2.38438,3.45053,8.81429,2020-10-07-14-45-30_camera_166.jpg
-2.99341,1.93285,9.19458,2020-10-07-14-45-30_camera_167.jpg
-0.906673,3.82376,8.9608,2020-10-07-14-45-30_camera_168.jpg
1.00497,2.81032,9.37588,2020-10-07-14-45-30_camera_169.jpg
3.2964,2.2846,8.92806,2020-10-07-14-45-30_camera_170.jpg
4.43027,1.66672,8.52737,2020-10-07-14-45-30_camera_171.jpg
3.74202,-2.07016,8.84775,2020-10-07-14-45-30_camera_172.jpg
-2.0842,-0.283541,9.55899,2020-10-07-14-45-30_camera_173.jpg
-0.240006,3.18348,9.24772,2020-10-07-14-45-30_camera_174.jpg
-1.43138,-2.24388,9.44486,2020-10-07-14-45-30_camera_175.jpg
-2.16671,2.25579,9.30572,2020-10-07-14-45-30_camera_176.jpg
-3.54438,0.921387,9.0884,2020-10-07-14-45-30_camera_177.jpg
1.2928,1.73659,9.55962,2020-10-07-14-45-30_camera_178.jpg
3.02034,-2.46605,9.0324,2020-10-07-14-45-30_camera_179.jpg
1.47518,3.44931,9.0421,2020-10-07-14-45-30_camera_180.jpg
3.27327,3.34218,8.61044,2020-10-07-14-45-30_camera_181.jpg
-1.66312,-3.11958,9.10555,2020-10-07-14-45-30_camera_182.jpg
3.02375,-4.29482,8.29645,2020-10-07-14-45-30_camera_183.jpg
1.75545,0.498226,9.64899,2020-10-07-14-45-30_camera_184.jpg
1.15124,3.4229,9.06576,2020-10-07-14-45-30_camera_185.jpg
4.76618,-1.6307,8.48703,2020-10-07-14-45-30_camera_186.jpg
3.44041,1.943,8.9271,2020-10-07-14-45-30_camera_187.jpg
4.44519,-2.52915,8.35031,2020-10-07-14-45-30_camera_188.jpg
-1.18578,-3.49588,9.07068,2020-10-07-14-45-30_camera_189.jpg
2.44884,-2.49212,9.17654,2020-10-07-14-45-30_camera_190.jpg
-0.29551,0.671195,9.77831,2020-10-07-14-45-30_camera_191.jpg
2.00167,0.790661,9.57943,2020-10-07-14-45-30_camera_192.jpg
3.06395,-1.12723,9.23434,2020-10-07-14-45-30_camera_193.jpg
0.900669,-3.95855,8.93474,2020-10-07-14-45-30_camera_194.jpg
3.40502,-0.346787,9.28217,2020-10-07-14-45-30_camera_195.jpg
-1.43317,-0.562814,9.68331,2020-10-07-14-45-30_camera_196.jpg
-2.74146,2.14829,9.15021,2020-10-07-14-45-30_camera_197.jpg
0.528563,4.29765,8.78199,2020-10-07-14-45-30_camera_198.jpg
0.574604,0.790299,9.76473,2020-10-07-14-45-30_camera_199.jpg
2.65112,-1.39787,9.32952,2020-10-07-14-45-30_camera_200.jpg
-2.39835,-2.48975,9.19122,2020-10-07-14-45-30_camera_201.jpg
-0.218839,2.49312,9.43713,2020-10-07-14-45-30_camera_202.jpg
3.21581,2.69442,8.83604,2020-10-07-14-45-30_camera_203.jpg
-1.79562,1.1784,9.57102,2020-10-07-14-45-30_camera_204.jpg
0.0696868,0.978435,9.7399,2020-10-07-14-45-30_camera_205.jpg
3.42129,1.14823,9.14907,2020-10-07-14-45-30_camera_206.jpg
1.60032,-3.25475,9.11607,2020-10-07-14-45-30_camera_207.jpg
3.68328,-3.8282,8.22218,2020-10-07-14-45-30_camera_208.jpg
-0.682897,-4.43145,8.71037,2020-10-07-14-45-30_camera_209.jpg
-3.18316,2.86624,8.78314,2020-10-07-14-45-30_camera_210.jpg
0.782352,4.97661,8.40659,2020-10-07-14-45-30_camera_211.jpg
0.24766,2.31417,9.52865,2020-10-07-14-45-30_camera_212.jpg
3.50318,2.1685,8.91674,2020-10-07-14-45-30_camera_213.jpg
-3.35269,1.70683,9.03802,2020-10-07-14-45-30_camera_214.jpg
-0.309027,4.64965,8.57088,2020-10-07-14-45-30_camera_215.jpg
-2.27011,-4.40959,8.45256,2020-10-07-14-45-30_camera_216.jpg
2.46172,-4.69307,8.2856,2020-10-07-14-45-30_camera_217.jpg
-2.04971,1.26264,9.50456,2020-10-07-14-45-30_camera_218.jpg
-2.54465,2.16831,9.19118,2020-10-07-14-45-30_camera_219.jpg
0.924388,3.64357,9.01739,2020-10-07-14-45-30_camera_220.jpg
-3.40136,3.53771,8.47625,2020-10-07-14-45-30_camera_221.jpg
1.27913,-4.70228,8.54014,2020-10-07-14-45-30_camera_222.jpg
0.347419,-4.73211,8.58189,2020-10-07-14-45-30_camera_223.jpg
-1.54575,-4.97018,8.37207,2020-10-07-14-45-30_camera_224.jpg
-1.8348,2.45165,9.26797,2020-10-07-14-45-30_camera_225.jpg
2.2689,1.69146,9.41915,2020-10-07-14-45-30_camera_226.jpg
0.661038,3.96178,8.8595,2020-10-07-14-45-30_camera_227.jpg
4.1275,3.69016,8.05423,2020-10-07-14-45-30_camera_228.jpg
-1.61183,0.44177,9.65752,2020-10-07-14-45-30_camera_229.jpg
-3.66698,0.181691,9.03219,2020-10-07-14-45-30_camera_230.jpg
0.846111,3.70879,9.01746,2020-10-07-14-45-30_camera_231.jpg
1.02069,1.81697,9.56062,2020-10-07-14-45-30_camera_232.jpg
-2.55995,-3.35777,8.81147,2020-10-07-14-45-30_camera_233.jpg
-0.738683,5.08549,8.3684,2020-10-07-14-45-30_camera_234.jpg
1.88141,4.8114,8.32182,2020-10-07-14-45-30_camera_235.jpg
-0.464106,1.37005,9.68264,2020-10-07-14-45-30_camera_236.jpg
2.34245,-0.562276,9.50051,2020-10-07-14-45-30_camera_237.jpg
1.25265,-4.81256,8.492,2020-10-07-14-45-30_camera_238.jpg
-0.142612,3.4112,9.13341,2020-10-07-14-45-30_camera_239.jpg
-0.80083,6.09671,7.63252,2020-10-07-14-45-30_camera_240.jpg
0.988064,3.61453,9.06761,2020-10-07-14-45-30_camera_241.jpg
3.78751,4.23599,7.96075,2020-10-07-14-45-30_camera_242.jpg
-2.91967,2.59146,8.99809,2020-10-07-14-45-30_camera_243.jpg
-3.17154,-2.52369,8.86579,2020-10-07-14-45-30_camera_244.jpg
0.582296,-4.6937,8.62757,2020-10-07-14-45-30_camera_245.jpg
-1.09906,3.11524,9.23142,2020-10-07-14-45-30_camera_246.jpg
2.26556,1.5613,9.40843,2020-10-07-14-45-30_camera_247.jpg
-0.75555,-3.68564,9.0777,2020-10-07-14-45-30_camera_248.jpg
-2.23119,-4.08096,8.64971,2020-10-07-14-45-30_camera_249.jpg
-1.99307,3.24569,8.99702,2020-10-07-14-45-30_camera_250.jpg
1.7897,4.00764,8.76467,2020-10-07-14-45-30_camera_251.jpg
-0.756911,-1.76486,9.6101,2020-10-07-14-45-30_camera_252.jpg
-2.30506,-3.25025,9.01154,2020-10-07-14-45-30_camera_253.jpg
0.935297,3.60025,9.01909,2020-10-07-14-45-30_camera_254.jpg
0.944201,0.507591,9.74833,2020-10-07-14-45-30_camera_255.jpg
2.24842,-4.03361,8.62351,2020-10-07-14-45-30_camera_256.jpg
4.23571,-4.30094,7.68997,2020-10-07-14-45-30_camera_257.jpg
-0.459136,-0.928554,9.73958,2020-10-07-14-45-30_camera_258.jpg
-2.3126,0.655038,9.49429,2020-10-07-14-45-30_camera_259.jpg
0.513279,1.07802,9.74677,2020-10-07-14-45-30_camera_260.jpg
2.68052,2.14353,9.18529,2020-10-07-14-45-30_camera_261.jpg
3.91207,2.51368,8.64232,2020-10-07-14-45-30_camera_262.jpg
4.57063,-0.0593968,8.65749,2020-10-07-14-45-30_camera_263.jpg
5.43436,-0.196969,8.15521,2020-10-07-14-45-30_camera_264.jpg
4.93842,-5.96242,6.04127,2020-10-07-14-45-30_camera_265.jpg
1.73187,-5.24445,8.04292,2020-10-07-14-45-30_camera_266.jpg
-1.29708,-4.17594,8.77806,2020-10-07-14-45-30_camera_267.jpg
0.896077,5.02158,8.43764,2020-10-07-14-45-30_camera_268.jpg
-1.1612,4.43825,8.69954,2020-10-07-14-45-30_camera_269.jpg
3.64915,4.67513,7.74436,2020-10-07-14-45-30_camera_270.jpg
-0.556885,5.95897,7.77671,2020-10-07-14-45-30_camera_271.jpg
-0.605148,0.0076345,9.77946,2020-10-07-14-45-30_camera_272.jpg
-2.0799,1.84404,9.40311,2020-10-07-14-45-30_camera_273.jpg
1.43151,-5.15277,8.19358,2020-10-07-14-45-30_camera_274.jpg
3.35833,-5.64056,7.20542,2020-10-07-14-45-30_camera_275.jpg
2.77942,3.27253,8.87602,2020-10-07-14-45-30_camera_276.jpg
5.24944,2.36912,7.95586,2020-10-07-14-45-30_camera_277.jpg
-0.12433,-0.433266,9.80184,2020-10-07-14-45-30_camera_278.jpg
-1.38189,-2.60831,9.35459,2020-10-07-14-45-30_camera_279.jpg
-0.538189,4.8969,8.47145,2020-10-07-14-45-30_camera_280.jpg
-1.90648,5.44698,7.88943,2020-10-07-14-45-30_camera_281.jpg
-0.176675,3.9027,9.03091,2020-10-07-14-45-30_camera_282.jpg
-0.558345,0.912989,9.74559,2020-10-07-14-45-30_camera_283.jpg
0.698535,-0.44952,9.77415,2020-10-07-14-45-30_camera_284.jpg
-1.97268,-2.00663,9.41058,2020-10-07-14-45-30_camera_285.jpg
-1.62019,0.512443,9.65198,2020-10-07-14-45-30_camera_286.jpg
0.954897,3.1559,9.25738,2020-10-07-14-45-30_camera_287.jpg
-1.67765,-1.13673,9.57008,2020-10-07-14-45-30_camera_288.jpg
-2.70207,-3.185,8.88934,2020-10-07-14-45-30_camera_289.jpg
0.663743,0.691423,9.74596,2020-10-07-14-45-30_camera_290.jpg
2.30358,0.302216,9.51461,2020-10-07-14-45-30_camera_291.jpg
-1.03378,2.3851,9.43915,2020-10-07-14-45-30_camera_292.jpg
0.0367693,3.94477,8.96414,2020-10-07-14-45-30_camera_293.jpg
-0.645374,-1.96294,9.59989,2020-10-07-14-45-30_camera_294.jpg
-0.256581,-0.0630209,9.79662,2020-10-07-14-45-30_camera_295.jpg
0.184608,2.40174,9.48084,2020-10-07-14-45-30_camera_296.jpg
-2.02304,-1.56098,9.45846,2020-10-07-14-45-30_camera_297.jpg
0.635498,0.273629,9.76112,2020-10-07-14-45-30_camera_298.jpg
-0.502251,-2.55423,9.42874,2020-10-07-14-45-30_camera_299.jpg
0.814723,3.47067,9.15896,2020-10-07-14-45-30_camera_300.jpg
-1.92566,3.38461,9.02887,2020-10-07-14-45-30_camera_301.jpg
-0.892446,0.0905856,9.75267,2020-10-07-14-45-30_camera_302.jpg
-0.665035,3.75479,9.0436,2020-10-07-14-45-30_camera_303.jpg
0.768498,1.20543,9.69342,2020-10-07-14-45-30_camera_304.jpg
3.30864,-2.77648,8.72538,2020-10-07-14-45-30_camera_305.jpg
3.02673,-5.01588,7.90819,2020-10-07-14-45-30_camera_306.jpg
0.491179,4.425,8.71975,2020-10-07-14-45-30_camera_307.jpg
0.339967,3.42915,9.16394,2020-10-07-14-45-30_camera_308.jpg
-2.21274,-2.05993,9.30154,2020-10-07-14-45-30_camera_309.jpg
0.312108,0.85341,9.76941,2020-10-07-14-45-30_camera_310.jpg
0.128684,4.31976,8.80184,2020-10-07-14-45-30_camera_311.jpg
-0.977189,0.140417,9.75512,2020-10-07-14-45-30_camera_312.jpg
-2.95794,-4.91727,7.90103,2020-10-07-14-45-30_camera_313.jpg
-1.71944,0.281079,9.6562,2020-10-07-14-45-30_camera_314.jpg
1.72839,2.54258,9.32241,2020-10-07-14-45-30_camera_315.jpg
-0.931609,1.76726,9.60569,2020-10-07-14-45-30_camera_316.jpg
2.76059,-1.12769,9.31363,2020-10-07-14-45-30_camera_317.jpg
-1.87342,-4.21426,8.60651,2020-10-07-14-45-30_camera_318.jpg
0.30993,0.230643,9.80809,2020-10-07-14-45-30_camera_319.jpg
0.42245,2.60688,9.4281,2020-10-07-14-45-30_camera_320.jpg
-1.54484,-4.80076,8.38198,2020-10-07-14-45-30_camera_321.jpg
-0.888601,3.79333,8.95061,2020-10-07-14-45-30_camera_322.jpg
0.449905,1.32518,9.69363,2020-10-07-14-45-30_camera_323.jpg
1.49286,1.35174,9.58475,2020-10-07-14-45-30_camera_324.jpg
3.39399,2.004,9.00579,2020-10-07-14-45-30_camera_325.jpg
-0.0158597,-0.226622,9.80056,2020-10-07-14-45-30_camera_326.jpg
-1.33339,-3.06629,9.19502,2020-10-07-14-45-30_camera_327.jpg
-0.0370547,-1.31095,9.70766,2020-10-07-14-45-30_camera_328.jpg
2.29725,1.1664,9.51727,2020-10-07-14-45-30_camera_329.jpg
4.31276,-1.47652,8.70983,2020-10-07-14-45-30_camera_330.jpg
3.00965,2.07588,9.07384,2020-10-07-14-45-30_camera_331.jpg
-0.287276,2.62886,9.40293,2020-10-07-14-45-30_camera_332.jpg
0.285862,0.572823,9.77751,2020-10-07-14-45-30_camera_333.jpg
-1.2159,2.68201,9.34904,2020-10-07-14-45-30_camera_334.jpg
1.69302,0.887948,9.61801,2020-10-07-14-45-30_camera_335.jpg
-0.770953,-1.53406,9.64716,2020-10-07-14-45-30_camera_336.jpg
