-1.99628,0.911326,9.5578,1605934612519631104.npy
2.52926,-0.631288,9.42848,1605934612621633280.npy
-3.26081,-3.26507,8.65326,1605934612723635456.npy
3.47037,4.32516,8.14043,1605934612825637632.npy
-4.76943,-1.80163,8.36105,1605934612927639808.npy
-4.70674,-2.85779,8.20346,1605934613029641984.npy
-0.232925,0.683243,9.7989,1605934613131644160.npy
0.506701,-4.31142,8.80198,1605934613233646336.npy
4.83974,-1.52683,8.44524,1605934613335648512.npy
0.281493,3.07616,9.25304,1605934613437650688.npy
2.81309,2.74824,8.90972,1605934613539652864.npy
-3.97331,0.10106,8.8594,1605934613641655040.npy
3.26312,4.12631,8.23517,1605934613743657216.npy
-0.476754,-1.28896,9.70543,1605934613845659392.npy
-3.26273,2.00413,8.99416,1605934613947661568.npy
-1.72699,1.34292,9.51084,1605934614049663744.npy
-4.13022,-2.84081,8.37267,1605934614151665920.npy
3.35158,-0.994569,9.14811,1605934614253668096.npy
-0.155922,3.95066,8.97919,1605934614355670272.npy
1.94015,3.99808,8.76783,1605934614457672448.npy
1.55395,1.42872,9.51049,1605934614559674624.npy
-4.58492,-0.970327,8.56766,1605934614661676800.npy
-1.45677,3.71625,9.01799,1605934614763678976.npy
-3.91949,-0.195579,8.96204,1605934614865681152.npy
-0.863208,0.817208,9.75233,1605934614967683328.npy
3.2251,0.334925,9.2793,1605934615069685504.npy
-0.435493,2.3585,9.46224,1605934615171687680.npy
4.51653,1.83267,8.41717,1605934615273689856.npy
-2.51366,3.39052,8.87997,1605934615375692032.npy
-0.44219,-2.60917,9.4822,1605934615477694208.npy
-4.63318,3.39425,7.90898,1605934615579696384.npy
1.67045,-0.5229,9.69797,1605934615681698560.npy
-1.09244,-4.27633,8.76134,1605934615783700736.npy
2.67816,1.0987,9.47414,1605934615885702912.npy
3.30242,-3.9711,8.36335,1605934615987705088.npy
3.05982,4.37708,8.19161,1605934616089707264.npy
-2.13899,-4.51586,8.49298,1605934616191709440.npy
0.170148,-4.16295,8.81159,1605934616293711616.npy
0.336204,1.69752,9.65232,1605934616395713792.npy
3.4187,-2.46762,8.81826,1605934616497715968.npy
1.2556,-0.126194,9.71355,1605934616599718144.npy
-1.29249,-3.47953,9.05002,1605934616701720320.npy
-3.1558,-0.190226,9.309,1605934616803722496.npy
1.69275,0.177326,9.68668,1605934616905724672.npy
3.55088,-0.911135,9.04093,1605934617007726848.npy
-2.09903,4.36045,8.46543,1605934617109729024.npy
-1.89698,-2.03827,9.44222,1605934617211731200.npy
-1.39173,-2.5417,9.39683,1605934617313733376.npy
-3.5489,1.30341,8.98573,1605934617415735552.npy
-4.21567,4.23151,7.66233,1605934617517737728.npy
-2.27997,-2.83911,9.12873,1605934617619739904.npy
3.72228,-0.819034,9.03701,1605934617721742080.npy
-2.62726,4.53472,8.30456,1605934617823744256.npy
-2.62833,-3.91755,8.66595,1605934617925746432.npy
-3.4485,4.10613,8.18428,1605934618027748608.npy
-3.35575,-3.82737,8.35281,1605934618129750784.npy
-3.235,-2.34928,8.95836,1605934618231752960.npy
-4.52981,3.54876,7.89425,1605934618333755136.npy
-1.28311,-0.570179,9.62197,1605934618435757312.npy
-3.26608,0.656905,9.19643,1605934618537759488.npy
3.46821,-1.44354,9.10631,1605934618639761664.npy
3.58179,-3.98039,8.19875,1605934618741763840.npy
0.933706,-4.18512,8.79505,1605934618843766016.npy
-3.03326,-0.676105,9.27577,1605934618945768192.npy
-3.77122,-0.41565,9.05182,1605934619047770368.npy
-2.85698,-3.20842,8.82384,1605934619149772544.npy
4.46152,-1.74337,8.54913,1605934619251774720.npy
-3.22205,-0.846093,9.28442,1605934619353776896.npy
1.98395,0.644874,9.63175,1605934619455779072.npy
-4.64068,0.118782,8.66765,1605934619557781248.npy
4.75581,-4.11846,7.61768,1605934619659783424.npy
2.529,-2.64152,9.02912,1605934619761785600.npy
-2.70875,-2.70142,9.00788,1605934619863787776.npy
1.62235,1.41877,9.5985,1605934619965789952.npy
3.28532,3.85002,8.39924,1605934620067792128.npy
1.58981,0.602135,9.65761,1605934620169794304.npy
3.95771,2.32429,8.76627,1605934620271796480.npy
-3.44372,-3.89816,8.30736,1605934620373798656.npy
0.77413,2.27199,9.46412,1605934620475800832.npy
-2.77545,-2.04094,9.20881,1605934620577803008.npy
4.25451,0.774924,8.8141,1605934620679805184.npy
2.48902,-2.20957,9.22333,1605934620781807360.npy
-3.05963,-0.667056,9.31832,1605934620883809536.npy
0.747242,2.66303,9.44146,1605934620985811712.npy
-1.35406,1.56441,9.62171,1605934621087813888.npy
3.7521,-1.98803,8.85599,1605934621189816064.npy
4.61122,2.96819,8.1472,1605934621291818240.npy
-3.30069,-3.71392,8.52691,1605934621393820416.npy
0.258534,-4.4737,8.74035,1605934621495822592.npy
-4.74492,2.1569,8.31221,1605934621597824768.npy
1.10654,-4.97236,8.4539,1605934621699826944.npy
-3.61586,-4.30556,7.93498,1605934621801829120.npy
-4.32097,3.69938,7.96237,1605934621903831296.npy
2.50095,-1.69514,9.33132,1605934622005833472.npy
1.88207,3.81776,8.91099,1605934622107835648.npy
1.38061,2.20806,9.44974,1605934622209837824.npy
1.29421,-2.19789,9.45982,1605934622311840000.npy
4.82106,-2.62609,8.05678,1605934622413842176.npy
-0.237184,0.0342731,9.83611,1605934622515844352.npy
-1.50376,-2.65602,9.20064,1605934622617846528.npy
-4.66828,-2.72203,8.22164,1605934622719848704.npy
4.13265,-3.50743,8.09002,1605934622821850880.npy
2.53339,3.40593,8.77128,1605934622923853056.npy
-0.706268,1.22186,9.76693,1605934623025855232.npy
-4.78363,3.59911,7.83147,1605934623127857408.npy
0.825291,-0.7032,9.70823,1605934623229859584.npy
-2.0204,3.82129,8.80827,1605934623331861760.npy
2.02679,-2.92534,9.16955,1605934623433863936.npy
-1.30938,-2.04622,9.54596,1605934623535866112.npy
-0.67415,-2.83306,9.39511,1605934623637868288.npy
-2.62984,-1.60735,9.30872,1605934623739870464.npy
3.78635,3.78886,8.22165,1605934623841872640.npy
-2.20061,-1.66667,9.38717,1605934623943874816.npy
4.4893,-2.98864,8.24574,1605934624045876992.npy
-2.76547,-2.63942,9.06792,1605934624147879168.npy
-0.530985,1.71969,9.63312,1605934624249881344.npy
-0.113785,1.98924,9.65707,1605934624351883520.npy
-3.9581,-3.70396,8.13094,1605934624453885696.npy
4.32337,0.260587,8.72867,1605934624555887872.npy
4.52486,3.98809,7.6912,1605934624657890048.npy
-0.661952,2.83182,9.41398,1605934624759892224.npy
-2.9089,-0.275761,9.39254,1605934624861894400.npy
-3.65772,2.04209,8.85049,1605934624963896576.npy
0.389682,1.7055,9.69228,1605934625065898752.npy
-1.87471,-1.71207,9.47453,1605934625167900928.npy
-3.46555,3.23911,8.53874,1605934625269903104.npy
1.2712,0.979283,9.66767,1605934625371905280.npy
3.72871,-4.55387,7.81965,1605934625473907456.npy
-4.59606,1.69061,8.49446,1605934625575909632.npy
3.04744,-3.58173,8.65959,1605934625677911808.npy
4.40982,4.0865,7.81334,1605934625779913984.npy
1.08296,-4.52979,8.62666,1605934625881916160.npy
-2.25921,2.9632,9.12619,1605934625983918336.npy
4.30138,3.84204,7.97475,1605934626085920512.npy
-1.53044,-2.74718,9.26455,1605934626187922688.npy
-0.560405,4.7204,8.54377,1605934626289924864.npy
1.02804,1.53901,9.57146,1605934626391927040.npy
2.0916,4.11312,8.68803,1605934626493929216.npy
2.32651,3.12224,8.9433,1605934626595931392.npy
-1.75154,-3.4001,9.01781,1605934626697933568.npy
4.68163,1.86276,8.39455,1605934626799935744.npy
-0.639782,4.53918,8.71223,1605934626901937920.npy
3.2177,0.492688,9.33399,1605934627003940096.npy
1.5991,4.25179,8.7219,1605934627105942272.npy
-1.09546,4.81802,8.43513,1605934627207944448.npy
4.06349,-0.123341,8.9785,1605934627309946624.npy
-3.05697,3.75887,8.56377,1605934627411948800.npy
-1.56725,1.70742,9.54454,1605934627513950976.npy
0.584886,-4.61363,8.56947,1605934627615953152.npy
4.41998,1.90405,8.57781,1605934627717955328.npy
-4.73941,0.451272,8.47289,1605934627819957504.npy
-0.491232,-4.67391,8.53379,1605934627921959680.npy
-4.79268,0.646847,8.47494,1605934628023961856.npy
-2.92278,-0.661583,9.36857,1605934628125964032.npy
-2.7968,3.80953,8.64504,1605934628227966208.npy
-2.13271,-2.93737,9.11865,1605934628329968384.npy
-4.23508,0.870906,8.84037,1605934628431970560.npy
-1.85242,4.71338,8.35697,1605934628533972736.npy
-4.35012,0.627469,8.80428,1605934628635974912.npy
-2.88921,-4.52919,8.25546,1605934628737977088.npy
2.16828,2.95644,9.09778,1605934628839979264.npy
-1.50464,-0.00953999,9.71424,1605934628941981440.npy
0.679947,-3.34466,9.18238,1605934629043983616.npy
-2.11074,2.11412,9.32358,1605934629145985792.npy
2.37117,-1.52306,9.43054,1605934629247987968.npy
4.82078,-1.88689,8.3388,1605934629349990144.npy
0.263961,0.268165,9.87055,1605934629451992320.npy
-4.07724,-3.22563,8.28456,1605934629553994496.npy
1.63895,-0.361095,9.70599,1605934629655996672.npy
0.321756,-4.02075,8.9325,1605934629757998848.npy
4.35654,3.44164,8.07636,1605934629860001024.npy
-4.19786,-0.791069,8.86707,1605934629962003200.npy
1.24153,4.38833,8.61128,1605934630064005376.npy
1.05455,2.73934,9.31339,1605934630166007552.npy
-1.9625,-1.70593,9.38787,1605934630268009728.npy
-0.688177,-4.76009,8.58266,1605934630370011904.npy
-1.03731,-3.6389,9.04032,1605934630472014080.npy
-0.384277,0.848824,9.78222,1605934630574016256.npy
1.22246,-3.35827,9.07992,1605934630676018432.npy
2.53334,-0.254639,9.48035,1605934630778020608.npy
-4.32117,0.41561,8.76917,1605934630880022784.npy
3.11667,-3.98803,8.39539,1605934630982024960.npy
-0.728935,-0.341862,9.78365,1605934631084027136.npy
-3.01543,-4.15692,8.39246,1605934631186029312.npy
0.169084,0.205392,9.90706,1605934631288031488.npy
2.5174,2.59975,9.13344,1605934631390033664.npy
0.993769,4.76014,8.53998,1605934631492035840.npy
-1.57398,0.114143,9.71738,1605934631594038016.npy
-4.77805,-3.16633,8.07414,1605934631696040192.npy
4.70954,2.69023,8.1251,1605934631798042368.npy
2.15029,4.72489,8.31799,1605934631900044544.npy
-1.40184,-3.10482,9.23199,1605934632002046720.npy
-4.79352,-2.18139,8.33305,1605934632104048896.npy
-3.4799,0.990028,9.10053,1605934632206051072.npy
-4.32449,1.8999,8.55754,1605934632308053248.npy
-1.93801,-1.72891,9.38971,1605934632410055424.npy
3.74097,-3.42994,8.45507,1605934632512057600.npy
-0.47381,-2.73628,9.37445,1605934632614059776.npy
-2.46644,3.52686,8.80521,1605934632716061952.npy
1.08374,-2.33715,9.54033,1605934632818064128.npy
4.41476,-3.71894,7.83343,1605934632920066304.npy
0.870341,3.49359,9.13413,1605934633022068480.npy
-1.22707,-3.19497,9.21362,1605934633124070656.npy
1.28432,4.5679,8.55204,1605934633226072832.npy
2.18745,2.79749,9.12761,1605934633328075008.npy
4.42449,0.33907,8.732,1605934633430077184.npy
1.41768,-3.86223,8.89879,1605934633532079360.npy
-2.55586,4.42336,8.40655,1605934633634081536.npy
-2.89806,0.254631,9.37121,1605934633736083712.npy
-1.05437,-1.46458,9.58532,1605934633838085888.npy
-0.706989,-0.0422457,9.74598,1605934633940088064.npy
2.80036,-1.93255,9.21754,1605934634042090240.npy
2.976,-0.0440389,9.38673,1605934634144092416.npy
0.521846,-0.77293,9.76485,1605934634246094592.npy
4.38612,1.16873,8.67237,1605934634348096768.npy
-4.17313,-0.765415,8.83814,1605934634450098944.npy
-0.20972,3.67144,9.06723,1605934634552101120.npy
-3.11628,-3.78591,8.44669,1605934634654103296.npy
4.15485,1.18654,8.76467,1605934634756105472.npy
3.66321,-2.45425,8.7145,1605934634858107648.npy
-4.74949,-3.61774,7.69314,1605934634960109824.npy
0.329183,2.53779,9.45931,1605934635062112000.npy
-0.515334,-4.80437,8.54495,1605934635164114176.npy
-3.26999,-0.727905,9.24223,1605934635266116352.npy
-1.09329,4.22012,8.82587,1605934635368118528.npy
4.17473,1.67134,8.69934,1605934635470120704.npy
-3.62759,-1.02268,9.05025,1605934635572122880.npy
-2.95553,-2.7011,8.93454,1605934635674125056.npy
4.79527,3.94699,7.54644,1605934635776127232.npy
-0.755983,2.81056,9.32597,1605934635878129408.npy
4.78686,-1.77172,8.30583,1605934635980131584.npy
-1.20487,0.430811,9.72037,1605934636082133760.npy
-3.90885,-2.14064,8.73302,1605934636184135936.npy
4.05815,1.85534,8.72703,1605934636286138112.npy
-0.709017,-4.33727,8.70476,1605934636388140288.npy
0.360806,-0.662401,9.85308,1605934636490142464.npy
-2.46827,1.13058,9.42128,1605934636592144640.npy
3.03376,-2.6564,8.92968,1605934636694146816.npy
-4.52562,-2.89569,8.23219,1605934636796148992.npy
-4.40974,0.182653,8.77989,1605934636898151168.npy
-2.47635,2.73956,9.06046,1605934637000153344.npy
0.731345,-4.13106,8.94603,1605934637102155520.npy
1.53277,4.08101,8.70936,1605934637204157696.npy
0.41592,4.31681,8.77171,1605934637306159872.npy
4.45658,-2.52293,8.29303,1605934637408162048.npy
2.95983,-3.63761,8.59095,1605934637510164224.npy
-1.84274,4.21645,8.61539,1605934637612166400.npy
3.99967,-2.83522,8.5415,1605934637714168576.npy
4.71658,4.25296,7.42358,1605934637816170752.npy
-4.8681,3.16454,7.86645,1605934637918172928.npy
-1.2997,-2.3013,9.4262,1605934638020175104.npy
-0.964296,-1.13561,9.6184,1605934638122177280.npy
2.43302,-3.5124,8.81624,1605934638224179456.npy
-3.91321,-3.26881,8.44506,1605934638326181632.npy
-0.530019,-0.585465,9.78308,1605934638428183808.npy
1.51452,-3.0367,9.25141,1605934638530185984.npy
2.07332,4.6064,8.34732,1605934638632188160.npy
1.38711,-4.09754,8.76166,1605934638734190336.npy
-3.65182,-4.59483,7.89541,1605934638836192512.npy
-2.22799,1.83505,9.27304,1605934638938194688.npy
-4.81695,-0.0803669,8.58315,1605934639040196864.npy
4.12597,0.917919,8.85861,1605934639142199040.npy
-0.537143,1.91348,9.709,1605934639244201216.npy
-1.50382,-3.51993,8.93773,1605934639346203392.npy
4.93946,1.85867,8.30438,1605934639448205568.npy
4.89639,-2.5396,8.01813,1605934639550207744.npy
1.11173,1.62451,9.60295,1605934639652209920.npy
-0.175734,-0.865534,9.73988,1605934639754212096.npy
-0.0891413,0.313639,9.73097,1605934639856214272.npy
-4.88722,3.79867,7.65702,1605934639958216448.npy
1.39701,2.20149,9.4303,1605934640060218624.npy
-2.11269,-2.02433,9.21912,1605934640162220800.npy
0.132724,-0.930143,9.74754,1605934640264222976.npy
2.48795,-2.92352,8.97337,1605934640366225152.npy
0.766819,3.07381,9.27471,1605934640468227328.npy
-2.649,-3.77036,8.66276,1605934640570229504.npy
-1.61347,-3.60538,9.03984,1605934640672231680.npy
4.15884,1.45327,8.67678,1605934640774233856.npy
4.71732,4.24355,7.62176,1605934640876236032.npy
1.01787,-3.00174,9.22124,1605934640978238208.npy
-3.20329,2.31778,8.92352,1605934641080240384.npy
-3.28653,-3.495,8.5562,1605934641182242560.npy
4.57463,1.10348,8.62581,1605934641284244736.npy
-1.10568,3.27348,9.10229,1605934641386246912.npy
-3.36524,4.13568,8.22749,1605934641488249088.npy
-0.702458,4.22974,8.80075,1605934641590251264.npy
3.52301,3.14988,8.57398,1605934641692253440.npy
3.29969,-0.636561,9.24205,1605934641794255616.npy
3.4169,4.16355,8.2075,1605934641896257792.npy
4.18743,3.62553,8.05775,1605934641998259968.npy
-2.61842,-4.35837,8.38623,1605934642100262144.npy
-2.17037,-4.34532,8.44995,1605934642202264320.npy
1.94665,1.12435,9.48578,1605934642304266496.npy
-4.53823,3.65596,7.87935,1605934642406268672.npy
-4.48305,-2.10486,8.48477,1605934642508270848.npy
-2.60436,2.36463,9.15937,1605934642610273024.npy
0.225836,4.47547,8.72758,1605934642712275200.npy
-2.34068,-4.60695,8.34977,1605934642814277376.npy
4.35024,-2.94008,8.2368,1605934642916279552.npy
-2.61298,-3.26145,8.92039,1605934643018281728.npy
3.58135,3.75337,8.28571,1605934643120283904.npy
-3.75495,3.45085,8.28894,1605934643222286080.npy
3.81934,1.99333,8.76828,1605934643324288256.npy
-2.57643,-2.02765,9.27062,1605934643426290432.npy
3.86003,-1.32273,8.98043,1605934643528292608.npy
-3.60618,-2.50251,8.74602,1605934643630294784.npy
3.08926,4.06028,8.37006,1605934643732296960.npy
3.04761,1.25484,9.12881,1605934643834299136.npy
4.6961,-2.09771,8.3027,1605934643936301312.npy
-2.90444,-1.01302,9.26988,1605934644038303488.npy
0.466719,-1.14451,9.74089,1605934644140305664.npy
-1.61679,3.62564,8.96549,1605934644242307840.npy
-1.25395,-1.9273,9.54609,1605934644344310016.npy
-1.31141,2.89468,9.2182,1605934644446312192.npy
3.5445,2.68383,8.66102,1605934644548314368.npy
2.22672,-3.04161,8.91394,1605934644650316544.npy
2.74283,-2.96094,8.98981,1605934644752318720.npy
3.08661,4.0997,8.34059,1605934644854320896.npy
-4.76599,-3.35527,7.91565,1605934644956323072.npy
-3.29583,0.69877,9.21237,1605934645058325248.npy
-2.23043,-0.162415,9.51466,1605934645160327424.npy
2.9993,3.40882,8.63917,1605934645262329600.npy
-0.186747,-4.34287,8.7466,1605934645364331776.npy
4.21944,-2.35872,8.47637,1605934645466333952.npy
3.15251,-2.89421,8.86204,1605934645568336128.npy
3.6334,-2.37679,8.82867,1605934645670338304.npy
-4.15225,0.777526,8.88006,1605934645772340480.npy
2.67329,3.70375,8.63936,1605934645874342656.npy
2.24427,1.51401,9.4972,1605934645976344832.npy
-4.30412,-2.52865,8.53588,1605934646078347008.npy
2.74055,3.33481,8.72888,1605934646180349184.npy
2.00963,-1.90598,9.38572,1605934646282351360.npy
0.342001,1.15533,9.75083,1605934646384353536.npy
2.39109,-0.244929,9.53353,1605934646486355712.npy
2.81363,-0.173586,9.41857,1605934646588357888.npy
2.1698,0.0642907,9.49302,1605934646690360064.npy
4.13454,0.130085,8.9449,1605934646792362240.npy
-4.11946,4.31823,7.76226,1605934646894364416.npy
-0.680263,-4.05252,8.86017,1605934646996366592.npy
-3.4485,1.07722,9.0506,1605934647098368768.npy
-2.0264,3.37652,8.93649,1605934647200370944.npy
3.49165,-0.217496,9.25461,1605934647302373120.npy
1.39834,2.95613,9.33166,1605934647404375296.npy
-4.50505,-3.22676,8.05662,1605934647506377472.npy
-1.08336,1.23589,9.67069,1605934647608379648.npy
1.52647,0.719168,9.63453,1605934647710381824.npy
-4.60705,-3.88651,7.81307,1605934647812384000.npy
-3.1084,4.41514,8.08163,1605934647914386176.npy
3.19051,2.50937,8.87414,1605934648016388352.npy
-4.51846,-2.766,8.32648,1605934648118390528.npy
-0.501169,1.7786,9.65415,1605934648220392704.npy
1.57241,4.09695,8.80058,1605934648322394880.npy
-4.2573,1.7191,8.69523,1605934648424397056.npy
-2.78433,-4.60969,8.17048,1605934648526399232.npy
4.31732,-2.09165,8.47276,1605934648628401408.npy
3.44149,-3.70944,8.36198,1605934648730403584.npy
2.61577,-3.37135,8.81271,1605934648832405760.npy
-0.00520115,-3.71297,9.00935,1605934648934407936.npy
4.85107,2.89448,8.05078,1605934649036410112.npy
-1.72694,-1.68589,9.55262,1605934649138412288.npy
-3.85195,0.583297,8.9782,1605934649240414464.npy
3.95861,3.00523,8.47907,1605934649342416640.npy
-4.33126,1.30063,8.72485,1605934649444418816.npy
1.84194,-0.628407,9.63292,1605934649546420992.npy
0.315269,-4.63785,8.61871,1605934649648423168.npy
-3.69277,1.33497,9.03486,1605934649750425344.npy
4.54729,-2.58657,8.2527,1605934649852427520.npy
-1.75784,3.77474,8.84342,1605934649954429696.npy
-1.73506,-2.44981,9.28016,1605934650056431872.npy
-1.43296,2.87843,9.2966,1605934650158434048.npy
-0.959907,2.88875,9.28856,1605934650260436224.npy
4.57042,-0.289638,8.6776,1605934650362438400.npy
-3.45328,-2.53912,8.81186,1605934650464440576.npy
-1.04211,-4.64867,8.61215,1605934650566442752.npy
-3.7204,-1.72998,8.8759,1605934650668444928.npy
-3.76398,-0.382396,9.02739,1605934650770447104.npy
2.06998,-4.56917,8.38915,1605934650872449280.npy
1.95012,3.95833,8.69395,1605934650974451456.npy
-4.68207,-0.69774,8.59256,1605934651076453632.npy
4.60079,-4.13403,7.64926,1605934651178455808.npy
-3.82362,-4.17234,8.08378,1605934651280457984.npy
0.168643,3.61575,9.10741,1605934651382460160.npy
0.524023,-3.76905,9.01978,1605934651484462336.npy
-1.24242,1.10309,9.75321,1605934651586464512.npy
0.384335,-4.41587,8.7126,1605934651688466688.npy
-3.66586,-0.615121,9.06144,1605934651790468864.npy
-3.44598,1.95594,8.94712,1605934651892471040.npy
1.94934,2.51817,9.2026,1605934651994473216.npy
4.36806,0.839476,8.77549,1605934652096475392.npy
2.53151,-1.48655,9.34306,1605934652198477568.npy
2.96096,1.05107,9.37214,1605934652300479744.npy
-4.20936,3.34167,8.15445,1605934652402481920.npy
-4.1131,-2.92483,8.38463,1605934652504484096.npy
2.46624,-4.16528,8.57585,1605934652606486272.npy
-3.01707,-1.34201,9.26077,1605934652708488448.npy
-3.51622,-1.51318,9.0279,1605934652810490624.npy
-4.5206,4.08402,7.61378,1605934652912492800.npy
1.22245,2.58494,9.3418,1605934653014494976.npy
-0.618369,-4.14892,8.78314,1605934653116497152.npy
0.431794,3.5815,9.08047,1605934653218499328.npy
-2.42527,1.23739,9.41991,1605934653320501504.npy
1.97598,-0.906371,9.51712,1605934653422503680.npy
0.225505,3.2043,9.14765,1605934653524505856.npy
2.52384,1.99752,9.24393,1605934653626508032.npy
3.20859,-4.57822,8.09426,1605934653728510208.npy
0.473215,2.76865,9.45961,1605934653830512384.npy
3.12974,3.0012,8.80207,1605934653932514560.npy
3.11264,2.87349,8.82883,1605934654034516736.npy
-0.914043,0.738029,9.77786,1605934654136518912.npy
2.01356,-1.96046,9.3921,1605934654238521088.npy
3.88106,-4.36595,7.9017,1605934654340523264.npy
2.7465,1.86162,9.20046,1605934654442525440.npy
0.11078,-4.14575,8.93083,1605934654544527616.npy
3.39373,-4.29485,8.19865,1605934654748531968.npy
0.415785,-2.09605,9.58441,1605934654850534144.npy
3.20148,4.29423,8.29187,1605934654952536320.npy
1.52998,0.90969,9.6522,1605934655054538496.npy
-4.50563,2.80109,8.21972,1605934655156540672.npy
0.889599,-4.36097,8.72859,1605934655258542848.npy
4.79674,2.17213,8.34403,1605934655360545024.npy
4.26605,-2.61367,8.42746,1605934655462547200.npy
-4.67344,-0.53518,8.65688,1605934655564549376.npy
-1.19177,2.978,9.28971,1605934655666551552.npy
0.277274,-4.92441,8.48023,1605934655768553728.npy
-0.713517,-3.09345,9.33646,1605934655870555904.npy
-0.864047,2.33544,9.41004,1605934655972558080.npy
-2.31404,-3.22192,8.87938,1605934656074560256.npy
1.83479,-0.679372,9.56306,1605934656176562432.npy
-3.92736,3.22396,8.43981,1605934656278564608.npy
4.50003,3.58644,7.94531,1605934656380566784.npy
4.64155,1.11842,8.49384,1605934656482568960.npy
0.815863,1.38389,9.72115,1605934656584571136.npy
0.820863,-2.62581,9.34203,1605934656686573312.npy
-1.50092,-1.19064,9.62403,1605934656788575488.npy
1.31671,-3.51286,8.96196,1605934656890577664.npy
-4.10938,0.238252,8.88517,1605934656992579840.npy
-1.39245,-2.28672,9.37822,1605934657094582016.npy
4.85776,1.4584,8.39862,1605934657196584192.npy
0.416237,0.125614,9.80885,1605934657298586368.npy
0.213178,4.3995,8.76803,1605934657400588544.npy
-1.8682,-3.66077,8.93973,1605934657502590720.npy
3.64126,-2.37822,8.77369,1605934657604592896.npy
1.90635,0.169768,9.60932,1605934657706595072.npy
3.31306,1.20798,9.10596,1605934657808597248.npy
0.102699,-4.64894,8.63738,1605934657910599424.npy
-1.80133,-3.71857,8.89043,1605934658012601600.npy
-2.30975,-4.35141,8.53071,1605934658114603776.npy
-2.88649,3.50312,8.65184,1605934658216605952.npy
2.34738,3.09687,8.99861,1605934658318608128.npy
2.58706,-1.65449,9.34083,1605934658420610304.npy
0.606538,-4.57931,8.66626,1605934658522612480.npy
-2.46975,-2.40034,9.21169,1605934658624614656.npy
-2.8813,1.06196,9.24213,1605934658726616832.npy
1.67696,3.12251,9.0982,1605934658828619008.npy
3.04237,-2.83537,8.9282,1605934658930621184.npy
-4.37618,0.666889,8.69061,1605934659032623360.npy
-1.10309,-2.69181,9.38863,1605934659134625536.npy
0.258915,-2.68201,9.4302,1605934659236627712.npy
-2.01863,2.7411,9.20539,1605934659338629888.npy
2.27203,-2.67087,9.18715,1605934659440632064.npy
0.502326,-4.75997,8.5464,1605934659542634240.npy
-3.64423,4.45615,7.93718,1605934659644636416.npy
4.09803,-1.83315,8.68304,1605934659746638592.npy
-1.66583,1.42731,9.54958,1605934659848640768.npy
-3.43917,-1.44589,9.09391,1605934659950642944.npy
2.37447,3.70845,8.75254,1605934660052645120.npy
-3.35456,-0.615387,9.21984,1605934660154647296.npy
0.281522,-4.43145,8.69779,1605934660256649472.npy
-1.25209,-1.6603,9.5712,1605934660358651648.npy
-3.73547,-3.67975,8.33576,1605934660460653824.npy
-4.41406,2.89017,8.31197,1605934660562656000.npy
2.34295,3.24489,8.94124,1605934660664658176.npy
-1.60496,3.69689,8.93744,1605934660766660352.npy
-3.68395,-2.01384,8.89062,1605934660868662528.npy
2.42559,0.931035,9.4894,1605934660970664704.npy
3.41437,-2.3927,8.81965,1605934661072666880.npy
-1.51576,3.73297,8.87378,1605934661174669056.npy
4.64621,-3.08638,8.15163,1605934661276671232.npy
-1.99923,-2.45269,9.36405,1605934661378673408.npy
2.86168,1.06145,9.32771,1605934661480675584.npy
-1.37068,0.0578752,9.72927,1605934661582677760.npy
-1.56232,1.1619,9.62528,1605934661684679936.npy
3.23378,4.34721,8.31423,1605934661786682112.npy
3.95361,-1.65307,8.76085,1605934661888684288.npy
0.492927,-4.09914,8.84925,1605934661990686464.npy
0.44796,3.24547,9.23904,1605934662092688640.npy
-4.07475,3.70954,8.10631,1605934662194690816.npy
4.71216,-1.09893,8.51921,1605934662296692992.npy
-2.21483,-4.57605,8.34181,1605934662398695168.npy
1.159,-3.55475,9.08509,1605934662500697344.npy
-0.338858,-1.1565,9.69514,1605934662602699520.npy
-0.0814214,0.197832,9.7873,1605934662704701696.npy
3.25133,-2.92223,8.82585,1605934662806703872.npy
2.59836,-2.19898,9.27408,1605934662908706048.npy
2.57712,-2.86062,9.00262,1605934663010708224.npy
3.26397,-4.34149,8.20643,1605934663112710400.npy
4.31456,1.70855,8.60408,1605934663214712576.npy
2.00215,4.22438,8.55846,1605934663316714752.npy
0.284517,1.58485,9.65773,1605934663418716928.npy
4.43125,-0.556135,8.7203,1605934663520719104.npy
3.93718,-3.52664,8.19705,1605934663622721280.npy
3.2034,-4.2067,8.24343,1605934663724723456.npy
1.35534,-1.7787,9.53932,1605934663826725632.npy
3.19576,-3.89301,8.44547,1605934663928727808.npy
-4.56073,-3.16712,7.9813,1605934664030729984.npy
-0.305826,4.25949,8.88128,1605934664132732160.npy
2.54898,-1.83377,9.29167,1605934664234734336.npy
-0.653699,3.79679,8.91076,1605934664336736512.npy
-2.05033,-2.64602,9.23359,1605934664438738688.npy
1.88227,4.07177,8.72355,1605934664540740864.npy
-3.8453,-3.23377,8.52959,1605934664642743040.npy
4.78495,2.85411,8.08727,1605934664744745216.npy
1.9214,-1.53315,9.42838,1605934664846747392.npy
2.13315,3.32813,9.01164,1605934664948749568.npy
-4.88271,2.12162,8.22081,1605934665050751744.npy
1.04822,-4.26938,8.81756,1605934665152753920.npy
3.95074,-4.08687,7.94039,1605934665254756096.npy
3.5215,4.19229,8.29957,1605934665356758272.npy
3.09805,4.28043,8.21125,1605934665458760448.npy
-2.66148,-3.43451,8.76754,1605934665560762624.npy
3.61374,-3.21134,8.39701,1605934665662764800.npy
0.644534,-0.182822,9.80183,1605934665764766976.npy
1.78295,3.65504,8.83871,1605934665866769152.npy
1.48065,4.17585,8.69875,1605934665968771328.npy
4.71052,3.06559,8.0614,1605934666070773504.npy
-2.38228,4.57401,8.28316,1605934666172775680.npy
-4.19462,0.115757,8.99352,1605934666274777856.npy
1.88885,-2.55749,9.27463,1605934666376780032.npy
-0.0791431,3.85829,8.99192,1605934666478782208.npy
3.74572,3.67555,8.33401,1605934666580784384.npy
-0.493826,-0.238928,9.82804,1605934666682786560.npy
2.33294,-2.24611,9.22652,1605934666784788736.npy
3.26462,3.95775,8.39166,1605934666886790912.npy
3.13642,1.91415,9.05075,1605934666988793088.npy
4.02727,-1.50834,8.79845,1605934667090795264.npy
1.16742,-3.18854,9.2225,1605934667192797440.npy
-2.89402,-2.41007,9.02711,1605934667294799616.npy
-1.12929,0.985638,9.72682,1605934667396801792.npy
0.124406,-1.27636,9.70464,1605934667498803968.npy
-1.37511,0.868123,9.68989,1605934667600806144.npy
4.32346,-3.40958,8.05667,1605934667702808320.npy
-0.732256,-0.0308175,9.8622,1605934667804810496.npy
-4.4676,-1.94744,8.46738,1605934667906812672.npy
1.88253,3.60761,8.99304,1605934668008814848.npy
-3.21409,-1.99976,9.11499,1605934668110817024.npy
0.708917,-1.30413,9.70472,1605934668212819200.npy
-3.72788,0.122896,9.06342,1605934668314821376.npy
-2.70825,0.35348,9.39004,1605934668416823552.npy
-0.788572,-1.61391,9.63035,1605934668518825728.npy
-0.0321624,1.0879,9.75395,1605934668620827904.npy
1.40506,-3.53727,9.07,1605934668722830080.npy
-3.95609,-1.56146,8.89065,1605934668824832256.npy
-2.04351,1.44778,9.45824,1605934668926834432.npy
-2.65433,4.34507,8.44013,1605934669028836608.npy
1.46777,-4.64922,8.44991,1605934669130838784.npy
-4.80106,-2.0243,8.37298,1605934669232840960.npy
-2.13292,0.328719,9.51291,1605934669334843136.npy
3.81425,2.55703,8.66088,1605934669436845312.npy
-4.89455,0.524481,8.39661,1605934669538847488.npy
-3.20852,-1.64163,9.05981,1605934669640849664.npy
4.09345,-3.14729,8.2471,1605934669742851840.npy
-2.93243,-0.815172,9.35144,1605934669844854016.npy
-2.2992,2.50499,9.2425,1605934669946856192.npy
-3.7404,-0.638273,9.04705,1605934670048858368.npy
3.83756,-0.167761,9.02423,1605934670150860544.npy
-4.68574,2.48613,8.33097,1605934670252862720.npy
3.17498,-1.47626,9.17075,1605934670354864896.npy
2.66761,1.7753,9.28047,1605934670456867072.npy
1.15072,1.09501,9.65566,1605934670558869248.npy
2.13462,0.39291,9.56673,1605934670660871424.npy
0.504413,1.99067,9.55587,1605934670762873600.npy
-4.69059,0.544795,8.5653,1605934670864875776.npy
1.79048,-1.08777,9.61525,1605934670966877952.npy
0.986129,1.83573,9.59328,1605934671068880128.npy
3.43284,-3.45959,8.4861,1605934671170882304.npy
-0.628996,2.92251,9.33384,1605934671272884480.npy
-4.14808,-3.12609,8.32577,1605934671374886656.npy
1.20975,-1.58761,9.71013,1605934671476888832.npy
-0.036112,1.7866,9.63401,1605934671578891008.npy
3.18138,-1.01144,9.17279,1605934671680893184.npy
0.246053,3.0279,9.30335,1605934671782895360.npy
-3.57805,-3.40328,8.4934,1605934671884897536.npy
4.65639,-0.4614,8.62972,1605934671986899712.npy
-2.20587,0.176759,9.5506,1605934672088901888.npy
-1.31847,-0.234993,9.719,1605934672190904064.npy
1.18481,-2.01037,9.4536,1605934672292906240.npy
-4.64581,3.15632,8.06555,1605934672394908416.npy
4.10762,-3.51978,8.12016,1605934672496910592.npy
-3.07774,-1.91568,9.11085,1605934672598912768.npy
-2.78808,-3.53281,8.70359,1605934672700914944.npy
4.35471,-0.870711,8.66864,1605934672802917120.npy
3.77072,-3.3187,8.46255,1605934672904919296.npy
2.74986,1.20511,9.34548,1605934673006921472.npy
-3.9931,-1.55315,8.82924,1605934673108923648.npy
2.21197,2.39566,9.29615,1605934673210925824.npy
4.82409,2.68907,8.1699,1605934673312928000.npy
-1.17668,-0.520319,9.65707,1605934673516932352.npy
-4.53318,0.746353,8.71975,1605934673618934528.npy
-3.71127,3.43542,8.43342,1605934673720936704.npy
-2.99523,-4.46109,8.14485,1605934673822938880.npy
-3.64602,-0.605578,9.07601,1605934673924941056.npy
-1.10453,1.58049,9.5424,1605934674026943232.npy
0.24112,0.752591,9.74421,1605934674128945408.npy
3.45058,-0.378073,9.17779,1605934674230947584.npy
3.90454,4.40572,7.84205,1605934674332949760.npy
0.567993,3.32485,9.22437,1605934674434951936.npy
1.87396,-1.98927,9.46677,1605934674536954112.npy
-2.14531,1.93444,9.37195,1605934674638956288.npy
3.87654,4.37107,7.9019,1605934674740958464.npy
-2.30422,2.91787,9.1489,1605934674842960640.npy
-1.21514,-3.28034,9.14132,1605934674944962816.npy
-3.83827,-2.6466,8.56492,1605934675046964992.npy
3.78258,3.51042,8.34304,1605934675148967168.npy
3.73623,-2.18099,8.75699,1605934675250969344.npy
2.75601,0.245476,9.42677,1605934675352971520.npy
-2.4591,-1.92184,9.25987,1605934675454973696.npy
1.35904,-0.385352,9.66794,1605934675556975872.npy
1.89168,-1.21446,9.62014,1605934675658978048.npy
3.04511,2.89547,8.82056,1605934675760980224.npy
-3.63655,-4.27975,7.998,1605934675862982400.npy
-0.63927,-4.05976,8.86401,1605934675964984576.npy
-1.50462,-0.860175,9.58845,1605934676066986752.npy
1.48912,-0.802443,9.71156,1605934676168988928.npy
1.6377,-1.04238,9.67318,1605934676270991104.npy
2.95029,0.242231,9.30698,1605934676372993280.npy
-2.92594,2.14994,9.12291,1605934676474995456.npy
2.5853,-2.31172,9.11166,1605934676576997632.npy
3.42916,-0.418974,9.21071,1605934676678999808.npy
0.219626,0.466513,9.82071,1605934676781001984.npy
-1.27101,-4.34494,8.64935,1605934676883004160.npy
4.84419,-1.12424,8.44626,1605934676985006336.npy
0.735228,-0.510653,9.81488,1605934677087008512.npy
-4.37487,-2.72171,8.26324,1605934677189010688.npy
1.52664,-0.58466,9.70192,1605934677291012864.npy
1.49198,-0.955646,9.62632,1605934677393015040.npy
-4.0082,-2.67556,8.52295,1605934677495017216.npy
4.25924,0.809983,8.82484,1605934677597019392.npy
4.46533,-3.03307,8.20691,1605934677699021568.npy
2.99564,-2.70271,8.89394,1605934677801023744.npy
-4.04934,-3.35086,8.28442,1605934677903025920.npy
-0.771061,4.75003,8.5722,1605934678005028096.npy
-2.59111,-3.68528,8.75377,1605934678107030272.npy
1.06908,2.13987,9.45258,1605934678209032448.npy
-3.05728,-3.89602,8.46648,1605934678311034624.npy
-4.32323,0.551663,8.69698,1605934678413036800.npy
-4.6547,-0.735326,8.70702,1605934678515038976.npy
-0.66477,3.8023,9.06163,1605934678617041152.npy
-0.0512008,-4.82451,8.62481,1605934678719043328.npy
4.83763,-3.82364,7.5506,1605934678821045504.npy
-3.08058,-3.45946,8.61038,1605934678923047680.npy
4.358,-1.65162,8.65148,1605934679025049856.npy
-3.39854,0.987466,9.12299,1605934679127052032.npy
4.28006,-1.40758,8.69697,1605934679229054208.npy
0.272307,2.63297,9.46043,1605934679331056384.npy
-1.99004,4.4536,8.51866,1605934679433058560.npy
4.80897,0.183756,8.49721,1605934679535060736.npy
-4.10877,1.00686,8.84654,1605934679637062912.npy
-2.07413,4.13094,8.56381,1605934679739065088.npy
2.00885,0.0174255,9.63026,1605934679841067264.npy
2.83053,1.56237,9.27514,1605934679943069440.npy
-0.000555776,2.50685,9.56823,1605934680045071616.npy
-4.24408,-1.74242,8.61517,1605934680147073792.npy
0.707001,-4.06027,8.91677,1605934680249075968.npy
-1.57838,-0.653735,9.62814,1605934680351078144.npy
-0.72353,4.12877,8.85656,1605934680453080320.npy
4.79993,-2.9634,8.0418,1605934680555082496.npy
-1.04026,2.17582,9.4298,1605934680657084672.npy
3.94829,2.97899,8.48537,1605934680759086848.npy
4.36871,0.693502,8.88286,1605934680861089024.npy
-1.92382,1.34106,9.46984,1605934680963091200.npy
4.7769,0.934496,8.48913,1605934681065093376.npy
-0.0261692,-2.29866,9.53505,1605934681167095552.npy
2.82912,1.51533,9.29598,1605934681269097728.npy
2.1758,-2.16822,9.30046,1605934681371099904.npy
-4.08555,2.51944,8.49779,1605934681473102080.npy
0.240888,4.65629,8.57317,1605934681575104256.npy
3.81852,-1.14636,8.99427,1605934681677106432.npy
-3.46333,0.522469,9.05669,1605934681779108608.npy
0.65053,0.862156,9.71994,1605934681881110784.npy
4.55134,3.28731,8.10321,1605934681983112960.npy
1.27946,1.86042,9.56945,1605934682085115136.npy
-1.29999,0.834911,9.7021,1605934682187117312.npy
3.52596,-4.19942,8.12778,1605934682289119488.npy
-4.35206,-0.456699,8.81781,1605934682391121664.npy
-2.88831,4.33371,8.28868,1605934682493123840.npy
0.192694,-1.22333,9.70436,1605934682595126016.npy
2.11114,2.36901,9.33681,1605934682697128192.npy
-4.21335,0.201699,8.82819,1605934682799130368.npy
-2.2318,0.573541,9.56821,1605934682901132544.npy
0.103948,-2.09526,9.50194,1605934683003134720.npy
0.00921292,-3.97751,8.93929,1605934683105136896.npy
-0.910695,4.07465,8.87985,1605934683207139072.npy
0.855608,-4.03353,8.94372,1605934683309141248.npy
3.20681,-0.141924,9.18465,1605934683411143424.npy
4.5817,0.098403,8.65672,1605934683513145600.npy
-0.498162,1.53667,9.68492,1605934683615147776.npy
-2.43639,3.82798,8.69929,1605934683717149952.npy
-2.27253,3.88312,8.63694,1605934683819152128.npy
0.530791,3.59694,9.17402,1605934683921154304.npy
-3.65133,-1.95718,8.83247,1605934684023156480.npy
-1.88225,-3.94991,8.74312,1605934684125158656.npy
-3.42146,2.61213,8.75041,1605934684227160832.npy
-1.74866,-1.14364,9.58498,1605934684329163008.npy
1.85724,3.04287,9.18702,1605934684431165184.npy
-2.59874,2.12503,9.2282,1605934684533167360.npy
-2.56108,1.45,9.34208,1605934684635169536.npy
4.5407,-1.95585,8.53324,1605934684737171712.npy
4.80961,-2.38921,8.15671,1605934684839173888.npy
-4.46815,1.59601,8.52986,1605934684941176064.npy
3.98935,-0.928068,8.91662,1605934685145180416.npy
4.18835,2.70503,8.38561,1605934685247182592.npy
-2.12733,-3.50862,8.93413,1605934685349184768.npy
4.47055,0.183056,8.61788,1605934685451186944.npy
4.87819,-3.88614,7.59545,1605934685553189120.npy
-2.60856,-2.08465,9.20733,1605934685655191296.npy
-3.27542,1.36975,9.10744,1605934685757193472.npy
2.71543,-0.366455,9.42375,1605934685859195648.npy
-1.30082,-4.13505,8.86822,1605934685961197824.npy
2.86314,-3.60833,8.74755,1605934686063200000.npy
-0.218409,4.40884,8.82556,1605934686165202176.npy
-4.59766,-1.92665,8.45955,1605934686267204352.npy
-3.17669,2.31773,8.95005,1605934686369206528.npy
-1.99573,4.2584,8.59593,1605934686471208704.npy
3.89914,2.88182,8.55763,1605934686573210880.npy
1.04294,4.73637,8.53259,1605934686675213056.npy
3.63022,3.27232,8.58043,1605934686777215232.npy
1.90605,-1.60392,9.50265,1605934686879217408.npy
-3.87739,1.40867,8.91251,1605934686981219584.npy
0.572214,-2.89474,9.37964,1605934687083221760.npy
1.17773,-0.856615,9.7803,1605934687185223936.npy
3.11919,-0.629807,9.28686,1605934687287226112.npy
0.324637,0.345093,9.7977,1605934687389228288.npy
-3.74444,1.56763,8.92927,1605934687491230464.npy
-2.97029,3.31655,8.66017,1605934687593232640.npy
-3.41453,-1.71813,9.0066,1605934687695234816.npy
-2.3125,-2.96692,9.0855,1605934687797236992.npy
-3.58588,1.82537,8.92961,1605934687899239168.npy
4.38986,-1.32198,8.61088,1605934688001241344.npy
-0.791721,-1.18774,9.64988,1605934688103243520.npy
-3.74744,-2.6856,8.57174,1605934688205245696.npy
2.39836,0.0759619,9.51714,1605934688307247872.npy
0.456359,-1.86216,9.59388,1605934688409250048.npy
-4.52935,-3.37139,8.05145,1605934688511252224.npy
2.12143,1.56009,9.46765,1605934688613254400.npy
-3.99401,-0.152846,8.97435,1605934688715256576.npy
-3.51071,-3.46217,8.41638,1605934688817258752.npy
-0.930926,-1.35093,9.60261,1605934688919260928.npy
-0.360457,-0.918298,9.72074,1605934689021263104.npy
-0.923491,-3.02472,9.23859,1605934689123265280.npy
2.39006,4.11683,8.64361,1605934689225267456.npy
-0.45219,-4.51554,8.75062,1605934689327269632.npy
4.8307,4.14711,7.50135,1605934689429271808.npy
-2.18246,0.538327,9.55789,1605934689531273984.npy
4.69958,3.71386,7.76105,1605934689633276160.npy
4.69445,1.43308,8.45179,1605934689735278336.npy
1.61236,-4.49421,8.54459,1605934689837280512.npy
-3.37757,-2.42279,8.8171,1605934689939282688.npy
0.895419,-1.25467,9.70246,1605934690041284864.npy
-2.24891,3.21746,8.93321,1605934690143287040.npy
-4.48994,-1.31677,8.63379,1605934690245289216.npy
1.5748,2.35374,9.35804,1605934690347291392.npy
0.83646,3.42695,9.14342,1605934690449293568.npy
-3.05033,1.97466,9.08926,1605934690551295744.npy
-0.345244,4.1358,8.88598,1605934690653297920.npy
3.61966,0.816254,9.05484,1605934690755300096.npy
3.22811,4.60738,8.07287,1605934690857302272.npy
0.00930822,-0.382258,9.73383,1605934690959304448.npy
-2.45667,-0.297143,9.50606,1605934691061306624.npy
-4.24612,3.6235,7.9177,1605934691163308800.npy
-1.31297,1.0066,9.75236,1605934691265310976.npy
-3.31496,3.31323,8.5777,1605934691367313152.npy
-1.47203,2.9881,9.22031,1605934691469315328.npy
2.84315,3.91699,8.51617,1605934691571317504.npy
-0.149073,1.78634,9.64299,1605934691673319680.npy
2.66947,-3.83277,8.56579,1605934691775321856.npy
-2.14632,1.242,9.50826,1605934691877324032.npy
-4.42016,-3.38862,8.03507,1605934691979326208.npy
3.8982,-1.60443,8.86185,1605934692081328384.npy
-1.43091,-0.0430374,9.6125,1605934692183330560.npy
-4.40085,2.30949,8.53669,1605934692285332736.npy
0.214765,0.80899,9.7337,1605934692387334912.npy
-0.21515,-1.64305,9.67754,1605934692489337088.npy
-1.1838,-2.12535,9.50353,1605934692591339264.npy
-3.37918,1.15678,9.13433,1605934692693341440.npy
1.42739,-4.85673,8.36801,1605934692795343616.npy
-1.8159,0.64842,9.57125,1605934692897345792.npy
2.48871,4.71748,8.23656,1605934692999347968.npy
-0.226115,-4.17401,8.89535,1605934693101350144.npy
-4.72477,3.91204,7.73248,1605934693203352320.npy
2.31575,1.38864,9.36826,1605934693305354496.npy
0.135689,1.28578,9.76794,1605934693407356672.npy
-3.59285,0.574514,9.11113,1605934693509358848.npy
-1.63846,-0.356607,9.59273,1605934693611361024.npy
-0.0926753,-0.333024,9.80279,1605934693713363200.npy
-2.47965,3.06043,8.96168,1605934693815365376.npy
1.14743,3.15913,9.2402,1605934693917367552.npy
1.62401,2.56608,9.33823,1605934694019369728.npy
-0.697743,3.11075,9.20266,1605934694121371904.npy
2.43643,-3.89753,8.60727,1605934694223374080.npy
-1.80836,-3.67678,8.83281,1605934694325376256.npy
-3.02467,-2.97478,8.8428,1605934694427378432.npy
-4.29364,-2.77581,8.37697,1605934694529380608.npy
-2.55466,-3.35806,8.91223,1605934694631382784.npy
3.06745,-1.95522,9.13077,1605934694733384960.npy
-1.20618,-3.56211,9.03349,1605934694835387136.npy
3.41228,0.944836,9.10368,1605934694937389312.npy
-4.32506,-2.11443,8.6077,1605934695039391488.npy
-0.47894,0.396293,9.85383,1605934695141393664.npy
-2.56179,2.83088,9.08395,1605934695243395840.npy
4.40093,-1.36465,8.65978,1605934695345398016.npy
2.32176,-1.77907,9.39101,1605934695447400192.npy
-4.88454,-3.7149,7.71427,1605934695549402368.npy
0.830061,-4.26288,8.89486,1605934695651404544.npy
-0.0568525,2.20534,9.61137,1605934695753406720.npy
1.94851,-1.53346,9.49021,1605934695855408896.npy
1.13085,1.44044,9.59069,1605934695957411072.npy
2.076,3.47835,8.9033,1605934696059413248.npy
-4.44216,-2.37699,8.44484,1605934696161415424.npy
2.53924,2.87707,8.99875,1605934696263417600.npy
-0.780726,2.06427,9.50785,1605934696365419776.npy
0.896228,-0.0818659,9.72953,1605934696467421952.npy
3.61484,-1.05166,9.04993,1605934696569424128.npy
-4.61606,-0.527942,8.60406,1605934696671426304.npy
-4.59946,3.22547,8.02876,1605934696773428480.npy
-4.33691,1.16815,8.70135,1605934696875430656.npy
4.38768,1.80063,8.53247,1605934696977432832.npy
-4.24202,-2.68297,8.43658,1605934697079435008.npy
-4.1631,-3.65869,7.98344,1605934697181437184.npy
-1.61596,1.11278,9.66386,1605934697283439360.npy
-1.94902,-2.93463,9.16975,1605934697385441536.npy
-3.43929,-0.436676,9.12975,1605934697487443712.npy
0.770193,3.45031,9.145,1605934697589445888.npy
-4.56657,-1.30391,8.57609,1605934697691448064.npy
0.776548,-3.21523,9.22342,1605934697793450240.npy
3.85224,-0.837229,8.96291,1605934697895452416.npy
1.2234,1.37795,9.6361,1605934697997454592.npy
-4.38469,0.710112,8.76685,1605934698099456768.npy
-4.59649,-0.549775,8.63043,1605934698201458944.npy
0.867434,4.77661,8.52128,1605934698303461120.npy
-0.113795,-4.22812,8.81684,1605934698405463296.npy
-0.329581,3.80168,9.10619,1605934698507465472.npy
-0.0851018,-0.817733,9.73153,1605934698609467648.npy
0.293016,-1.8814,9.59132,1605934698711469824.npy
2.37935,-1.28375,9.40203,1605934698813472000.npy
2.24484,3.92131,8.69011,1605934698915474176.npy
3.05204,3.49987,8.6874,1605934699017476352.npy
-0.482385,3.11737,9.27891,1605934699119478528.npy
-4.63746,0.948944,8.54601,1605934699221480704.npy
3.63156,-1.73331,8.97654,1605934699323482880.npy
4.62236,1.74892,8.46835,1605934699425485056.npy
2.68203,1.89978,9.21291,1605934699527487232.npy
-0.440912,2.46004,9.42125,1605934699629489408.npy
-4.18918,-2.55332,8.49761,1605934699731491584.npy
-3.89102,-0.546572,9.00737,1605934699833493760.npy
-4.72292,3.11607,8.09725,1605934699935495936.npy
-0.66108,-1.30541,9.70743,1605934700037498112.npy
-1.49199,4.66059,8.36586,1605934700139500288.npy
4.67054,-0.669432,8.6378,1605934700241502464.npy
-3.52343,4.36843,8.03047,1605934700343504640.npy
-1.82267,2.38366,9.33732,1605934700445506816.npy
-2.57681,-4.12004,8.51384,1605934700547508992.npy
0.609213,-1.11754,9.75625,1605934700649511168.npy
3.21993,-4.52315,8.13731,1605934700751513344.npy
-4.18367,-3.67715,8.07985,1605934700853515520.npy
3.63829,-3.1298,8.48177,1605934700955517696.npy
3.9025,4.04161,8.07848,1605934701057519872.npy
0.435821,4.83785,8.62298,1605934701159522048.npy
2.65873,-2.65259,9.01982,1605934701261524224.npy
-1.13486,3.67097,9.05189,1605934701363526400.npy
3.18802,-0.183146,9.30633,1605934701465528576.npy
-1.03426,4.38916,8.72077,1605934701567530752.npy
1.59086,-4.74285,8.37354,1605934701669532928.npy
-0.98825,3.74855,8.9637,1605934701771535104.npy
-4.82253,-2.49933,8.14134,1605934701873537280.npy
-3.82957,1.48044,8.83615,1605934701975539456.npy
2.00757,3.18164,9.0223,1605934702077541632.npy
-1.52789,-2.64363,9.30472,1605934702179543808.npy
-1.13252,3.7516,8.93574,1605934702281545984.npy
3.05539,0.35223,9.36971,1605934702383548160.npy
0.929144,-4.75902,8.50712,1605934702485550336.npy
4.16375,-2.43349,8.57407,1605934702587552512.npy
0.449747,1.84475,9.58361,1605934702689554688.npy
3.07356,0.314092,9.29157,1605934702791556864.npy
-2.68142,2.00997,9.21518,1605934702893559040.npy
2.59761,-3.68712,8.70093,1605934702995561216.npy
3.90179,0.548971,9.0751,1605934703097563392.npy
1.30349,-2.95267,9.27479,1605934703199565568.npy
1.25905,3.55942,9.1036,1605934703301567744.npy
-3.44629,-3.08967,8.69058,1605934703403569920.npy
-0.421063,3.11251,9.23851,1605934703505572096.npy
-1.91153,-1.51404,9.49307,1605934703607574272.npy
2.70579,-0.838757,9.43959,1605934703709576448.npy
4.39937,2.78183,8.31233,1605934703811578624.npy
0.539147,3.14955,9.24708,1605934703913580800.npy
1.79658,-1.70425,9.48654,1605934704015582976.npy
4.69557,-3.16562,8.04744,1605934704117585152.npy
-3.64656,3.75897,8.27682,1605934704219587328.npy
2.55802,-0.418104,9.36284,1605934704321589504.npy
-1.10748,3.1945,9.20827,1605934704423591680.npy
4.06975,-2.30396,8.61852,1605934704525593856.npy
-1.19746,-3.73469,8.9346,1605934704627596032.npy
4.35861,3.23964,8.29661,1605934704729598208.npy
1.53749,0.00116681,9.71858,1605934704831600384.npy
1.32223,-3.15102,9.25309,1605934704933602560.npy
-0.511195,-2.6176,9.39655,1605934705035604736.npy
2.46302,-0.714153,9.4345,1605934705137606912.npy
-2.67614,-1.62951,9.29574,1605934705239609088.npy
-1.61174,4.10363,8.78866,1605934705341611264.npy
1.0529,-1.9419,9.55879,1605934705443613440.npy
-4.6617,1.09779,8.58847,1605934705545615616.npy
2.94374,3.12286,8.79227,1605934705647617792.npy
-4.76113,2.32078,8.28325,1605934705749619968.npy
3.1397,-0.693236,9.2769,1605934705851622144.npy
2.34676,1.74389,9.36534,1605934705953624320.npy
3.59753,1.98171,8.8706,1605934706055626496.npy
-2.59274,-3.1567,8.89923,1605934706157628672.npy
0.548716,0.252518,9.78134,1605934706259630848.npy
2.6583,-0.203835,9.4623,1605934706361633024.npy
2.06542,4.23771,8.54512,1605934706463635200.npy
-3.60173,3.14493,8.60986,1605934706565637376.npy
2.92469,-1.32765,9.2444,1605934706667639552.npy
1.05861,-2.00685,9.44823,1605934706769641728.npy
-4.29949,0.500433,8.86721,1605934706871643904.npy
-3.7292,0.0536594,8.98408,1605934706973646080.npy
-1.57196,-2.82018,9.2556,1605934707075648256.npy
2.70312,-3.71501,8.57195,1605934707177650432.npy
-4.10192,-3.68813,8.14066,1605934707279652608.npy
-3.7206,4.1151,8.12684,1605934707381654784.npy
-4.57311,-1.83341,8.49369,1605934707483656960.npy
3.27516,-0.436071,9.3059,1605934707585659136.npy
-3.09768,2.05018,9.05795,1605934707687661312.npy
-0.987065,-1.67777,9.64449,1605934707789663488.npy
1.88155,-1.01095,9.60511,1605934707891665664.npy
-3.19819,-1.87885,9.03244,1605934707993667840.npy
-2.88888,1.75605,9.12445,1605934708095670016.npy
-4.71809,-3.46476,7.81397,1605934708197672192.npy
-1.11583,4.47598,8.64767,1605934708299674368.npy
-0.258237,2.18363,9.62122,1605934708401676544.npy
-1.31978,1.47311,9.60449,1605934708503678720.npy
4.7862,2.85741,8.13105,1605934708605680896.npy
-2.70363,-3.69749,8.67194,1605934708707683072.npy
1.86757,1.09923,9.58914,1605934708809685248.npy
-3.38159,-1.12597,9.09998,1605934708911687424.npy
0.582923,-4.28053,8.7818,1605934709013689600.npy
-3.78999,-4.53411,7.79404,1605934709115691776.npy
-1.73257,-0.669304,9.58076,1605934709217693952.npy
-4.48561,3.25138,8.09426,1605934709319696128.npy
-3.3932,-0.357827,9.27828,1605934709421698304.npy
3.88006,-2.02138,8.78462,1605934709523700480.npy
-2.5183,0.00786725,9.42733,1605934709625702656.npy
0.563654,-0.292951,9.77039,1605934709727704832.npy
-0.749893,4.32445,8.74373,1605934709829707008.npy
-4.36112,4.0594,7.7741,1605934709931709184.npy
-3.986,-4.40289,7.80633,1605934710033711360.npy
3.59975,-1.35292,9.02854,1605934710135713536.npy
2.41612,-0.663849,9.39116,1605934710237715712.npy
3.28761,-1.80017,9.04059,1605934710339717888.npy
1.99936,-0.864202,9.53991,1605934710441720064.npy
4.2598,1.38143,8.68957,1605934710543722240.npy
-1.60908,-1.82745,9.52778,1605934710645724416.npy
-2.03543,-2.14986,9.34018,1605934710747726592.npy
-1.20059,-3.58333,9.00184,1605934710849728768.npy
2.84209,0.682879,9.40537,1605934710951730944.npy
-1.00649,-3.51205,9.08979,1605934711053733120.npy
0.0322776,4.12767,8.85854,1605934711155735296.npy
4.54452,1.90046,8.54622,1605934711257737472.npy
3.60989,3.65652,8.42506,1605934711359739648.npy
-1.99983,-4.71699,8.45546,1605934711461741824.npy
-2.19814,1.65229,9.47261,1605934711563744000.npy
-4.63505,-2.56582,8.29342,1605934711665746176.npy
-0.76744,4.01668,8.87533,1605934711767748352.npy
-1.24189,-4.62688,8.62267,1605934711869750528.npy
3.34825,2.14246,9.00087,1605934711971752704.npy
-0.0701897,4.75332,8.66079,1605934712073754880.npy
-2.63398,1.94099,9.2733,1605934712175757056.npy
2.70304,-2.81555,8.97038,1605934712277759232.npy
-0.390402,3.67101,9.07264,1605934712379761408.npy
1.98945,-0.0768482,9.57427,1605934712481763584.npy
1.80014,1.30392,9.51032,1605934712583765760.npy
-3.00107,-4.09863,8.3796,1605934712685767936.npy
0.106351,0.229843,9.77897,1605934712787770112.npy
3.1818,1.99997,9.08388,1605934712889772288.npy
2.11125,-3.00356,9.08181,1605934712991774464.npy
0.404954,1.84873,9.64268,1605934713093776640.npy
-4.64058,-2.90852,8.08666,1605934713195778816.npy
-3.20656,-0.624459,9.25248,1605934713297780992.npy
2.35725,-4.46747,8.43311,1605934713399783168.npy
-2.04022,2.68981,9.14995,1605934713501785344.npy
4.24598,-2.95828,8.37275,1605934713603787520.npy
-4.13199,-0.414393,8.89617,1605934713705789696.npy
4.88934,4.17546,7.40617,1605934713807791872.npy
-4.31807,-3.03425,8.20939,1605934713909794048.npy
0.255338,3.30182,9.26607,1605934714011796224.npy
2.79607,-4.10129,8.41195,1605934714113798400.npy
4.06237,-2.10308,8.63153,1605934714215800576.npy
2.95249,-2.23211,8.99724,1605934714317802752.npy
0.279602,4.82174,8.61528,1605934714419804928.npy
0.626597,-2.89363,9.38467,1605934714521807104.npy
3.54648,-4.16786,8.11773,1605934714623809280.npy
-4.10777,-3.53741,8.18734,1605934714725811456.npy
