-1.708020806312561,0.08462927490472794,9.653075218200684,20201027_173934_depth_0.npy
-2.5522539615631104,-3.0388734340667725,8.958280563354492,20201027_173934_depth_1.npy
-1.1717487573623657,-4.275484561920166,8.963680267333984,20201027_173934_depth_2.npy
2.326076030731201,-4.169765949249268,8.609575271606445,20201027_173934_depth_3.npy
2.4624826908111572,1.5664640665054321,9.289344787597656,20201027_173934_depth_4.npy
-1.3831840753555298,2.8845624923706055,9.184701919555664,20201027_173934_depth_5.npy
-3.430400848388672,0.4315149486064911,9.12294864654541,20201027_173934_depth_6.npy
-1.8725199699401855,-2.8381552696228027,9.158408164978027,20201027_173934_depth_7.npy
1.379459261894226,-4.743074417114258,8.36990737915039,20201027_173934_depth_8.npy
0.6441009044647217,4.333235740661621,8.72394847869873,20201027_173934_depth_9.npy
-3.278427839279175,4.220984935760498,8.276078224182129,20201027_173934_depth_10.npy
3.574023723602295,0.399137943983078,9.069912910461426,20201027_173934_depth_11.npy
3.700230598449707,-5.97249174118042,6.928814888000488,20201027_173934_depth_12.npy
-0.7994466423988342,-6.0312042236328125,7.231362819671631,20201027_173934_depth_13.npy
-3.8456361293792725,-4.04632043838501,7.969155788421631,20201027_173934_depth_14.npy
-1.7959028482437134,-2.4526331424713135,9.290501594543457,20201027_173934_depth_15.npy
-1.3687770366668701,2.8414435386657715,9.30166244506836,20201027_173934_depth_16.npy
-1.2866994142532349,-0.48000556230545044,9.77377700805664,20201027_173934_depth_17.npy
-0.6151911616325378,-3.3236212730407715,9.162900924682617,20201027_173934_depth_18.npy
-3.2045981884002686,3.8081719875335693,8.278877258300781,20201027_173934_depth_19.npy
-4.567861080169678,1.3292326927185059,8.622137069702148,20201027_173934_depth_20.npy
-5.094753265380859,-2.6663875579833984,8.068395614624023,20201027_173934_depth_21.npy
-2.2503130435943604,-2.6790733337402344,9.123522758483887,20201027_173934_depth_22.npy
-2.6223561763763428,-1.5497864484786987,9.263989448547363,20201027_173934_depth_23.npy
-0.023865435272455215,-0.9477459192276001,9.46494197845459,20201027_173934_depth_24.npy
-0.2024894654750824,-3.7955024242401123,8.99948787689209,20201027_173934_depth_25.npy
0.3958601951599121,4.242918014526367,8.744282722473145,20201027_173934_depth_26.npy
3.0093278884887695,3.4368178844451904,8.683737754821777,20201027_173934_depth_27.npy
3.6395163536071777,-0.052300333976745605,8.986084938049316,20201027_173934_depth_28.npy
2.649587869644165,-3.5938925743103027,8.677021026611328,20201027_173934_depth_29.npy
-3.5137627124786377,3.4121713638305664,8.483171463012695,20201027_173934_depth_30.npy
-3.120211362838745,1.2758193016052246,9.168132781982422,20201027_173934_depth_31.npy
-1.9508229494094849,0.25249022245407104,9.559779167175293,20201027_173934_depth_32.npy
-0.7413097620010376,0.40201666951179504,9.829876899719238,20201027_173934_depth_33.npy
0.2856486439704895,-0.6687493324279785,9.601640701293945,20201027_173934_depth_34.npy
-0.38348057866096497,-4.677322864532471,8.599464416503906,20201027_173934_depth_35.npy
-0.13507665693759918,-2.4447708129882812,9.422901153564453,20201027_173934_depth_36.npy
0.12397491186857224,3.3181354999542236,9.234025001525879,20201027_173934_depth_37.npy
-0.3705102801322937,0.5807262659072876,9.772716522216797,20201027_173934_depth_38.npy
2.574882984161377,-0.1372915506362915,9.472803115844727,20201027_173934_depth_39.npy
3.141754150390625,-1.6546263694763184,9.118021965026855,20201027_173934_depth_40.npy
4.0358405113220215,2.669210433959961,8.534872055053711,20201027_173934_depth_41.npy
2.3805885314941406,-4.064245700836182,8.630934715270996,20201027_173934_depth_42.npy
1.956601858139038,-1.734381914138794,9.485467910766602,20201027_173934_depth_43.npy
-1.1824283599853516,-3.851840019226074,8.747016906738281,20201027_173934_depth_44.npy
2.007068395614624,-4.4273505210876465,8.645349502563477,20201027_173934_depth_45.npy
3.5029213428497314,2.0713579654693604,8.819572448730469,20201027_173934_depth_46.npy
0.6065946817398071,3.11365008354187,9.282259941101074,20201027_173934_depth_47.npy
0.16437116265296936,1.8095364570617676,9.64210033416748,20201027_173934_depth_48.npy
-3.186091899871826,1.8474581241607666,9.0873384475708,20201027_173934_depth_49.npy
-4.729464054107666,-1.2731263637542725,8.426660537719727,20201027_173934_depth_50.npy
-2.5509278774261475,-4.330440521240234,8.355257987976074,20201027_173934_depth_51.npy
-0.12096130847930908,-0.08782923221588135,10.346606254577637,20201027_173934_depth_52.npy
2.0223898887634277,-3.508443832397461,9.017267227172852,20201027_173934_depth_53.npy
0.5560289621353149,3.546367645263672,9.14936637878418,20201027_173934_depth_54.npy
3.4460201263427734,2.9660942554473877,8.837056159973145,20201027_173934_depth_55.npy
-3.7431068420410156,2.14501953125,8.777064323425293,20201027_173934_depth_56.npy
-2.4275286197662354,-0.25981447100639343,9.513187408447266,20201027_173934_depth_57.npy
-5.122236251831055,-0.08337326347827911,8.336673736572266,20201027_173934_depth_58.npy
-1.392272710800171,-4.190481662750244,8.678698539733887,20201027_173934_depth_59.npy
2.626828193664551,-5.3049445152282715,7.932448387145996,20201027_173934_depth_60.npy
2.278452157974243,-2.735121488571167,9.205628395080566,20201027_173934_depth_61.npy
0.06492619961500168,-0.0008279472240246832,9.850890159606934,20201027_173934_depth_62.npy
-2.7645020484924316,4.688293933868408,8.14769458770752,20201027_173934_depth_63.npy
1.25680673122406,5.233576774597168,8.201323509216309,20201027_173934_depth_64.npy
2.859990119934082,1.5021781921386719,9.318527221679688,20201027_173934_depth_65.npy
3.3769354820251465,-0.5144215226173401,9.217764854431152,20201027_173934_depth_66.npy
3.848411798477173,-2.9071478843688965,8.580272674560547,20201027_173934_depth_67.npy
-4.113762855529785,-3.791574478149414,7.832887172698975,20201027_173934_depth_68.npy
2.00592303276062,4.204442501068115,8.818187713623047,20201027_173934_depth_69.npy
4.146064281463623,3.9489388465881348,7.732175827026367,20201027_173934_depth_70.npy
-2.5751895904541016,4.370640754699707,8.494772911071777,20201027_173934_depth_71.npy
-5.259323596954346,-0.7524810433387756,8.061250686645508,20201027_173934_depth_72.npy
2.234163284301758,-1.5559709072113037,9.513137817382812,20201027_173934_depth_73.npy
1.4116284847259521,-3.8573153018951416,8.86400032043457,20201027_173934_depth_74.npy
0.6170069575309753,3.8316049575805664,9.039647102355957,20201027_173934_depth_75.npy
2.9922914505004883,2.9374501705169678,8.802419662475586,20201027_173934_depth_76.npy
-0.13394254446029663,4.694993495941162,8.66674518585205,20201027_173934_depth_77.npy
4.3433380126953125,3.831937551498413,7.703601360321045,20201027_173934_depth_78.npy
2.5970828533172607,3.4609057903289795,8.838574409484863,20201027_173934_depth_79.npy
-1.1837468147277832,-2.6035008430480957,9.3720703125,20201027_173934_depth_80.npy
0.09645028412342072,2.803194046020508,9.487093925476074,20201027_173934_depth_81.npy
5.106159687042236,0.044151000678539276,8.359990119934082,20201027_173934_depth_82.npy
4.055492401123047,-1.0353199243545532,9.513388633728027,20201027_173934_depth_83.npy
0.6735540628433228,-4.874918460845947,8.533806800842285,20201027_173934_depth_84.npy
4.094576358795166,-0.5235677361488342,8.990473747253418,20201027_173934_depth_85.npy
5.189911365509033,2.2244863510131836,8.065572738647461,20201027_173934_depth_86.npy
3.939039945602417,2.5335419178009033,8.690598487854004,20201027_173934_depth_87.npy
4.377505779266357,2.4381794929504395,8.398823738098145,20201027_173934_depth_88.npy
0.5439502596855164,3.675450325012207,9.201383590698242,20201027_173934_depth_89.npy
1.867310881614685,-5.181393623352051,8.109458923339844,20201027_173934_depth_90.npy
0.19957733154296875,-0.7973707318305969,9.763072967529297,20201027_173934_depth_91.npy
-0.8916417360305786,3.1988885402679443,9.3302640914917,20201027_173934_depth_92.npy
-1.0941532850265503,1.92007315158844,9.470641136169434,20201027_173934_depth_93.npy
-0.628294825553894,4.417524337768555,8.868488311767578,20201027_173934_depth_94.npy
-0.800691545009613,-5.339031219482422,8.264226913452148,20201027_173934_depth_95.npy
3.6037416458129883,-5.615185737609863,7.074278831481934,20201027_173934_depth_96.npy
-4.971619129180908,0.5525255799293518,8.538586616516113,20201027_173934_depth_97.npy
-0.882286548614502,3.5286307334899902,8.800312042236328,20201027_173934_depth_98.npy
-3.726569652557373,-0.5452197194099426,9.19700813293457,20201027_173934_depth_99.npy
2.8101139068603516,3.24202036857605,8.932644844055176,20201027_173934_depth_100.npy
4.003513336181641,-3.5336945056915283,8.211502075195312,20201027_173934_depth_101.npy
0.5733138918876648,-5.005619525909424,8.414963722229004,20201027_173934_depth_102.npy
-0.21756400167942047,3.3305163383483887,9.252107620239258,20201027_173934_depth_103.npy
2.5040345191955566,4.560288906097412,8.36148452758789,20201027_173934_depth_104.npy
3.1130809783935547,4.595792770385742,8.130851745605469,20201027_173934_depth_105.npy
4.0289154052734375,-4.206702709197998,7.9712653160095215,20201027_173934_depth_106.npy
-3.3448598384857178,-2.720179319381714,8.80297565460205,20201027_173934_depth_107.npy
-1.0242825746536255,-5.189944267272949,8.410201072692871,20201027_173934_depth_108.npy
-0.8116499781608582,-5.832429885864258,7.8184356689453125,20201027_173934_depth_109.npy
0.9700415730476379,-4.321930885314941,8.50485897064209,20201027_173934_depth_110.npy
4.355068683624268,-4.810401916503906,7.441227912902832,20201027_173934_depth_111.npy
2.9854390621185303,1.4920568466186523,9.158470153808594,20201027_173934_depth_112.npy
-2.608365297317505,3.606045722961426,8.694974899291992,20201027_173934_depth_113.npy
-4.044477462768555,1.4719511270523071,8.865335464477539,20201027_173934_depth_114.npy
-1.7146306037902832,-3.4430813789367676,8.987796783447266,20201027_173934_depth_115.npy
2.9859671592712402,3.7361092567443848,8.618595123291016,20201027_173934_depth_116.npy
4.632401466369629,2.675809144973755,8.4254150390625,20201027_173934_depth_117.npy
5.809776306152344,-3.5176191329956055,6.961672782897949,20201027_173934_depth_118.npy
-3.3805012702941895,-0.43912726640701294,9.204934120178223,20201027_173934_depth_119.npy
-1.7418484687805176,-5.052284240722656,8.080425262451172,20201027_173934_depth_120.npy
2.6680221557617188,-6.409646511077881,7.251623153686523,20201027_173934_depth_121.npy
2.564047336578369,-4.48184061050415,8.398347854614258,20201027_173934_depth_122.npy
3.7574191093444824,-5.646358489990234,7.238936424255371,20201027_173934_depth_123.npy
2.345304012298584,4.790854454040527,8.164194107055664,20201027_173934_depth_124.npy
-2.6930501461029053,5.258665561676025,7.834047794342041,20201027_173934_depth_125.npy
-3.752397060394287,-4.014631748199463,8.129745483398438,20201027_173934_depth_126.npy
2.3076424598693848,-4.743681907653809,8.250051498413086,20201027_173934_depth_127.npy
4.575343608856201,-3.8509790897369385,7.737303733825684,20201027_173934_depth_128.npy
-5.168993949890137,-1.980341911315918,8.060529708862305,20201027_173934_depth_129.npy
-2.854320526123047,5.620091438293457,7.403198719024658,20201027_173934_depth_130.npy
1.2215969562530518,0.6097896099090576,9.69788932800293,20201027_173934_depth_131.npy
1.6470571756362915,-0.006883692461997271,9.8768310546875,20201027_173934_depth_132.npy
2.8510570526123047,-4.617599964141846,8.227614402770996,20201027_173934_depth_133.npy
5.292745113372803,-4.594649314880371,6.791375637054443,20201027_173934_depth_134.npy
-3.5920538902282715,-3.871317148208618,8.205671310424805,20201027_173934_depth_135.npy
-3.454089641571045,3.362427234649658,8.517826080322266,20201027_173934_depth_136.npy
0.08868972212076187,5.510617256164551,8.217482566833496,20201027_173934_depth_137.npy
2.5107481479644775,3.372645854949951,8.779584884643555,20201027_173934_depth_138.npy
-0.7296209931373596,-0.052138231694698334,9.718317031860352,20201027_173934_depth_139.npy
2.255756139755249,-3.4736361503601074,8.877287864685059,20201027_173934_depth_140.npy
4.906130313873291,-4.182465553283691,7.355851173400879,20201027_173934_depth_141.npy
-4.599813461303711,-0.8697544932365417,8.68716812133789,20201027_173934_depth_142.npy
-1.3734395503997803,5.239961624145508,7.860665798187256,20201027_173934_depth_143.npy
3.836211681365967,4.614789009094238,7.687657356262207,20201027_173934_depth_144.npy
4.191470146179199,0.2532407343387604,8.987041473388672,20201027_173934_depth_145.npy
-4.311202526092529,1.0431689023971558,8.677155494689941,20201027_173934_depth_146.npy
-2.832993268966675,-4.136523246765137,8.468133926391602,20201027_173934_depth_147.npy
2.530656099319458,-5.991715431213379,7.198644638061523,20201027_173934_depth_148.npy
5.690847873687744,-5.291073799133301,6.046067237854004,20201027_173934_depth_149.npy
2.0661282539367676,-5.846287727355957,7.527492046356201,20201027_173934_depth_150.npy
5.039124011993408,-5.586976051330566,6.501856327056885,20201027_173934_depth_151.npy
-3.0470147132873535,-5.153716564178467,7.505706787109375,20201027_173934_depth_152.npy
-3.546755313873291,3.923621654510498,8.130924224853516,20201027_173934_depth_153.npy
-0.44238966703414917,2.949746608734131,9.336008071899414,20201027_173934_depth_154.npy
3.2424018383026123,2.1687304973602295,8.97705364227295,20201027_173934_depth_155.npy
-4.525442600250244,0.99000084400177,8.603954315185547,20201027_173934_depth_156.npy
-1.584566354751587,4.244687557220459,8.690346717834473,20201027_173934_depth_157.npy
2.8327577114105225,4.934210777282715,8.147984504699707,20201027_173934_depth_158.npy
3.9411003589630127,-0.04371558129787445,8.840378761291504,20201027_173934_depth_159.npy
3.9046361446380615,-4.364768981933594,7.829957485198975,20201027_173934_depth_160.npy
2.1826977729797363,3.57485032081604,8.75155258178711,20201027_173934_depth_161.npy
4.562570571899414,3.0304739475250244,8.045991897583008,20201027_173934_depth_162.npy
3.9308018684387207,-1.162061333656311,8.831177711486816,20201027_173934_depth_163.npy
3.1997833251953125,-2.4489262104034424,8.91525650024414,20201027_173934_depth_164.npy
3.1865711212158203,-4.490758895874023,7.955013751983643,20201027_173934_depth_165.npy
-1.7609857320785522,-6.717578887939453,6.796594619750977,20201027_173934_depth_166.npy
2.9637532234191895,-1.6451865434646606,9.206451416015625,20201027_173934_depth_167.npy
-5.5945234298706055,1.1000213623046875,7.86975622177124,20201027_173934_depth_168.npy
-2.5321741104125977,3.2240829467773438,8.852492332458496,20201027_173934_depth_169.npy
0.8764024972915649,4.35482931137085,8.615376472473145,20201027_173934_depth_170.npy
-3.6304514408111572,2.848365545272827,8.569403648376465,20201027_173934_depth_171.npy
3.5684173107147217,-3.2681493759155273,8.4994478225708,20201027_173934_depth_172.npy
3.639648914337158,2.338466167449951,8.887231826782227,20201027_173934_depth_173.npy
0.7185438871383667,-0.6400433778762817,9.757047653198242,20201027_173934_depth_174.npy
1.6502476930618286,-0.616858720779419,9.5528564453125,20201027_173934_depth_175.npy
0.5808151960372925,3.7167348861694336,9.025582313537598,20201027_173934_depth_176.npy
-3.491071939468384,3.1689810752868652,8.747549057006836,20201027_173934_depth_177.npy
-4.296332359313965,-0.005622007884085178,8.78317642211914,20201027_173934_depth_178.npy
-2.760971784591675,-5.018301963806152,7.839293956756592,20201027_173934_depth_179.npy
3.916590929031372,-5.723448276519775,6.979209899902344,20201027_173934_depth_180.npy
2.2698347568511963,-0.6654053330421448,10.071292877197266,20201027_173934_depth_181.npy
0.5217212438583374,3.5322558879852295,9.13045597076416,20201027_173934_depth_182.npy
3.528902053833008,3.400804042816162,8.433568954467773,20201027_173934_depth_183.npy
4.457441806793213,-1.545520305633545,8.74023723602295,20201027_173934_depth_184.npy
5.129486560821533,-5.692484378814697,6.5735273361206055,20201027_173934_depth_185.npy
4.171956539154053,-5.24537467956543,6.989090919494629,20201027_173934_depth_186.npy
0.6132178902626038,-5.728331089019775,7.848999500274658,20201027_173934_depth_187.npy
-3.386596202850342,-4.189966678619385,8.092495918273926,20201027_173934_depth_188.npy
-4.671398162841797,1.7749009132385254,8.43937873840332,20201027_173934_depth_189.npy
0.6765073537826538,-1.3067822456359863,9.510658264160156,20201027_173934_depth_190.npy
4.752418518066406,0.7494246959686279,8.605103492736816,20201027_173934_depth_191.npy
0.40333279967308044,2.913949728012085,9.326087951660156,20201027_173934_depth_192.npy
-3.6032378673553467,3.8099606037139893,8.168718338012695,20201027_173934_depth_193.npy
-2.850482702255249,4.955887794494629,7.960139751434326,20201027_173934_depth_194.npy
-5.4765849113464355,0.9293276071548462,7.951997756958008,20201027_173934_depth_195.npy
-2.7696075439453125,-5.8317413330078125,7.233807563781738,20201027_173934_depth_196.npy
1.9046664237976074,-4.47514533996582,8.445608139038086,20201027_173934_depth_197.npy
0.4272643029689789,-1.3105345964431763,9.507223129272461,20201027_173934_depth_198.npy
4.6340508460998535,-3.6338844299316406,7.965078353881836,20201027_173934_depth_199.npy
0.7174258232116699,-5.323540210723877,8.2423095703125,20201027_173934_depth_200.npy
-2.7866597175598145,-4.141331195831299,8.271081924438477,20201027_173934_depth_201.npy
3.289077043533325,0.34807199239730835,9.288928985595703,20201027_173934_depth_202.npy
-1.2387442588806152,-0.7329778075218201,9.81499195098877,20201027_173934_depth_203.npy
5.074410915374756,-3.4797801971435547,7.706549167633057,20201027_173934_depth_204.npy
3.982577085494995,-1.068161964416504,8.79338550567627,20201027_173934_depth_205.npy
2.5464894771575928,1.4564225673675537,9.350545883178711,20201027_173934_depth_206.npy
-2.329545021057129,1.160845398902893,9.417858123779297,20201027_173934_depth_207.npy
2.4967405796051025,-3.631582736968994,8.83837604522705,20201027_173934_depth_208.npy
2.6027417182922363,-5.615815162658691,7.775669574737549,20201027_173934_depth_209.npy
5.839430332183838,-5.4124226570129395,5.835749626159668,20201027_173934_depth_210.npy
3.5584137439727783,-4.385719299316406,8.069881439208984,20201027_173934_depth_211.npy
2.7037668228149414,2.398393392562866,9.081575393676758,20201027_173934_depth_212.npy
-0.2599762976169586,3.0834310054779053,9.35641860961914,20201027_173934_depth_213.npy
-3.8559250831604004,0.7496104836463928,9.01366901397705,20201027_173934_depth_214.npy
1.4760634899139404,4.557774066925049,8.417333602905273,20201027_173934_depth_215.npy
1.8718520402908325,-1.3675142526626587,9.561275482177734,20201027_173934_depth_216.npy
3.7929394245147705,-4.710745334625244,7.6956400871276855,20201027_173934_depth_217.npy
-0.6716716885566711,-3.7136189937591553,9.066632270812988,20201027_173934_depth_218.npy
-3.776430368423462,1.1450225114822388,8.961417198181152,20201027_173934_depth_219.npy
0.14517253637313843,3.149554491043091,9.204353332519531,20201027_173934_depth_220.npy
3.9391205310821533,4.725781440734863,7.467372894287109,20201027_173934_depth_221.npy
4.513221740722656,5.162957191467285,6.982606887817383,20201027_173934_depth_222.npy
3.7194876670837402,4.883144855499268,7.555851459503174,20201027_173934_depth_223.npy
-0.7833980917930603,4.582576751708984,8.723155975341797,20201027_173934_depth_224.npy
2.7328920364379883,2.835003137588501,9.013631820678711,20201027_173934_depth_225.npy
2.7165937423706055,-3.596531867980957,8.648358345031738,20201027_173934_depth_226.npy
0.49743303656578064,2.430828094482422,9.523591041564941,20201027_173934_depth_227.npy
-2.929273843765259,3.3471391201019287,8.640376091003418,20201027_173934_depth_228.npy
-5.3198652267456055,1.9873522520065308,8.041712760925293,20201027_173934_depth_229.npy
-0.8681909441947937,-3.8659653663635254,8.892114639282227,20201027_173934_depth_230.npy
3.0491950511932373,-5.791877746582031,7.231764316558838,20201027_173934_depth_231.npy
2.9076685905456543,2.3008713722229004,9.188090324401855,20201027_173934_depth_232.npy
2.1938297748565674,-5.525286674499512,8.013461112976074,20201027_173934_depth_233.npy
5.461936950683594,-4.7800798416137695,6.440217018127441,20201027_173934_depth_234.npy
-3.380795955657959,-2.742218494415283,8.778285026550293,20201027_173934_depth_235.npy
3.085646629333496,-4.075613498687744,8.462224960327148,20201027_173934_depth_236.npy
6.426305294036865,-3.5065903663635254,6.617870807647705,20201027_173934_depth_237.npy
-3.3698086738586426,0.5428685545921326,9.175829887390137,20201027_173934_depth_238.npy
-1.50762140750885,4.22995138168335,8.745535850524902,20201027_173934_depth_239.npy
3.8113410472869873,3.1031875610351562,8.334248542785645,20201027_173934_depth_240.npy
4.298758506774902,-0.43886303901672363,8.80324649810791,20201027_173934_depth_241.npy
2.0464468002319336,1.9834895133972168,9.374321937561035,20201027_173934_depth_242.npy
-0.8533403277397156,4.266496181488037,8.661351203918457,20201027_173934_depth_243.npy
-2.9410910606384277,0.8393133282661438,9.330927848815918,20201027_173934_depth_244.npy
-0.22293773293495178,-0.3080231845378876,9.748193740844727,20201027_173934_depth_245.npy
1.1371486186981201,-3.6457877159118652,9.006023406982422,20201027_173934_depth_246.npy
-3.0858232975006104,0.4301619231700897,9.263412475585938,20201027_173934_depth_247.npy
1.807917594909668,-4.5930962562561035,8.419059753417969,20201027_173934_depth_248.npy
4.489880084991455,-5.048773765563965,7.04627799987793,20201027_173934_depth_249.npy
3.451890468597412,-5.7226386070251465,7.154040813446045,20201027_173934_depth_250.npy
-0.9988837242126465,3.776289463043213,9.161149978637695,20201027_173934_depth_251.npy
3.6738951206207275,-4.04481315612793,7.982301712036133,20201027_173934_depth_252.npy
2.158458948135376,2.696310043334961,9.082117080688477,20201027_173934_depth_253.npy
-1.122418761253357,5.1978278160095215,8.31589412689209,20201027_173934_depth_254.npy
-3.9904162883758545,0.4783604145050049,8.993207931518555,20201027_173934_depth_255.npy
-2.2051303386688232,-3.3706717491149902,8.955999374389648,20201027_173934_depth_256.npy
3.6992456912994385,-3.907543897628784,8.02964973449707,20201027_173934_depth_257.npy
0.7370096445083618,-6.531030654907227,7.4060163497924805,20201027_173934_depth_258.npy
0.6449117660522461,-3.7535507678985596,8.942179679870605,20201027_173934_depth_259.npy
3.802171230316162,-3.945941209793091,8.095226287841797,20201027_173934_depth_260.npy
3.430955171585083,2.4344124794006348,8.745227813720703,20201027_173934_depth_261.npy
1.08877694606781,-0.4154176115989685,9.7081880569458,20201027_173934_depth_262.npy
1.1882576942443848,-3.8885347843170166,8.999871253967285,20201027_173934_depth_263.npy
0.9050850868225098,3.591801166534424,9.242347717285156,20201027_173934_depth_264.npy
-2.975299835205078,4.091831684112549,8.2443265914917,20201027_173934_depth_265.npy
-3.366746664047241,-4.0733561515808105,8.286746978759766,20201027_173934_depth_266.npy
-3.724958658218384,0.032240018248558044,9.034585952758789,20201027_173934_depth_267.npy
-2.2877914905548096,4.042177677154541,8.572671890258789,20201027_173934_depth_268.npy
-0.05541606247425079,4.905418395996094,8.621877670288086,20201027_173934_depth_269.npy
2.470351457595825,3.1520540714263916,9.108133316040039,20201027_173934_depth_270.npy
4.411273956298828,-2.4359793663024902,8.50377082824707,20201027_173934_depth_271.npy
3.195645570755005,-2.5703275203704834,8.820425033569336,20201027_173934_depth_272.npy
1.9673291444778442,-4.80592679977417,8.356181144714355,20201027_173934_depth_273.npy
2.322622299194336,-6.418055534362793,7.000063419342041,20201027_173934_depth_274.npy
4.573017120361328,-3.327373504638672,7.8952131271362305,20201027_173934_depth_275.npy
-1.9799762964248657,-6.134459495544434,7.444501876831055,20201027_173934_depth_276.npy
3.974710702896118,-2.4866838455200195,8.637211799621582,20201027_173934_depth_277.npy
2.9696743488311768,-4.783801555633545,8.025425910949707,20201027_173934_depth_278.npy
-1.2018102407455444,3.1019301414489746,9.249743461608887,20201027_173934_depth_279.npy
-4.058708667755127,1.5134214162826538,8.807425498962402,20201027_173934_depth_280.npy
-4.194726943969727,-3.541921854019165,8.142544746398926,20201027_173934_depth_281.npy
3.6922383308410645,-3.5132803916931152,8.384835243225098,20201027_173934_depth_282.npy
3.82270884513855,-1.4409761428833008,9.05374813079834,20201027_173934_depth_283.npy
2.491276979446411,-1.1249076128005981,9.431656837463379,20201027_173934_depth_284.npy
2.912888288497925,-3.5121514797210693,8.45291805267334,20201027_173934_depth_285.npy
1.398679494857788,-4.949254035949707,8.276019096374512,20201027_173934_depth_286.npy
2.0685155391693115,1.6843369007110596,9.376913070678711,20201027_173934_depth_287.npy
-3.0209460258483887,0.4252423942089081,9.2753324508667,20201027_173934_depth_288.npy
3.955512046813965,-4.030858516693115,7.947149276733398,20201027_173934_depth_289.npy
-1.896073818206787,-5.519751071929932,7.823981285095215,20201027_173934_depth_290.npy
4.928995609283447,-5.045659065246582,6.8013997077941895,20201027_173934_depth_291.npy
0.3694468140602112,-0.34093499183654785,9.770051956176758,20201027_173934_depth_292.npy
0.8868412971496582,5.02612829208374,8.290362358093262,20201027_173934_depth_293.npy
3.9418787956237793,4.405418872833252,8.077215194702148,20201027_173934_depth_294.npy
-4.1412882804870605,3.234834671020508,8.399348258972168,20201027_173934_depth_295.npy
-1.2571660280227661,1.4500843286514282,9.611414909362793,20201027_173934_depth_296.npy
2.3081774711608887,-3.5209403038024902,8.787605285644531,20201027_173934_depth_297.npy
4.9919915199279785,-3.273616075515747,7.760782718658447,20201027_173934_depth_298.npy
-2.216280698776245,-3.5199437141418457,8.867774963378906,20201027_173934_depth_299.npy
-2.546766519546509,3.4632816314697266,8.88064956665039,20201027_173934_depth_300.npy
3.8597915172576904,3.8508846759796143,8.101598739624023,20201027_173934_depth_301.npy
5.259618759155273,-0.5299787521362305,8.287943840026855,20201027_173934_depth_302.npy
-5.396093845367432,0.9575576782226562,8.111706733703613,20201027_173934_depth_303.npy
3.1926252841949463,-1.459456443786621,8.604876518249512,20201027_173934_depth_304.npy
4.2802934646606445,-4.143555164337158,7.72855281829834,20201027_173934_depth_305.npy
0.9665777683258057,-6.161803245544434,7.640263557434082,20201027_173934_depth_306.npy
-2.9977152347564697,-4.150919437408447,8.421936988830566,20201027_173934_depth_307.npy
4.265147686004639,-2.911573648452759,8.339491844177246,20201027_173934_depth_308.npy
1.1432828903198242,-1.4641525745391846,9.65429401397705,20201027_173934_depth_309.npy
-4.329586982727051,0.7130957245826721,8.798697471618652,20201027_173934_depth_310.npy
-1.294119954109192,-2.8174872398376465,9.214714050292969,20201027_173934_depth_311.npy
3.1053895950317383,-4.542571544647217,8.079458236694336,20201027_173934_depth_312.npy
2.6634504795074463,2.950099229812622,8.953742027282715,20201027_173934_depth_313.npy
-1.210715413093567,5.779444217681885,7.900174617767334,20201027_173934_depth_314.npy
-3.9431798458099365,1.5660570859909058,8.916476249694824,20201027_173934_depth_315.npy
-3.251032829284668,5.567686080932617,7.635732650756836,20201027_173934_depth_316.npy
-5.506223678588867,1.3253953456878662,7.937851428985596,20201027_173934_depth_317.npy
-2.5498416423797607,3.9903528690338135,8.633984565734863,20201027_173934_depth_318.npy
0.15197649598121643,-3.9500575065612793,8.926054954528809,20201027_173934_depth_319.npy
-4.6162285804748535,0.2660364806652069,8.64687442779541,20201027_173934_depth_320.npy
2.6484813690185547,-5.030651569366455,8.142744064331055,20201027_173934_depth_321.npy
2.794909715652466,2.591552495956421,9.109859466552734,20201027_173934_depth_322.npy
4.20287561416626,-0.0712791159749031,8.983342170715332,20201027_173934_depth_323.npy
1.848960518836975,0.0011166884796693921,9.570276260375977,20201027_173934_depth_324.npy
-4.5604047775268555,1.1826648712158203,8.534997940063477,20201027_173934_depth_325.npy
3.0023131370544434,-1.1271789073944092,9.1978759765625,20201029_153405_depth_0.npy
-3.2624285221099854,-0.6220840811729431,9.175726890563965,20201029_153405_depth_1.npy
-1.6429716348648071,-3.5411200523376465,8.947479248046875,20201029_153405_depth_2.npy
-2.952976942062378,1.60640287399292,9.22050952911377,20201029_153405_depth_3.npy
3.2105348110198975,-4.05875301361084,8.23520278930664,20201029_153405_depth_4.npy
2.4402661323547363,2.440927028656006,9.141105651855469,20201029_153405_depth_5.npy
-0.7987080216407776,-0.6613790392875671,9.692839622497559,20201029_153405_depth_6.npy
-1.4573850631713867,-4.761654376983643,8.429180145263672,20201029_153405_depth_7.npy
-2.0214245319366455,3.4510717391967773,8.9711275100708,20201029_153405_depth_8.npy
2.43843674659729,2.808992862701416,9.04261302947998,20201029_153405_depth_9.npy
4.027623176574707,-3.587718963623047,8.119707107543945,20201029_153405_depth_10.npy
-3.2436397075653076,-3.974515199661255,8.230030059814453,20201029_153405_depth_11.npy
-1.4485512971878052,2.068138360977173,9.448724746704102,20201029_153405_depth_12.npy
-3.669715642929077,-0.22422254085540771,9.01516342163086,20201029_153405_depth_13.npy
-1.5140736103057861,-0.741496741771698,9.68982982635498,20201029_153405_depth_14.npy
0.8230401277542114,-0.8195951581001282,9.739325523376465,20201029_153405_depth_15.npy
2.6413521766662598,-4.104471206665039,8.490503311157227,20201029_153405_depth_16.npy
-3.273242712020874,-3.830448865890503,8.344507217407227,20201029_153405_depth_17.npy
-3.4838457107543945,0.2807462513446808,9.13387393951416,20201029_153405_depth_18.npy
-2.6073899269104004,3.286762237548828,8.823439598083496,20201029_153405_depth_19.npy
-0.9912604689598083,0.09372712671756744,9.728066444396973,20201029_153405_depth_20.npy
0.6179240942001343,-4.065976142883301,8.858180046081543,20201029_153405_depth_21.npy
-3.467344045639038,-3.655858278274536,8.386112213134766,20201029_153405_depth_22.npy
-1.6119906902313232,4.211637496948242,8.678011894226074,20201029_153405_depth_23.npy
2.235407829284668,1.8368542194366455,9.302999496459961,20201029_153405_depth_24.npy
3.4499783515930176,-3.5434410572052,8.367501258850098,20201029_153405_depth_25.npy
-0.24563486874103546,-0.3292224407196045,9.798836708068848,20201029_153405_depth_26.npy
-3.670302391052246,0.31818678975105286,9.080480575561523,20201029_153405_depth_27.npy
1.8431593179702759,-3.8115415573120117,8.82275390625,20201029_153405_depth_28.npy
-3.251460075378418,-4.550771236419678,8.008048057556152,20201029_153405_depth_29.npy
2.98158860206604,-0.21719138324260712,9.300368309020996,20201029_153405_depth_30.npy
-0.019984278827905655,-0.2502609193325043,9.742812156677246,20201029_153405_depth_31.npy
0.8443616628646851,0.2913020849227905,9.627686500549316,20201029_153405_depth_32.npy
2.187429428100586,-5.202523231506348,7.808125019073486,20201029_153405_depth_33.npy
-4.345385551452637,0.43711549043655396,8.840933799743652,20201029_153405_depth_34.npy
-4.264605522155762,-4.070573806762695,7.628701686859131,20201029_153405_depth_35.npy
-4.2839789390563965,3.2382466793060303,8.222018241882324,20201029_153405_depth_36.npy
1.569473147392273,2.3092408180236816,9.38837718963623,20201029_153405_depth_37.npy
3.617672920227051,-0.23115861415863037,9.19687557220459,20201029_153405_depth_38.npy
4.852643966674805,-4.59329891204834,7.223452568054199,20201029_153405_depth_39.npy
0.38107821345329285,-0.773942232131958,9.75147819519043,20201029_153405_depth_40.npy
0.310435026884079,-1.9795082807540894,9.614161491394043,20201029_153405_depth_41.npy
1.692213535308838,-4.566812992095947,8.522831916809082,20201029_153405_depth_42.npy
-4.465386390686035,-3.3038008213043213,8.004915237426758,20201029_153405_depth_43.npy
-3.084498882293701,3.996523857116699,8.391822814941406,20201029_153405_depth_44.npy
1.5921066999435425,3.0091774463653564,9.101743698120117,20201029_153405_depth_45.npy
3.9417483806610107,-0.8768765330314636,9.072306632995605,20201029_153405_depth_46.npy
1.113534688949585,-5.511000156402588,8.006552696228027,20201029_153405_depth_47.npy
-1.39632248878479,3.4570586681365967,9.134225845336914,20201029_153405_depth_48.npy
-1.5877095460891724,-0.5062697529792786,9.680716514587402,20201029_153405_depth_49.npy
-1.2740343809127808,3.1969380378723145,9.263033866882324,20201029_153405_depth_50.npy
2.092578172683716,3.013261079788208,9.049938201904297,20201029_153405_depth_51.npy
-0.5983875393867493,-3.319096565246582,9.194629669189453,20201029_153405_depth_52.npy
0.4855632185935974,-0.7814708948135376,10.063990592956543,20201029_153405_depth_53.npy
-1.948259949684143,0.053118497133255005,9.454299926757812,20201029_153405_depth_54.npy
-3.9861011505126953,0.7294541001319885,8.912152290344238,20201029_153405_depth_55.npy
0.6508321762084961,-4.480679988861084,8.782748222351074,20201029_153405_depth_56.npy
-0.12497492134571075,3.1751182079315186,9.265730857849121,20201029_153405_depth_57.npy
-4.168468475341797,1.9383432865142822,8.53620719909668,20201029_153405_depth_58.npy
-1.937916874885559,0.49661290645599365,9.56975269317627,20201029_153405_depth_59.npy
3.971475839614868,-2.4939143657684326,8.603020668029785,20201029_153405_depth_60.npy
-0.6390535831451416,2.3975167274475098,9.442218780517578,20201029_153405_depth_61.npy
2.465031385421753,-2.2739131450653076,9.178747177124023,20201029_153405_depth_62.npy
-2.1526763439178467,-0.08109503239393234,9.536186218261719,20201029_153405_depth_63.npy
1.671678066253662,5.723505973815918,7.903142929077148,20201029_153405_depth_64.npy
-3.3522849082946777,5.700770378112793,7.049081325531006,20201029_153405_depth_65.npy
-4.359941005706787,0.5045086741447449,8.733415603637695,20201029_153405_depth_66.npy
0.8102092742919922,3.7014591693878174,9.050400733947754,20201029_153405_depth_67.npy
2.9520976543426514,5.598567962646484,7.309399604797363,20201029_153405_depth_68.npy
0.5502883195877075,-2.9642534255981445,9.399542808532715,20201029_153405_depth_69.npy
-0.047635361552238464,-1.8188384771347046,9.569232940673828,20201029_153405_depth_70.npy
-1.3522859811782837,-3.962634563446045,8.764104843139648,20201029_153405_depth_71.npy
1.3726228475570679,2.6921098232269287,9.353707313537598,20201029_153405_depth_72.npy
-0.05285065993666649,2.3179123401641846,9.53333568572998,20201029_153405_depth_73.npy
-1.1774348020553589,-0.015856189653277397,9.688714981079102,20201029_153405_depth_74.npy
3.6827757358551025,-3.3966689109802246,8.568512916564941,20201029_153405_depth_75.npy
0.1708790510892868,4.970954418182373,8.43649959564209,20201029_153405_depth_76.npy
-3.001917839050293,4.725366115570068,7.965989589691162,20201029_153405_depth_77.npy
-3.8254969120025635,0.1351223737001419,9.027271270751953,20201029_153405_depth_78.npy
2.1904873847961426,-4.6013898849487305,8.332972526550293,20201029_153405_depth_79.npy
-4.050518989562988,-2.4717535972595215,8.516249656677246,20201029_153405_depth_80.npy
4.069032669067383,-4.909701824188232,7.4989333152771,20201029_153405_depth_81.npy
3.7207870483398438,-4.527305603027344,7.72380256652832,20201029_153405_depth_82.npy
-3.914472818374634,-4.2574782371521,7.789295196533203,20201029_153405_depth_83.npy
-3.243189573287964,-5.383545398712158,7.492086410522461,20201029_153405_depth_84.npy
-1.976905345916748,-2.8069143295288086,9.224665641784668,20201029_153405_depth_85.npy
-0.7752945423126221,3.4207117557525635,9.209627151489258,20201029_153405_depth_86.npy
1.9145464897155762,3.611416816711426,8.79366683959961,20201029_153405_depth_87.npy
3.034921169281006,-1.575211763381958,9.155197143554688,20201029_153405_depth_88.npy
4.678032398223877,-4.710544109344482,7.296109199523926,20201029_153405_depth_89.npy
-2.4414780139923096,3.97387957572937,8.636353492736816,20201029_153405_depth_90.npy
-4.115082263946533,0.1958950161933899,8.844593048095703,20201029_153405_depth_91.npy
0.2626643776893616,-0.3020019829273224,9.975508689880371,20201029_153405_depth_92.npy
-3.963545799255371,4.114145278930664,7.882761001586914,20201029_153405_depth_93.npy
3.4823992252349854,4.8725481033325195,7.727149963378906,20201029_153405_depth_94.npy
3.143070936203003,1.6164720058441162,9.140432357788086,20201029_153405_depth_95.npy
-1.0181207656860352,0.20994743704795837,9.419670104980469,20201029_153405_depth_96.npy
-1.4658077955245972,-2.417632818222046,9.383206367492676,20201029_153405_depth_97.npy
3.1213741302490234,-0.14426574110984802,8.792155265808105,20201029_153405_depth_98.npy
2.3306140899658203,-4.47037935256958,8.466951370239258,20201029_153405_depth_99.npy
-3.1672286987304688,-3.1774494647979736,8.642918586730957,20201029_153405_depth_100.npy
-1.776340365409851,3.1493616104125977,9.06941032409668,20201029_153405_depth_101.npy
1.953273057937622,0.10367476940155029,9.589405059814453,20201029_153405_depth_102.npy
-1.2182002067565918,-0.5157890319824219,9.726491928100586,20201029_153405_depth_103.npy
0.9532043933868408,-4.075450420379639,8.87022590637207,20201029_153405_depth_104.npy
-0.8472371697425842,3.4588634967803955,9.092138290405273,20201029_153405_depth_105.npy
-0.7858967185020447,4.111783027648926,8.850007057189941,20201029_153405_depth_106.npy
-3.510399580001831,0.12589076161384583,9.112998008728027,20201029_153405_depth_107.npy
1.7196094989776611,-0.7300733923912048,9.63648509979248,20201029_153405_depth_108.npy
3.528317451477051,-3.2486815452575684,8.568671226501465,20201029_153405_depth_109.npy
-2.619631052017212,-3.921271562576294,8.586579322814941,20201029_153405_depth_110.npy
-1.9529087543487549,-0.10264507681131363,9.604950904846191,20201029_153405_depth_111.npy
-1.4853509664535522,-3.1805455684661865,9.149432182312012,20201029_153405_depth_112.npy
-0.9188589453697205,-4.0829291343688965,8.836694717407227,20201029_153405_depth_113.npy
-4.0646562576293945,-0.54079270362854,8.906277656555176,20201029_153405_depth_114.npy
-3.1620078086853027,-4.373910427093506,8.139453887939453,20201029_153405_depth_115.npy
3.455132246017456,-3.4250617027282715,8.501518249511719,20201029_153405_depth_116.npy
0.9006302952766418,-0.8527688980102539,9.673494338989258,20201029_153405_depth_117.npy
1.1401020288467407,-4.411906719207764,8.715876579284668,20201029_153405_depth_118.npy
4.215188503265381,-5.875382423400879,6.700184345245361,20201029_153405_depth_119.npy
-3.9506893157958984,-4.2851457595825195,7.791356563568115,20201029_153405_depth_120.npy
1.3399208784103394,4.416173934936523,8.680267333984375,20201029_153405_depth_121.npy
4.531126499176025,4.219073295593262,7.637889862060547,20201029_153405_depth_122.npy
-1.4910480976104736,-0.5938204526901245,9.642789840698242,20201029_153405_depth_123.npy
-1.0478301048278809,-4.205204010009766,8.713399887084961,20201029_153405_depth_124.npy
3.0891151428222656,-4.14188289642334,8.359479904174805,20201029_153405_depth_125.npy
-3.69492769241333,-3.5617644786834717,8.34768295288086,20201029_153405_depth_126.npy
-3.2198879718780518,0.7229859828948975,9.335454940795898,20201029_153405_depth_127.npy
-3.4916367530822754,4.4863810539245605,7.906424045562744,20201029_153405_depth_128.npy
1.7960084676742554,3.644029378890991,8.698173522949219,20201029_153405_depth_129.npy
3.7533767223358154,-3.42110276222229,8.436054229736328,20201029_153405_depth_130.npy
2.319615364074707,4.218418598175049,8.468291282653809,20201029_153405_depth_131.npy
1.6242417097091675,-1.0258870124816895,9.595283508300781,20201029_153405_depth_132.npy
0.5977644324302673,-0.6384810209274292,9.653456687927246,20201029_153405_depth_133.npy
1.9688777923583984,-3.2200052738189697,9.072819709777832,20201029_153405_depth_134.npy
0.5172805190086365,-0.955051839351654,9.775508880615234,20201029_153405_depth_135.npy
-0.7364773750305176,4.388047218322754,8.67529296875,20201029_153405_depth_136.npy
-3.8182199001312256,3.9457972049713135,8.08824348449707,20201029_153405_depth_137.npy
-5.00931978225708,0.3589506149291992,8.378520011901855,20201029_153405_depth_138.npy
3.4155380725860596,-1.9798808097839355,8.882105827331543,20201029_153405_depth_139.npy
2.818124294281006,2.5306506156921387,8.941007614135742,20201029_153405_depth_140.npy
-3.2088067531585693,1.758847951889038,9.07447624206543,20201029_153405_depth_141.npy
1.5667203664779663,0.5106834173202515,9.652566909790039,20201029_153405_depth_142.npy
1.6005862951278687,-4.483924388885498,8.480278968811035,20201029_153405_depth_143.npy
0.0889962688088417,-2.60123872756958,9.435178756713867,20201029_153405_depth_144.npy
-5.7120490074157715,1.0727853775024414,7.77116584777832,20201029_153405_depth_145.npy
-2.116586446762085,-0.4443795382976532,9.502237319946289,20201029_153405_depth_146.npy
1.0770506858825684,-1.0854426622390747,9.614152908325195,20201029_153405_depth_147.npy
3.8520593643188477,-5.270205974578857,7.287093162536621,20201029_153405_depth_148.npy
2.8140313625335693,2.2989065647125244,9.16324520111084,20201029_153405_depth_149.npy
0.36260437965393066,-1.1527539491653442,9.717884063720703,20201029_153405_depth_150.npy
0.3273504078388214,-5.270419120788574,8.239557266235352,20201029_153405_depth_151.npy
4.209939479827881,-0.9360024929046631,8.784449577331543,20201029_153405_depth_152.npy
2.0849032402038574,-5.98652982711792,7.466459274291992,20201029_153405_depth_153.npy
-0.30830463767051697,4.011963367462158,8.925711631774902,20201029_153405_depth_154.npy
3.0682780742645264,2.3480067253112793,8.965883255004883,20201029_153405_depth_155.npy
4.18953275680542,-0.7756415009498596,8.843019485473633,20201029_153405_depth_156.npy
-0.816180944442749,-0.5147205591201782,9.809021949768066,20201029_153405_depth_157.npy
-5.38088846206665,0.8282219767570496,8.069695472717285,20201029_153405_depth_158.npy
-1.80288827419281,-4.326056480407715,8.61123275756836,20201029_153405_depth_159.npy
-2.032822847366333,2.2192542552948,9.259964942932129,20201029_153405_depth_160.npy
4.742652893066406,-0.5619813799858093,8.59379768371582,20201029_153405_depth_161.npy
0.7864025235176086,3.6828489303588867,9.019279479980469,20201029_153405_depth_162.npy
0.9858818054199219,4.713454723358154,8.52205753326416,20201029_153405_depth_163.npy
1.1989192962646484,3.2867538928985596,9.149517059326172,20201029_153405_depth_164.npy
-1.9531886577606201,-1.7572160959243774,9.412181854248047,20201029_153405_depth_165.npy
2.838212251663208,-3.9999001026153564,8.50374698638916,20201029_153405_depth_166.npy
0.7305364608764648,-1.9552875757217407,9.64061450958252,20201029_153405_depth_167.npy
-0.4941112697124481,-1.870796799659729,9.593550682067871,20201029_153405_depth_168.npy
-1.4704703092575073,-0.2209310382604599,9.702786445617676,20201029_153405_depth_169.npy
1.5475279092788696,2.021239995956421,9.449623107910156,20201029_153405_depth_170.npy
-2.7964224815368652,2.312495470046997,9.0960054397583,20201029_153405_depth_171.npy
4.6811299324035645,3.1594791412353516,7.988389015197754,20201029_153405_depth_172.npy
4.46791934967041,-5.226580619812012,7.031497955322266,20201029_153405_depth_173.npy
0.0707680732011795,-4.467742919921875,8.759413719177246,20201029_153405_depth_174.npy
-3.626453399658203,0.5241950154304504,9.058439254760742,20201029_153405_depth_175.npy
-1.0516695976257324,4.554169178009033,8.586721420288086,20201029_153405_depth_176.npy
1.489141583442688,2.842501401901245,9.254709243774414,20201029_153405_depth_177.npy
0.5263574123382568,-5.323281764984131,8.183774948120117,20201029_153405_depth_178.npy
3.5736143589019775,-0.7645399570465088,9.17585563659668,20201029_153405_depth_179.npy
3.710453987121582,-4.509223461151123,7.877432346343994,20201029_153405_depth_180.npy
-2.4561033248901367,2.6220974922180176,9.099945068359375,20201029_153405_depth_181.npy
-0.8712944388389587,0.2773100733757019,9.77821159362793,20201029_153405_depth_182.npy
1.249834656715393,-0.3169500529766083,10.18632984161377,20201029_153405_depth_183.npy
-2.206336498260498,0.26262912154197693,9.547049522399902,20201029_153405_depth_184.npy
3.4617369174957275,-2.697781562805176,8.783008575439453,20201029_153405_depth_185.npy
-0.5054658055305481,-5.308811187744141,8.312256813049316,20201029_153405_depth_186.npy
-0.3168672025203705,-0.4167945981025696,9.83769702911377,20201029_153405_depth_187.npy
-0.5016934275627136,5.013412952423096,8.443732261657715,20201029_153405_depth_188.npy
-2.833686113357544,4.30618953704834,8.340537071228027,20201029_153405_depth_189.npy
1.7187542915344238,2.1097989082336426,9.378952026367188,20201029_153405_depth_190.npy
-1.5311732292175293,4.324796676635742,8.679851531982422,20201029_153405_depth_191.npy
-1.1559966802597046,1.2439817190170288,9.6639986038208,20201029_153405_depth_192.npy
-1.5124800205230713,-2.308262586593628,9.387214660644531,20201029_153405_depth_193.npy
3.864004373550415,-2.9755969047546387,8.558438301086426,20201029_153405_depth_194.npy
-3.3499646186828613,-0.19854067265987396,9.256282806396484,20201029_153405_depth_195.npy
-3.02773118019104,2.9895787239074707,8.858208656311035,20201029_153405_depth_196.npy
-3.28566837310791,-4.001110076904297,8.381875991821289,20201029_153405_depth_197.npy
0.8449584245681763,1.2743293046951294,9.696195602416992,20201029_153405_depth_198.npy
2.4358584880828857,-0.1201057955622673,9.437148094177246,20201029_153405_depth_199.npy
0.5459624528884888,3.823498249053955,9.098272323608398,20201029_153405_depth_200.npy
-3.1233298778533936,3.7086551189422607,8.491474151611328,20201029_153405_depth_201.npy
-4.738256931304932,-0.13024820387363434,8.51484203338623,20201029_153405_depth_202.npy
-2.504481077194214,-2.702467679977417,9.094426155090332,20201029_153405_depth_203.npy
3.8084685802459717,-1.98577880859375,8.990070343017578,20201029_153405_depth_204.npy
4.6891632080078125,0.10255827754735947,8.793172836303711,20201029_153405_depth_205.npy
3.0678646564483643,4.273096084594727,8.250960350036621,20201029_153405_depth_206.npy
0.24535615742206573,1.8786108493804932,9.64588451385498,20201029_153405_depth_207.npy
-0.31441840529441833,-0.6402471661567688,9.778653144836426,20201029_153405_depth_208.npy
-0.39280369877815247,-0.39495790004730225,9.964229583740234,20201029_153405_depth_209.npy
-1.5919772386550903,2.7188773155212402,9.258901596069336,20201029_153405_depth_210.npy
4.3484625816345215,-4.2808966636657715,7.664623737335205,20201029_153405_depth_211.npy
-2.5692965984344482,-2.7568154335021973,9.065017700195312,20201029_153405_depth_212.npy
-2.766110420227051,-0.4162989556789398,9.368488311767578,20201029_153405_depth_213.npy
-1.3323339223861694,1.860653042793274,9.530416488647461,20201029_153405_depth_214.npy
1.1648499965667725,-0.4731006920337677,9.699953079223633,20201029_153405_depth_215.npy
-1.4275702238082886,-0.9438201785087585,9.664986610412598,20201029_153405_depth_216.npy
-0.9936174154281616,-2.629222869873047,9.310708045959473,20201029_163542_depth_0.npy
-0.5151625275611877,-0.753080427646637,9.82825756072998,20201029_163542_depth_1.npy
2.1399290561676025,-2.481220006942749,9.206153869628906,20201029_163542_depth_2.npy
-1.1703758239746094,1.8478995561599731,9.564955711364746,20201029_163542_depth_3.npy
-3.9977476596832275,1.055053472518921,8.814311027526855,20201029_163542_depth_4.npy
-1.477021336555481,3.894331693649292,8.894993782043457,20201029_163542_depth_5.npy
-1.606451153755188,-3.508113384246826,8.967962265014648,20201029_163542_depth_6.npy
2.4834673404693604,-3.5965163707733154,8.794137001037598,20201029_163542_depth_7.npy
2.7976701259613037,-1.0207723379135132,9.319563865661621,20201029_163542_depth_8.npy
-0.9816671013832092,-0.4114701747894287,9.790160179138184,20201029_163542_depth_9.npy
-1.2250468730926514,3.717226982116699,9.051103591918945,20201029_163542_depth_10.npy
-2.871577024459839,-3.919684886932373,8.45324993133545,20201029_163542_depth_11.npy
2.7149248123168945,2.1084532737731934,9.255168914794922,20201029_163542_depth_12.npy
1.2861449718475342,-0.6789005994796753,9.665482521057129,20201029_163542_depth_13.npy
2.73962664604187,-5.1432318687438965,8.000640869140625,20201029_163542_depth_14.npy
-0.5233137011528015,-2.220022439956665,9.485217094421387,20201029_163542_depth_15.npy
-0.5796824097633362,2.0495259761810303,9.515896797180176,20201029_163542_depth_16.npy
0.723471462726593,0.0254293791949749,9.799400329589844,20201029_163542_depth_17.npy
1.0679004192352295,-2.310816764831543,9.465518951416016,20201029_163542_depth_18.npy
-0.02429717406630516,-5.739556789398193,7.940542697906494,20201029_163542_depth_19.npy
-0.32283756136894226,-3.045853853225708,9.383607864379883,20201029_163542_depth_20.npy
0.14178359508514404,4.634210586547852,8.750185012817383,20201029_163542_depth_21.npy
3.037574291229248,2.376542329788208,9.081572532653809,20201029_163542_depth_22.npy
-0.19909699261188507,3.3142354488372803,9.292587280273438,20201029_163542_depth_23.npy
-3.1825497150421143,0.15972869098186493,9.204411506652832,20201029_163542_depth_24.npy
-0.9412593841552734,-0.6126939058303833,9.663275718688965,20201029_163542_depth_25.npy
0.5879814028739929,-4.991583824157715,8.496047973632812,20201029_163542_depth_26.npy
-0.10011220723390579,3.1551294326782227,9.322269439697266,20201029_163542_depth_27.npy
1.4816349744796753,-0.8346465229988098,9.645170211791992,20201029_163542_depth_28.npy
-1.6081753969192505,-0.2909885048866272,9.66580581665039,20201029_163542_depth_29.npy
2.779496908187866,-4.504889488220215,8.306334495544434,20201029_163542_depth_30.npy
-1.3432021141052246,3.772552967071533,8.89901351928711,20201029_163542_depth_31.npy
-1.2445197105407715,-0.852714478969574,9.517156600952148,20201029_163542_depth_32.npy
-5.434393405914307,-2.541602611541748,7.670922756195068,20201029_163542_depth_33.npy
1.835293173789978,-1.6232357025146484,9.534663200378418,20201029_163542_depth_34.npy
-0.23639290034770966,4.756742477416992,8.556231498718262,20201029_163542_depth_35.npy
-4.292415142059326,4.373175144195557,7.5045905113220215,20201029_163542_depth_36.npy
-4.6904096603393555,-3.927375078201294,7.639049053192139,20201029_163542_depth_37.npy
2.492871046066284,2.094120740890503,9.285472869873047,20201029_163542_depth_38.npy
2.1822969913482666,-3.677408456802368,8.777209281921387,20201029_163542_depth_39.npy
-2.8789567947387695,-1.9024995565414429,9.100996017456055,20201029_163542_depth_40.npy
-0.9648151397705078,-0.8417273759841919,9.777262687683105,20201029_163542_depth_41.npy
2.3078908920288086,-1.5481230020523071,9.372923851013184,20201029_163542_depth_42.npy
3.0169012546539307,-4.500068187713623,8.082863807678223,20201029_163542_depth_43.npy
1.9712003469467163,-0.005530552007257938,9.66517448425293,20201029_163542_depth_44.npy
2.8843679428100586,-3.5679843425750732,8.603754997253418,20201029_163542_depth_45.npy
4.554241180419922,-2.416884422302246,8.301039695739746,20201029_163542_depth_46.npy
0.9095636010169983,-1.2688170671463013,9.789299964904785,20201029_163542_depth_47.npy
-5.097938060760498,0.27188169956207275,8.364001274108887,20201029_163542_depth_48.npy
0.47210386395454407,-1.740700364112854,9.567632675170898,20201029_163542_depth_49.npy
1.2920918464660645,-3.210866928100586,9.140963554382324,20201029_163542_depth_50.npy
0.3665905296802521,1.2702181339263916,9.722128868103027,20201029_163542_depth_51.npy
3.288240671157837,2.0596182346343994,9.056329727172852,20201029_163542_depth_52.npy
-4.18419075012207,-0.18538594245910645,8.870104789733887,20201029_163542_depth_53.npy
1.1511136293411255,-0.8564237356185913,9.798381805419922,20201029_163542_depth_54.npy
0.974716067314148,-0.5450511574745178,9.485372543334961,20201029_163542_depth_55.npy
0.0355500690639019,-3.7747018337249756,9.078510284423828,20201029_163542_depth_56.npy
-2.6932616233825684,-1.0358459949493408,9.37415599822998,20201029_163542_depth_57.npy
-1.6630688905715942,1.9535928964614868,9.462654113769531,20201029_163542_depth_58.npy
0.8944486975669861,2.845223903656006,9.367903709411621,20201029_163542_depth_59.npy
1.8212401866912842,1.041218876838684,9.617738723754883,20201029_163542_depth_60.npy
3.7075207233428955,-0.9516198039054871,9.032050132751465,20201029_163542_depth_61.npy
3.030606508255005,-4.625710964202881,8.20807933807373,20201029_163542_depth_62.npy
-3.8089394569396973,-2.688336133956909,8.654809951782227,20201029_163542_depth_63.npy
-1.3703054189682007,-0.6189330816268921,9.654919624328613,20201029_163542_depth_64.npy
2.5398964881896973,-2.4993772506713867,9.162613868713379,20201029_163542_depth_65.npy
-0.8803589940071106,-0.16067999601364136,9.77441120147705,20201029_163542_depth_66.npy
-0.6689660549163818,3.59299373626709,9.07357120513916,20201029_163542_depth_67.npy
-4.709675312042236,1.744979977607727,8.392622947692871,20201029_163542_depth_68.npy
-2.194209098815918,-4.110623359680176,8.63769817352295,20201029_163542_depth_69.npy
-1.5351624488830566,4.751955509185791,8.399564743041992,20201029_163542_depth_70.npy
0.623432993888855,1.8584797382354736,9.579663276672363,20201029_163542_depth_71.npy
2.794910192489624,-0.6648368239402771,9.3325777053833,20201029_163542_depth_72.npy
-4.828357696533203,0.5956631898880005,8.383611679077148,20201029_163542_depth_73.npy
-3.45906925201416,-0.0006631907308474183,9.196771621704102,20201029_163542_depth_74.npy
0.4371156096458435,-0.6370455622673035,9.793825149536133,20201029_163542_depth_75.npy
-0.2946135699748993,-5.165196418762207,8.34402847290039,20201029_163542_depth_76.npy
-4.386648654937744,0.9627264738082886,8.64748764038086,20201029_163542_depth_77.npy
-0.7204645276069641,-0.45782598853111267,9.776294708251953,20201029_163542_depth_78.npy
0.1589759886264801,-3.7608251571655273,9.068671226501465,20201029_163542_depth_79.npy
-2.06710147857666,3.5186448097229004,8.876260757446289,20201029_163542_depth_80.npy
0.5734450221061707,-3.8769290447235107,9.069950103759766,20201029_163542_depth_81.npy
0.6828975677490234,2.5729901790618896,9.454938888549805,20201029_163542_depth_82.npy
-2.965332269668579,-0.12460783869028091,9.33723258972168,20201029_163542_depth_83.npy
-5.325177192687988,0.6242027282714844,8.191856384277344,20201029_163542_depth_84.npy
-3.9267830848693848,0.21864694356918335,8.97896957397461,20201029_163542_depth_85.npy
-0.2843768000602722,-0.6049290895462036,9.748462677001953,20201029_163542_depth_86.npy
2.412594795227051,-4.774038314819336,8.254332542419434,20201029_163542_depth_87.npy
-0.32273247838020325,-0.712075412273407,9.778059005737305,20201029_163542_depth_88.npy
0.47469907999038696,-5.0022993087768555,8.485454559326172,20201029_163542_depth_89.npy
-2.1061434745788574,2.752993583679199,9.156414985656738,20201029_163542_depth_90.npy
-4.872409343719482,2.9839694499969482,7.992617607116699,20201029_163542_depth_91.npy
-5.031747341156006,0.4494284689426422,8.26377010345459,20201029_163542_depth_92.npy
0.8211998343467712,-0.6978252530097961,9.74381160736084,20201029_163542_depth_93.npy
-3.5009005069732666,-0.29101037979125977,9.174674987792969,20201029_163542_depth_94.npy
-2.849310874938965,-3.578200578689575,8.643701553344727,20201029_163542_depth_95.npy
-4.746211528778076,-4.1695756912231445,7.533224582672119,20201029_163542_depth_96.npy
0.7661324739456177,1.8200340270996094,9.578662872314453,20201029_163542_depth_97.npy
2.0878753662109375,-2.9102065563201904,9.128697395324707,20201029_163542_depth_98.npy
-0.3380846083164215,-1.6714824438095093,9.620593070983887,20201029_163542_depth_99.npy
-2.002082109451294,3.839515209197998,8.77379035949707,20201029_163542_depth_100.npy
-4.271389007568359,3.5482585430145264,8.150016784667969,20201029_163542_depth_101.npy
-1.2839698791503906,-0.24650005996227264,9.711352348327637,20201029_163542_depth_102.npy
-0.610384464263916,-4.184015274047852,8.828971862792969,20201029_163542_depth_103.npy
-2.138714551925659,3.2603225708007812,9.007513046264648,20201029_163542_depth_104.npy
-4.574585914611816,2.1999950408935547,8.382556915283203,20201029_163542_depth_105.npy
2.693369150161743,-0.4663670063018799,9.388553619384766,20201029_163542_depth_106.npy
3.585181713104248,-5.306400299072266,7.48734188079834,20201029_163542_depth_107.npy
-2.5904314517974854,-2.8351192474365234,9.027305603027344,20201029_163542_depth_108.npy
2.2552621364593506,-1.7893811464309692,9.521894454956055,20201029_163542_depth_109.npy
